ref_id,kind,title,issuer,version,url,used_for,match,status,checked,note,article_terms,excerpt
L01,law,文化資產保存法,文化部,民國115年07月01日修正,https://law.moj.gov.tw/LawClass/LawAll.aspx?pcode=H0170001,母體;文資程序;火災後軌跡,文化資產保存法,verified,2026-09-28,指定、登錄、暫定古蹟、列冊追蹤、廢止與罰則；火災時的身分要依當時條文判斷,火|災|燒|毀|滅失|廢止|暫定古蹟|列冊|追蹤|容積|地價|減免|閒置|拆除|緊急|修復|再利用|重建|所有人|管理維護|罰|私有|防災 !^(?!.*(古蹟|歷史建築|紀念建築|聚落建築群|文化景觀|文化資產)).*(考古遺址|古物|自然地景|自然紀念物|傳統表演藝術|傳統工藝|口述傳統|民俗|傳統知識|水下),第6條：主管機關為審議各類文化資產之指定、登錄、廢止及其他本法規定之重大事項，應組成相關審議會，進行審議。 前項審議會之任務、組織、運作、旁聽、委員之遴聘、任期、迴避及其他相關事項之辦法，由中央主管機關定之。 ／ 第7條：文化資產之調查、保存、定期巡查及管理維護事項，主管機關得委任所屬機關（構），或委託其他機關（構）、文化資產研究相關之民間團體或個人辦理；中央主管機關並得委辦直轄市、縣（市）主管機關辦理。 ／ 第8條：本法所稱公有文化資產，指國家、地方自治團體及其他公法人、公營事業所有之文化資產。 公有文化資產，由所有人或管理機關（構）編列預算，辦理保存、修復及管理維護。主管機關於必要時，得予以補助。 前項補助辦法，由中央主管機關定之。 中央主管機關應寬列預算，專款辦理原住民族文化資產之調查、採集、整理、研究、推廣、保存、維護、傳習及其他本法規定之相關事項。 ／ 第9條：主管機關應尊重文化資產所有人之權益，並提供其專業諮詢。 前項文化資產所有人對於其財產被主管機關認定為文化資產之行政處分不服時，得依法提起訴願及行政訴訟。 ／ 第10條：公有及接受政府補助之文化資產，其調查研究、發掘、維護、修復、再利用、傳習、記錄等工作所繪製之圖說、攝影照片、蒐集之標本或印製之報告等相關資料，均應予以列冊，並送主管機關妥為收藏且定期管理維護。 前項資料，除涉及國家安全、文化資產之安全或其他法規另有規定外，主管機關應主動以網路或其他方式公開，如有必要應移撥相關機關保存展示，其辦法由中央主管機關定之。 ／ 第13條：原住民族文化資產所涉以下事項，其處理辦法由中央主管機關會同中央原住民族主管機關定之： 一、調查、研究、指定、登錄、廢止、變更、管理、維護、修復、再利用及其他本法規定之事項。 二、具原住民族文化特性及差異性，但無法依第三條規定類別辦理者之保存事項。 ／ 第14條：主管機關應定期普查或接受個人、團體提報具古蹟、歷史建築、紀念建築及聚落建築群價值者之內容及範圍，並依法定程序審查後，列冊追蹤。 依前項由個人、團體提報者，主管機關應於六個月內辦理審議。 經第一項列冊追蹤者，主管機關得依第十七條至第十九條所定審查程序辦理。 ／ 第16條：主管機關應建立古蹟、歷史建築、紀念建築及聚落建築群之調查、研究、保存、維護、修復及再利用之完整個案資料。 ／ 第17條：古蹟依其主管機關區分為國定、直轄市定、縣（市）定三類，由各級主管機關審查指定後，辦理公告。直轄市定、縣（市）定者，並應報中央主管機關備查。 建造物所有人得向主管機關申請指定古蹟，主管機關應依法定程序審查之。 中央主管機關得就前二項，或接受各級主管機關、個人、團體提報、建造物所有人申請已指定之直轄市定、縣（市）定古蹟，審查指定為國定古蹟後，辦理公告。 古蹟滅失、減損或增加其價值時，主管機關得廢止其指定或變更其類別，並辦理公告。直轄市定、縣（市）定者，應報中央主管機關核定。 古蹟指定基準、廢止條件、申請與審查程序、輔助及其他應遵行事項之辦法，由中央主管機關定之。 ／ 第18條：歷史建築、紀念建築由直轄市、縣（市）主管機關審查登錄後，辦理公告，並報中央主管機關備查。 建造物所有人得向直轄市、縣（市）主管機關申請登錄歷史建築、紀念建築，主管機關應依法定程序審查之。 對已登錄之歷史建築、紀念建築，中央主管機關得予以輔助。 歷史建築、紀念建築滅失、減損或增加其價值時，主管機關得廢止其登錄或變更其類別，並辦理公告。 歷史建築、紀念建築登錄基準、廢止條件、申請與審查程序、輔助及其他應遵行事項之辦法，由中央主管機關定之。 ／ 第19條：聚落建築群由直轄市、縣（市）主管機關審查登錄後，辦理公告，並報中央主管機關備查。 所在地居民或團體得向直轄市、縣（市）主管機關申請登錄聚落建築群，主管機關受理該項申請，應依法定程序審查之。 中央主管機關得就前二項，或接受各級主管機關、個人、團體提報、所在地居民或團體申請已登錄之聚落建築群，審查登錄為重要聚落建築群後，辦理公告。 前三項登錄基準、審查、廢止條件與程序、輔助及其他應遵行事項之辦法，由中央主管機關定之。 ／ 第20條：進入第十七條至第十九條所稱之審議程序者，為暫定古蹟。 未進入前項審議程序前，遇有緊急情況時，主管機關得逕列為暫定古蹟，並通知所有人、使用人或管理人。 暫定古蹟於審議期間內視同古蹟，應予以管理維護；其審議期間以六個月為限；必要時得延長一次。主管機關應於期限內完成審議，期滿失其暫定古蹟之效力。 建造物經列為暫定古蹟，致權利人之財產受有損失者，主管機關應給與合理補償；其補償金額以協議定之。 第二項暫定古蹟之條件及應踐行程序之辦法，由中央主管機關定之。 ／ 第21條：古蹟、歷史建築、紀念建築及聚落建築群由所有人、使用人或管理人管理維護。所在地直轄市、縣（市）主管機關應提供專業諮詢，於必要時得輔助之。 公有之古蹟、歷史建築、紀念建築及聚落建築群必要時得委由其所屬機關（構）或其他機關（構）、登記有案之團體或個人管理維護。 公有之古蹟、歷史建築、紀念建築、聚落建築群及其所定著之土地，除政府機關（構）使用者外，得由主管機關辦理無償撥用。 公有之古蹟、歷史建築、紀念建築及聚落建築群之管理機關，得優先與擁有該定著空間、建造物相關歷史、事件、人物相關文物之公、私法人相互無償、平等簽約合作，以該公有空間、建造物辦理與其相關歷史、事件、人物之保存、教育、展覽、經營管理等相關紀念事業。 ／ 第22條：公有之古蹟、歷史建築、紀念建築及聚落建築群管理維護所衍生之收益，其全部或一部得由各管理機關（構）作為其管理維護費用，不受國有財產法第七條、國營事業管理法第十三條及其相關法規之限制。 ／ 第23條：古蹟之管理維護，指下列事項： 一、日常保養及定期維修。 二、使用或再利用經營管理。 三、防盜、防災、保險。 四、緊急應變計畫之擬定。 五、其他管理維護事項。 古蹟於指定後，所有人、使用人或管理人應擬定管理維護計畫，並報主管機關備查。 古蹟所有人、使用人或管理人擬定管理維護計畫有困難時，主管機關應主動協助擬定。 第一項管理維護辦法，由中央主管機關定之。 ／ 第24條：古蹟應保存原有形貌及工法，如因故毀損，而主要構造與建材仍存在者，應基於文化資產價值優先保存之原則，依照原有形貌修復，並得依其性質，由所有人、使用人或管理人提出計畫，經主管機關核准後，採取適當之修復或再利用方式。所在地直轄市、縣（市）主管機關於必要時得輔助之。 前項修復計畫，必要時得採用現代科技與工法，以增加其抗震、防災、防潮、防蛀等機能及存續年限。 第一項再利用計畫，得視需要在不變更古蹟原有形貌原則下，增加必要設施。 因重要歷史事件或人物所指定之古蹟，其使用或再利用應維持或彰顯原指定之理由與價值。 古蹟辦理整體性修復及再利用過程中，應分階段舉辦說明會、公聽會，相關資訊應公開，並應通知當地居民參與。 古蹟修復及再利用辦理事項、方式、程序、相關人員資格及其他應遵行事項之辦法，由中央主管機關定之。 ／ 第25條：聚落建築群應保存原有建築式樣、風格或景觀，如因故毀損，而主要紋理及建築構造仍存在者，應基於文化資產價值優先保存之原則，依照原式樣、風格修復，並得依其性質，由所在地之居民或團體提出計畫，經主管機關核准後，採取適當之修復或再利用方式。所在地直轄市、縣（市）主管機關於必要時得輔助之。 聚落建築群修復及再利用辦理事項、方式、程序、相關人員資格及其他應遵行事項之辦法，由中央主管機關定之。 ／ 第26條：為利古蹟、歷史建築、紀念建築及聚落建築群之修復及再利用，有關其建築管理、土地使用及消防安全等事項，不受區域計畫法、都市計畫法、國家公園法、建築法、消防法及其相關法規全部或一部之限制；其審核程序、查驗標準、限制項目、應備條件及其他應遵行事項之辦法，由中央主管機關會同內政部定之。 ／ 第27條：因重大災害有辦理古蹟緊急修復之必要者，其所有人、使用人或管理人應於災後三十日內提報搶修計畫，並於災後六個月內提出修復計畫，均於主管機關核准後為之。 私有古蹟之所有人、使用人或管理人，提出前項計畫有困難時，主管機關應主動協助擬定搶修或修復計畫。 前二項規定，於歷史建築、紀念建築及聚落建築群之所有人、使用人或管理人同意時，準用之。 古蹟、歷史建築、紀念建築及聚落建築群重大災害應變處理辦法，由中央主管機關定之。 ／ 第28條：古蹟、歷史建築或紀念建築經主管機關審查認因管理不當致有滅失或減損價值之虞者，主管機關得通知所有人、使用人或管理人限期改善，屆期未改善者，主管機關得逕為管理維護、修復，並徵收代履行所需費用，或強制徵收古蹟、歷史建築或紀念建築及其所定著土地。 ／ 第29條：政府機關、公立學校及公營事業辦理古蹟、歷史建築、紀念建築及聚落建築群之修復或再利用，其採購方式、種類、程序、範圍、相關人員資格及其他應遵行事項之辦法，由中央主管機關定之，不受政府採購法限制。但不得違反我國締結之條約及協定。 ／ 第30條：私有之古蹟、歷史建築、紀念建築及聚落建築群之管理維護、修復及再利用所需經費，主管機關於必要時得補助之。 歷史建築、紀念建築之保存、修復、再利用及管理維護等，準用第二十三條及第二十四條規定。 ／ 第31條：公有及接受政府補助之私有古蹟、歷史建築、紀念建築及聚落建築群，應適度開放大眾參觀。 依前項規定開放參觀之古蹟、歷史建築、紀念建築及聚落建築群，得酌收費用；其費額，由所有人、使用人或管理人擬訂，報經主管機關核定。公有者，並應依規費法相關規定程序辦理。 ／ 第32條：古蹟、歷史建築或紀念建築及其所定著土地所有權移轉前，應事先通知主管機關；其屬私有者，除繼承者外，主管機關有依同樣條件優先購買之權。 ／ 第36條：古蹟不得遷移或拆除。但因國防安全、重大公共安全或國家重大建設，由中央目的事業主管機關提出保護計畫，經中央主管機關召開審議會審議並核定者，不在此限。 ／ 第37條：為維護古蹟並保全其環境景觀，主管機關應會同有關機關訂定古蹟保存計畫，據以公告實施。 古蹟保存計畫公告實施後，依計畫內容應修正或變更之區域計畫、都市計畫或國家公園計畫，相關主管機關應按各計畫所定期限辦理變更作業。 主管機關於擬定古蹟保存計畫過程中，應分階段舉辦說明會、公聽會及公開展覽，並應通知當地居民參與。 第一項古蹟保存計畫之項目、內容、訂定程序、公告、變更、撤銷、廢止及其他應遵行事項之辦法，由中央主管機關會商有關機關定之。 ／ 第39條：主管機關得就第三十七條古蹟保存計畫內容，依區域計畫法、都市計畫法或國家公園法等有關規定，編定、劃定或變更為古蹟保存用地或保存區、其他使用用地或分區，並依本法相關規定予以保存維護。 前項古蹟保存用地或保存區、其他使用用地或分區，對於開發行為、土地使用，基地面積或基地內應保留空地之比率、容積率、基地內前後側院之深度、寬度、建築物之形貌、高度、色彩及有關交通、景觀等事項，得依實際情況為必要規定及採取必要之獎勵措施。 前二項規定於歷史建築、紀念建築準用之。 中央主管機關於擬定經行政院核定之國定古蹟保存計畫，如影響當地居民權益，主管機關除得依法辦理徵收外，其協議價購不受土地徵收條例第十一條第四項之限制。 ／ 第41條：古蹟、歷史建築、紀念建築所定著之土地、保存用地或保存區、其他使用用地或分區內土地，除以政府機關為管理機關者外，因古蹟、歷史建築、紀念建築之指定或登錄、保存用地、保存區、其他使用用地或分區之編定、劃定或變更，致其原依法可建築之基準容積受到限制部分，得等值移轉至其他地方建築使用或享有其他獎勵措施。 前項所稱其他地方，指同一都市土地主要計畫地區或區域計畫地區之同一直轄市、縣（市）內之地區。但經內政部都市計畫委員會審議通過後，得移轉至同一直轄市、縣（市）之其他主要計畫地區。 第一項之容積一經移轉，其古蹟、歷史建築及紀念建築之指定、登錄，或保存用地、保存區、其他使用用地或分區之管制，不得任意廢止。 經土地所有人依第一項提出容積移轉申請時，主管機關應協調相關單位完成其容積移轉之計算，並以書面通知所有權人或管理人。 第一項容積移轉之換算公式、移轉方式、作業方法、辦理程序及其他應遵行事項之辦法，由內政部會商中央主管機關定之；其他獎勵措施之內容、方式及其他相關事項之辦法，由中央主管機關定之。 ／ 第42條：依第三十九條及第四十條規定劃設之古蹟、歷史建築或紀念建築保存用地或保存區、其他使用用地或分區及特定專用區內，關於下列事項之申請，應經目的事業主管機關核准： 一、建築物與其他工作物之新建、增建、改建、修繕、遷移、拆除或其他外形及色彩之變更。 二、宅地之形成、土地之開墾、道路之整修、拓寬及其他土地形狀之變更。 三、竹木採伐及土石之採取。 四、廣告物之設置。 目的事業主管機關為審查前項之申請，應會同主管機關為之。 ／ 第60條：直轄市、縣（市）主管機關應定期普查或接受個人、團體提報具史蹟、文化景觀價值之內容及範圍，並依法定程序審查後，列冊追蹤。 依前項由個人、團體提報者，主管機關應於六個月內辦理審議。 經第一項列冊追蹤者，主管機關得依第六十一條所定審查程序辦理。 ／ 第61條：史蹟、文化景觀由直轄市、縣（市）主管機關審查登錄後，辦理公告，並報中央主管機關備查。 中央主管機關得就前項，或接受各級主管機關、個人、團體提報已登錄之史蹟、文化景觀，審查登錄為重要史蹟、重要文化景觀後，辦理公告。 史蹟、文化景觀滅失或其價值減損，主管機關得廢止其登錄或變更其類別，並辦理公告。 史蹟、文化景觀登錄基準、保存重要性、廢止條件、審查程序及其他應遵行事項之辦法，由中央主管機關定之。 進入史蹟、文化景觀審議程序者，為暫定史蹟、暫定文化景觀，準用第二十條規定。 ／ 第62條：史蹟、文化景觀之保存及管理原則，由主管機關召開審議會依個案性質決定，並得依其特性及實際發展需要，作必要調整。 主管機關應依前項原則，訂定史蹟、文化景觀之保存維護計畫，進行監管保護，並輔導史蹟、文化景觀所有人、使用人或管理人配合辦理。 前項公有史蹟、文化景觀管理維護所衍生之收益，準用第二十二條規定辦理。 ／ 第70條：有關機關依法沒收、沒入或收受外國交付、捐贈之文物，應列冊送交主管機關指定之公立文物保管機關（構）保管之。 ／ 第74條：具歷史、藝術或科學價值之百年以上之文物，因展覽、研究或修復等原因運入，須再運出，或運出須再運入，應事先向主管機關提出申請。 前項申請程序、辦理保險、移運、保管、運入、運出期限及其他應遵行事項之辦法，由中央主管機關定之。 ／ 第89條：直轄市、縣（市）主管機關應定期普查或接受個人、團體提報具保存價值之無形文化資產項目、內容及範圍，並依法定程序審查後，列冊追蹤。 經前項列冊追蹤者，主管機關得依第九十一條所定審查程序辦理。 ／ 第91條：傳統表演藝術、傳統工藝、口述傳統、民俗及傳統知識與實踐由直轄市、縣（市）主管機關審查登錄，辦理公告，並應報中央主管機關備查。 中央主管機關得就前項，或接受個人、團體提報已登錄之無形文化資產，審查登錄為重要傳統表演藝術、重要傳統工藝、重要口述傳統、重要民俗、重要傳統知識與實踐後，辦理公告。 依前二項規定登錄之無形文化資產項目，主管機關應認定其保存者，賦予其編號、頒授登錄證書，並得視需要協助保存者進行保存維護工作。 各類無形文化資產滅失或減損其價值時，主管機關得廢止其登錄或變更其類別，並辦理公告。直轄市、縣（市）登錄者，應報中央主管機關核定。 ／ 第93條：保存者因死亡、變更、解散或其他特殊理由而無法執行前條之無形文化資產保存維護計畫，主管機關得廢止該保存者之認定。直轄市、縣（市）廢止者，應報中央主管機關備查。 中央主管機關得就聲譽卓著之無形文化資產保存者頒授證書，並獎助辦理其無形文化資產之記錄、保存、活化、實踐及推廣等工作。 各類無形文化資產之登錄、保存者之認定基準、變更、廢止條件、審查程序、編號、授予證書、輔助及其他應遵行事項之辦法，由中央主管機關定之。 ／ 第95條：主管機關應普查或接受個人、團體提報文化資產保存技術及其保存者，依法定程序審查後，列冊追蹤，並建立基礎資料。 前項所稱文化資產保存技術，指進行文化資產保存及修復工作不可或缺，且必須加以保護需要之傳統技術；其保存者，指保存技術之擁有、精通且能正確體現者。 主管機關應對文化資產保存技術保存者，賦予編號、授予證書及獎勵補助。 ／ 第96條：直轄市、縣（市）主管機關得就已列冊之文化資產保存技術，擇其必要且需保護者，審查登錄為文化資產保存技術，辦理公告，並報中央主管機關備查。 中央主管機關得就前條已列冊或前項已登錄之文化資產保存技術中，擇其急需加以保護者，審查登錄為重要文化資產保存技術，並辦理公告。 前二項登錄文化資產保存技術，應認定其保存者。 文化資產保存技術無需再加以保護時，或其保存者因死亡、喪失行為能力或變更等情事，主管機關得廢止或變更其登錄或認定，並辦理公告。直轄市、縣（市）廢止或變更者，應報中央主管機關備查。 前四項登錄及認定基準、審查、廢止條件與程序、變更及其他應遵行事項之辦法，由中央主管機關定之。 ／ 第98條：有下列情形之一者，主管機關得給予獎勵或補助： 一、捐獻私有古蹟、歷史建築、紀念建築、考古遺址或其所定著之土地、自然地景、自然紀念物予政府。 二、捐獻私有國寶、重要古物予政府。 三、發見第三十三條之建造物、第五十七條之疑似考古遺址、第七十六條之具古物價值之無主物或第八十八條第一項之具自然地景價值之區域或自然紀念物，並即通報主管機關處理。 四、維護或傳習文化資產具有績效。 五、對闡揚文化資產保存有顯著貢獻。 六、主動將私有古物申請指定，並經中央主管機關依第六十八條規定審查指定為國寶、重要古物。 前項獎勵或補助辦法，由文化部、農業部及海委會分別定之。 ／ 第99條：古蹟、考古遺址、歷史建築、紀念建築及其所定著之土地，免徵房屋稅及地價稅。 聚落建築群、史蹟、文化景觀及其所定著之土地，得在百分之五十範圍內減徵房屋稅及地價稅；其減免範圍、標準及程序之法規，由直轄市、縣（市）主管機關訂定，報財政部備查。 ／ 第100條：私有古蹟、歷史建築、紀念建築、考古遺址及其所定著之土地，因繼承而移轉者，免徵遺產稅。 本法公布生效前發生之古蹟、歷史建築、紀念建築或考古遺址繼承，於本法公布生效後，尚未核課或尚未核課確定者，適用前項規定。 ／ 第101條：出資贊助辦理古蹟、歷史建築、紀念建築、古蹟保存區內建築物、考古遺址、聚落建築群、史蹟、文化景觀、古物之修復、再利用或管理維護者，其捐贈或贊助款項，得依所得稅法第十七條第一項第二款第二目及第三十六條第一款規定，列舉扣除或列為當年度費用，不受金額之限制。 前項贊助費用，應交付主管機關、國家文化藝術基金會、直轄市或縣（市）文化基金會，會同有關機關辦理前項修復、再利用或管理維護事項。該項贊助經費，經贊助者指定其用途，不得移作他用。 ／ 第102條：自然人、法人、團體或機構承租，並出資修復公有古蹟、歷史建築、紀念建築、古蹟保存區內建築物、考古遺址、聚落建築群、史蹟、文化景觀者，得減免租金；其減免金額，以主管機關依其管理維護情形定期檢討核定，其相關辦法由中央主管機關定之。 ／ 第103條：有下列行為之一者，處六個月以上五年以下有期徒刑，得併科新臺幣五十萬元以上二千萬元以下罰金： 一、違反第三十六條規定遷移或拆除古蹟。 二、毀損古蹟、暫定古蹟之全部、一部或其附屬設施。 三、毀損考古遺址之全部、一部或其遺物、遺跡。 四、毀損或竊取國寶、重要古物及一般古物。 五、違反第七十三條規定，將國寶、重要古物運出國外，或經核准出國之國寶、重要古物，未依限運回。 六、違反第八十五條規定，採摘、砍伐、挖掘或以其他方式破壞自然紀念物或其生態環境。 七、違反第八十六條第一項規定，改變或破壞自然保留區之自然狀態。 前項之未遂犯，罰之。 ／ 第105條：法人之代表人、法人或自然人之代理人、受僱人或其他從業人員，因執行職務犯第一百零三條之罪者，除依該條規定處罰其行為人外，對該法人或自然人亦科以同條所定之罰金。 ／ 第106條：有下列情事之一者，處新臺幣三十萬元以上二百萬元以下罰鍰： 一、古蹟之所有人、使用人或管理人，對古蹟之修復或再利用，違反第二十四條規定，未依主管機關核定之計畫為之。 二、古蹟之所有人、使用人或管理人，對古蹟之緊急修復，未依第二十七條規定期限內提出修復計畫或未依主管機關核定之計畫為之。 三、古蹟、自然地景、自然紀念物之所有人、使用人或管理人經主管機關依第二十八條、第八十三條規定通知限期改善，屆期仍未改善。 四、營建工程或其他開發行為，違反第三十四條第一項、第五十七條第二項、第七十七條或第八十八條第二項規定者。 五、發掘考古遺址、列冊考古遺址或疑似考古遺址，違反第五十一條、第五十二條或第五十九條規定。 六、再複製公有古物，違反第七十一條第一項規定，未經原保管機關（構）核准者。 七、毀損歷史建築、紀念建築之全部、一部或其附屬設施。 有前項第一款、第二款及第四款至第六款情形之一，經主管機關限期通知改正而不改正，或未依改正事項改正者，得按次分別處罰，至改正為止；情況急迫時，主管機關得代為必要處置，並向行為人徵收代履行費用；第四款情形，並得勒令停工，通知自來水、電力事業等配合斷絕自來水、電力或其他能源。 有第一項各款情形之一，其產權屬公有者，主管機關並應公布該管理機關名稱及將相關人員移請權責機關懲處或懲戒。 有第一項第七款情形者，準用第一百零四條規定辦理。 ／ 第107條：有下列情事之一者，處新臺幣十萬元以上一百萬元以下罰鍰： 一、移轉私有古蹟及其定著之土地、考古遺址定著土地、國寶、重要古物之所有權，未依第三十二條、第五十五條、第七十五條規定，事先通知主管機關。 二、發見第三十三條第一項之建造物、第五十七條第一項之疑似考古遺址、第七十六條之具古物價值之無主物，未通報主管機關處理。 ／ 第108條：有下列情事之一者，處新臺幣三萬元以上十五萬元以下罰鍰： 一、違反第八十六條第二項規定，未經主管機關許可，任意進入自然保留區。 二、違反第八十八條第一項規定，未通報主管機關處理。
L02,law,文化資產保存法沿革,文化部,歷次修正,https://law.moj.gov.tw/LawClass/LawHistory.aspx?pcode=H0170001,母體;文資程序,文化資產保存法,verified,2026-09-28,各案火災當時適用的條文版本（暫定古蹟、列冊追蹤、紀念建築等制度的起始日）,*,沿革10：中華民國一百十五年七月一日總統華總一義字第 11500059311 號令 修正公布第 4、98、112 條條文 ／ 沿革9：中華民國一百十二年十一月二十九日總統華總一義字第 11200103481 號令修正公布第 41、99 條條文 ／ 沿革8：中華民國一百零五年七月二十七日總統華總一義字第 10500082371 號 令修正公布全文 113 條；並自公布日施行 中華民國一百十二年七月二十七日行政院院臺規字第 1125014346 號公 告第 4 條、第 98 條第 1 項、第 2 項、第 112 條所列屬「行政 院農業委員會」之權責事項，自一百十二年八月一日起改由「農業部」 管轄 ／ 沿革7：中華民國一百年十一月九日總統華總一義字第 10000246151 號令修正 公布第 35 條條文；施行日期，由行政院以命令定之 中華民國一百零一年四月二十日行政院院臺文字第 1010020660 號令發 布定自一百零一年五月一日施行 中華民國一百零一年五月十五日行政院院臺規字第 1010131134 號公告 第 4 條第 1 項、第 3 項、第 6 條第 2 項、第 35 條第 1 項 、第 90 條第 2 項、第 103 條所列屬「行政院文化建設委員會」之 權責事項（含中央主管機關之權責事項），自一百零一年五月二十日起 改由「文化部」管轄 ／ 沿革6：中華民國九十四年二月五日總統華總一義字第 09400017801 號令修正 公布全文 104 條；依第 104 條規定：施行日期，由行政院以命令定 之 中華民國九十四年八月一日行政院院臺文字第 0940030668 號令發布第 92 條定自九十四年二月五日施行 中華民國九十四年十月三十一日行政院院臺文字第 0940051650 號令發 布第 1 條至第 91 條、第 93 條至第 103 條定自九十四年十一月一 日施行 ／ 沿革5：中華民國九十一年六月十二日總統華總一義字第 09100120600 號令修 正公布第 16、31、32 條條文 ／ 沿革4：中華民國八十九年二月九日總統（89）華總一義字第 8900031610 號令 修正公布第 3、5、27、28、30、31-1 條條文及第三章章名；並增訂第 27-1、29-1、30-1、30-2、31-2 條條文 ／ 沿革3：中華民國八十六年五月十四日總統（86）華總（一）義字第 860010828 0 號令修正公布第 27、30、35、36 條條文 ／ 沿革2：中華民國八十六年一月二十二日總統（86）華總（一）義字第 8600016 240 號令增訂公布第 31-1、36-1 條條文 ／ 沿革1：中華民國七十一年五月二十六日總統令制定公布全文 61 條；並自公布 日施行 ::: 最新訊息 中央法規 司法解釋 條約協定 兩岸協議 綜合查詢 跨機關檢索 法治宣導專區 智慧查找 法律扶助 創意教案 法律時事漫談 網站使用說明 網站使用手冊 會員服務介紹 網站單元簡介 法規資料檢索範圍 資料更新頻率說明 資訊服務 全國法規連結圖示 全國法規作業要點 法規名稱
L03,law,文化資產保存法施行細則,文化部,民國111年01月28日修正,https://law.moj.gov.tw/LawClass/LawAll.aspx?pcode=H0170004,母體;文資程序,文化資產保存法施行細則,verified,2026-09-28,,火|災|燒|毀|滅失|廢止|暫定古蹟|列冊|追蹤|容積|地價|減免|閒置|拆除|緊急|修復|再利用|重建|所有人|管理維護 !^(?!.*(古蹟|歷史建築|紀念建築|聚落建築群|文化景觀|文化資產)).*(考古遺址|古物|自然地景|自然紀念物|傳統表演藝術|傳統工藝|口述傳統|民俗|傳統知識|水下),第5條：本法第三條第一款第六目所定史蹟，包括以遺構或史料佐證曾發生歷史上重要事件之場所或場域，如古戰場、拓墾（植）場所、災難場所等。 ／ 第14條：主管機關依本法第六條組成文化資產審議會（以下簡稱審議會），應依本法第三條所定文化資產類別，分別審議各類文化資產之指定、登錄、廢止等重大事項。 主管機關將文化資產指定、登錄或文化資產保存技術及保存者登錄、認定之個案交付審議會審議前，應依據文化資產類別、特性組成專案小組，就文化資產之歷史、藝術、科學、自然等價值進行評估，並依評估結果作成報告，內容應包括專案小組成員、個案基本資料說明、相關會議紀錄、文化資產價值評估內容及評估結果等。 文化資產屬古蹟、歷史建築、紀念建築、聚落建築群、考古遺址、史蹟、文化景觀、自然地景及自然紀念物類別者，前項評估應包括未來保存管理維護、指定登錄範圍之影響。 ／ 第15條：本法第十四條第一項、第四十三條第一項、第六十條第一項、第六十五條第二項、第七十九條第一項、第八十九條第一項及第九十五條第一項所定主管機關普查或接受個人、團體提報具文化資產價值或具保護需要之文化資產保存技術及其保存者，主管機關應依法定程序審查，其審查規定如下： 一、邀請文化資產相關專家學者或相關類別之審議會委員，辦理現場勘查或訪查，並彙整意見，作成現場勘查或訪查結果紀錄。 二、依前款現場勘查或訪查結果，召開審查會議，作成是否列冊追蹤之決定。 個人或團體提報前項具文化資產價值或具保護需要之文化資產保存技術及其保存者，應以書面載明真實姓名、聯絡方式、提報對象之內容及範圍；其屬本法第六十五條第二項所定具古物價值者，並準用本細則第三十條第二項及第三項規定。 第一項第一款現場勘查，主管機關應通知提報之個人或團體、所有人、使用人或管理人。現場勘查通知書應於現場勘查前七日寄發。 第一項第二款決定，主管機關應以書面通知提報之個人或團體及所有人、使用人或管理人。列冊追蹤屬公有建造物及附屬設施群者，應公布於主管機關網站。 經第一項審查決定列冊追蹤者，主管機關應訂定列冊追蹤計畫，定期訪視。 縣主管機關從事第一項普查時，鄉（鎮、市）公所應於其權限範圍內予以協助。 本法第十四條第一項、第四十三條第一項、第六十條第一項、第六十五條第二項、第七十九條第一項、第八十九條第一項及第九十五條第一項所定主管機關定期普查，應每八年至少辦理一次。 ／ 第16條：本法第十四條第二項及第六十條第二項所定主管機關應於六個月內辦理審議，係指主管機關就個人或團體提報決定列冊追蹤者，應於六個月內提送審議會辦理審議，並作成下列決議之一： 一、持續列冊，並得採取其他適當列冊追蹤之措施。 二、進入指定或登錄審查程序。 三、解除列冊。 ／ 第17條：本法第十五條所定興建完竣逾五十年之公有建造物及附屬設施群，或公有土地上所定著之建造物及附屬設施群（以下併稱建造物），處分前應進行文化資產價值評估，其評估程序如下： 一、建造物之所有或管理機關（構），於處分前應通知所在地主管機關，進行評估作業。 二、主管機關於進行文化資產價值評估時，應邀請文化資產相關專家學者或相關類別之審議會委員，辦理現場勘查，並彙整意見，作成現場勘查結果紀錄。 三、主管機關應依前款現場勘查結果，作成文化資產價值評估報告，內容應包括個案基本資料說明、相關會議紀錄、文化資產價值評估內容及評估結果等；並依該報告之建議，決定是否啟動文化資產列冊追蹤、指定登錄審查程序或為其他適宜之列管措施。 本法第十五條所稱處分，指法律上權利變動或事實上對建造物加以增建、改建、修建或拆除。 文化資產價值評估結果，應公布於主管機關網站。 主管機關於辦理第一項文化資產價值評估程序，得就個案實際情況評估，併同本法第十四條、第六十條所定程序辦理。 ／ 第18條：本法第二十條第一項所定審議程序之起始時間，以主管機關辦理現場勘查通知書發文之日起算；主管機關於發文時應即將通知書及已為暫定古蹟之事實揭示於勘查現場。 主管機關應於前項發文日，將本法第二十條第一項暫定古蹟、其定著土地範圍、暫定古蹟期限及其他相關事項，以書面通知所有人、使用人、管理人及相關目的事業主管機關。 依本法第二十條第三項延長暫定古蹟審議期間者，應於期間屆滿前，準用前項規定辦理。 本法第二十條第一項所定暫定古蹟於同條第三項所定期間內，經主管機關審議未具古蹟、歷史建築、紀念建築或聚落建築群價值者，主管機關應以書面通知所有人、使用人、管理人及相關目的事業主管機關，並自主管機關書面通知之發文日起，失其暫定古蹟之效力。 ／ 第19條：公有古蹟、歷史建築、紀念建築及聚落建築群之管理維護，依本法第二十一條第二項規定辦理時，應考量其類別、現況、管理維護之目標及需求。 前項辦理，應以書面為之，並訂定管理維護事項之辦理期間，報主管機關備查。 ／ 第20條：主管機關依本法第三十條第一項規定補助經費時，應斟酌古蹟、歷史建築、紀念建築及聚落建築群之管理維護、修復及再利用情形，將下列事項以書面列為附款或約款： 一、補助經費之運用應與補助用途相符。 二、所有人、使用人或管理人應配合調查研究、工程進行等事宜。 三、所有人、使用人或管理人於工程完工後應維持修復後原貌，妥善管理維護。 四、古蹟、歷史建築、紀念建築及聚落建築群所有權移轉時，契約應載明受讓人應遵守本條規定。 五、違反前四款規定者，主管機關得要求改善，並視情節輕重，撤銷或廢止其補助，並命其返還已發給之補助金額。 ／ 第21條：本法第三十二條、第五十五條及第七十五條所定私有古蹟、歷史建築、紀念建築及其所定著土地、考古遺址定著土地、國寶及重要古物所有權移轉之通知，應由其所有人為之。 ／ 第24條：本法第四十條所定保存及再發展計畫，其內容如下： 一、基礎調查及現況地形地貌之測繪。 二、土地使用相關法令研析及管制建議。 三、登錄範圍保存價值研析。 四、保存及再發展原則研擬。 五、制定建築形式及景觀維護方針。 六、依本法第三十四條規定，研擬影響聚落建築群之相關營建工程或開發行為，及其影響範圍。 七、日常管理維護準則。 八、其他涉及保存及再發展事項。 前項保存及再發展計畫之訂定或變更，如於現況確有窒礙難行或對整體風貌、環境景觀、文化資產保存價值產生不利影響時，主管機關應併同公聽會意見送審議會審議，經審議通過後送該地區建築管理機關協助管理。 保存及再發展計畫內容，主管機關應視該區域實際發展情形或相關法令管制變革，定期檢討。 ／ 第26條：本法第四十九條及第六十三條所定保存計畫，其內容如下： 一、基礎調查。 二、法令研究。 三、體制建構。 四、管理維護。 五、地區發展及經營、相關圖面等項目。 前項保存計畫應依本法第四十八條及第六十二條所定之考古遺址監管保護計畫及史蹟、文化景觀保存維護計畫之內容辦理。 ／ 第30條：本法第六十七條所定私有文物之審查指定，得由其所有人向戶籍所在地之直轄市、縣（市）主管機關申請之。 前項申請文件，應包括下列事項： 一、文物之名稱、編號、分類、數量。 二、文物之年代、作者、尺寸、材質、技法等綜合描述及圖片。 三、文物之文化資產價值說明、申請指定之理由及指定基準。 四、文物所有權屬、來源說明及相關證明。 五、文物現況、保存環境及其他相關事項。 前項申請案件，涉有鑑價、產權不清或在司法訴訟中者，主管機關得不予受理。 ／ 第34條：本法第九十二條所定保存維護計畫，應依登錄個案需求為之，其內容如下： 一、基本資料建檔。 二、調查與紀錄製作。 三、傳習或傳承活動。 四、教育與推廣活動。 五、保護與活化措施。 六、定期追蹤紀錄。 七、其他相關事項。 ／ 第35條：本法第九十五條第二項所定必須加以保護需要之傳統技術，為在族群內或地方上自昔傳承迄今用以保存與修復各類文化資產所不可或缺之技能、知識及方法，包括所需工具或用品之修復、修理、製造等及其所需材料之生產或製造。
L04,law,古蹟指定及廢止審查辦法,文化部,民國115年07月31日修正,https://law.moj.gov.tw/LawClass/LawAll.aspx?pcode=H0170058,文資程序;火災後軌跡,古蹟指定及廢止審查辦法,verified,2026-09-28,火災後廢止指定的程序與條件,*,第1條：本辦法依文化資產保存法（以下簡稱本法）第十七條第五項規定訂定之。 ／ 第2條：古蹟之指定，應符合下列基準之一： 一、具高度歷史、藝術或科學價值者。 二、表現各時代營造技術流派特色者。 三、具稀少性，不易再現者。 國定古蹟之指定基準，係擇前項已指定之古蹟中較具重要、保存完整並為各時代或某類型之典範者。 ／ 第3條：建造物所有人依本法第十七條第二項申請指定為直轄市定、縣（市）定古蹟者，應檢具申請表、建造物所有權證明、認定具備前條第一項指定基準之說明及其他相關文件，向直轄市、縣（市）主管機關申請。 建造物所有人或各級主管機關、個人、團體依本法第十七條第三項申請或提報指定為國定古蹟者，應檢具申請或提報表、認定具備前條第二項指定基準之說明及評估其價值增加之理由，向中央主管機關申請或提報。 主管機關受理前二項申請或提報時，得檢視其資料完整，提供相關之諮詢、資訊或其他必要之輔助；資料不完整而可補正者，得請其於一定期限內補正。 ／ 第4條：主管機關為古蹟之指定，依下列程序為之： 一、現場勘查。 二、經審議會審議通過。 三、作成指定處分，辦理公告，並通知申請人或處分相對人。 主管機關於審議會審議前，得召開公聽會或說明會。 直轄市、縣（市）主管機關指定後，應報中央主管機關備查。 第一項審議案涉及國家重大建設計畫實施者，其審議期間以六個月為限。但因情形特殊，經函報中央主管機關同意者，不在此限。 前項所定審議期間，自主管機關辦理第一項現場勘查通知書發文之日起算。但審議程序進行中，始涉及前項計畫者，其審議期間自主管機關知悉之日起算。 ／ 第5條：主管機關辦理前條第一項第三款公告，應載明下列事項： 一、名稱、種類、位置或地址。 二、古蹟及其所定著土地範圍之面積及地號。 三、指定理由及其法令依據。 四、公告日期及文號。 第一項公告，應揭示於主管機關公布欄三十日，並刊登政府公報、新聞紙或資訊網路。 ／ 第6條：直轄市、縣（市）主管機關辦理第四條第三項函報備查，應具備下列資料： 一、公告及古蹟清冊。 二、現場勘查紀錄。 三、審議會會議紀錄及本法施行細則第十四條第二項、第三項規定之評估報告。 四、其他相關資料。 前項第一款之古蹟清冊，應載明下列事項並附圖片電子檔： 一、名稱、種類、位置或地址。 二、古蹟及其所定著土地範圍之面積及其地號。 三、指定理由及其法令依據。 四、公告日期及文號。 五、古蹟及其所定著土地之所有人、使用人或管理人之基本資料。 六、創建年代、歷史沿革。 七、古蹟之現狀、特徵、使用情形。 八、土地使用分區或編定使用地類別、周邊環境景觀及使用狀況。 九、其他相關事項。 前項資料涉及土地、建造物範圍圖說者，應套繪於地籍圖上，並標明下列事項： 一、古蹟配置及其所定著土地保存之整體範圍界線。 二、附近街廓名稱及位置。 三、圖面之比例尺。 ／ 第7條：古蹟指定之廢止，應符合下列基準之一： 一、古蹟因故毀損，致失去原有風貌者。 二、因火災、水災及震災等天災致古蹟主構件滅失者。 三、其他喪失古蹟價值之原因者。 ／ 第8條：前條之廢止程序，由主管機關依指定程序辦理；其為直轄市定、縣（市）定者，應報中央主管機關核定後，始得辦理公告。 直轄市定、縣（市）定古蹟，經中央主管機關指定為國定古蹟者，直轄市、縣（市）主管機關應逕就國定古蹟部分，廢止其原有之指定處分，並於辦理公告後，送中央主管機關備查。 ／ 第9條：本辦法自發布日施行。
L05,law,歷史建築紀念建築登錄廢止審查及輔助辦法,文化部,民國115年08月04日修正,https://law.moj.gov.tw/LawClass/LawAll.aspx?pcode=H0170021,文資程序;火災後軌跡,歷史建築紀念建築登錄廢止審查及輔助辦法,verified,2026-09-28,,*,第1條：本辦法依文化資產保存法（以下簡稱本法）第十八條第五項規定訂定之。 ／ 第2條：歷史建築之登錄，應符合下列基準之一： 一、表現地域風貌或民間藝術特色者。 二、具建築史或技術史之價值者。 三、具地區性建造物類型之特色者。 ／ 第2-1條：紀念建築之登錄，應符合下列基準： 一、與歷史、文化、藝術等具有重要貢獻之人物相關，且其重要貢獻與建造物及附屬設施具高度關聯者。 二、具有歷史、藝術、科學等文化價值，且應予保存者。 ／ 第3條：建造物所有人依本法第十八條第二項申請登錄歷史建築或紀念建築，應檢具申請表、建造物所有權證明及其他相關文件，向直轄市、縣（市）主管機關提出申請。 建造物所有人提出前項申請時，直轄市、縣（市）主管機關得檢視其資料完整，並提供相關之諮詢、資訊或其他必要之輔助；資料不完整而可補正者，得請其於一定期限內補正。 ／ 第4條：直轄市、縣（市）主管機關為歷史建築、紀念建築之登錄，依下列程序為之： 一、現場勘查。 二、經審議會審議通過。 三、作成登錄處分，辦理公告，並通知申請人或處分相對人。 直轄市、縣（市）主管機關於審議會審議前，得召開公聽會或說明會。 直轄市、縣（市）主管機關登錄後，應報中央主管機關備查。 第一項審議案涉及國家重大建設計畫實施者，其審議期間以六個月為限。但因情形特殊，經函報中央主管機關同意者，不在此限。 前項所定審議期間，自主管機關辦理第一項現場勘查通知書發文之日起算。但審議程序進行中，始涉及前項計畫者，其審議期間自主管機關知悉之日起算。 ／ 第5條：直轄市、縣（市）主管機關辦理前條第三款公告，應載明下列事項： 一、名稱、種類、位置或地址。 二、歷史建築、紀念建築及其所定著土地範圍之面積及地號。 三、登錄理由及其法令依據。 四、公告日期及文號。 第一項公告，應揭示於主管機關公布欄三十日，並刊登政府公報、新聞紙或資訊網路。 ／ 第6條：直轄市、縣（市）主管機關辦理第四條第三項函報備查，應具備下列資料： 一、公告及歷史建築或紀念建築清冊。 二、現場勘查紀錄。 三、審議會會議紀錄及本法施行細則第十四條第二項、第三項規定之評估報告。 四、其他相關資料。 前項第一款之歷史建築或紀念建築清冊，應載明下列事項並附圖片電子檔： 一、名稱、種類、位置或地址。 二、歷史建築、紀念建築及所定著土地範圍之面積及其地號。 三、登錄理由及其法令依據。 四、公告日期及文號。 五、歷史建築、紀念建築及其所定著土地之所有人、使用人或管理人之基本資料。 六、創建年代、歷史沿革。 七、歷史建築、紀念建築之現狀、特徵及使用情形。 八、土地使用分區或編定使用地類別、周邊環境景觀及使用狀況。 九、其他相關事項。 前項資料涉及土地、建造物範圍圖說者，應套繪於地籍圖上，並標明下列事項： 一、歷史建築、紀念建築配置及其所定著土地保存之整體範圍。 二、附近街廓名稱及位置。 三、圖面之比例尺。 ／ 第7條：歷史建築、紀念建築登錄之廢止，應符合下列基準之一： 一、經指定為古蹟者。 二、建造物因毀損致失去原有風貌、主構件滅失者。 三、其他喪失歷史建築、紀念建築價值之原因者。 ／ 第8條：歷史建築、紀念建築之廢止程序，由主管機關依登錄程序辦理。 ／ 第9條：中央主管機關對於直轄市、縣（市）主管機關辦理歷史建築、紀念建築之保存、維護及再利用，應採下列方式輔助之： 一、補助歷史建築、紀念建築保存、維護及再利用之相關經費。 二、提供歷史建築、紀念建築保存、維護及再利用相關之諮詢及資訊。 ／ 第10條：本辦法自發布日施行。
L06,law,暫定古蹟條件及程序辦法,文化部,民國108年09月26日修正,https://law.moj.gov.tw/LawClass/LawAll.aspx?pcode=H0170036,母體;文資程序,暫定古蹟條件及程序辦法,verified,2026-09-28,暫定古蹟層級的定義來源,*,第1條：本辦法依文化資產保存法（以下簡稱本法）第二十條第五項規定訂之。 ／ 第2條：本法第二十條第二項所稱緊急情況，指具文化資產價值之建造物在未進入審議程序前，有下列情事之一： 一、依法取得拆除執照，即將進行拆除者。 二、工程施工進行者。 三、風災、水災、火災及地震等天然災害發生危及建造物存在者。 四、其他可能而立即明顯之重大危險。 ／ 第3條：主管機關應邀集專家學者及有關機關代表成立暫定古蹟處理小組。 ／ 第4條：直轄市、縣（市）主管機關主動發現或接獲緊急情況通報時，應立即召集暫定古蹟處理小組，前往現場勘查，經評估具有文化資產價值者，逕列為暫定古蹟。 前項遇有急迫危險，有即時處置之必要時，直轄市、縣（市）主管機關得不召集暫定古蹟處理小組，即前往現場勘查，經評估具有文化資產價值，應於現場勘查當日逕列為暫定古蹟。 經逕列為暫定古蹟者，直轄市、縣（市）主管機關應立即以書面或言詞通知相關目的事業主管機關、建造物所有人、使用人、管理人及處分相對人。 主管機關依第一項、第二項逕列為暫定古蹟者，應辦理公告，載明已為暫定古蹟之事實、暫定古蹟及其定著土地範圍、期間及其他相關事項，並揭示於暫定古蹟現場適當處所。 ／ 第5條：中央主管機關主動發現或接獲緊急情況通報時，應即以書面或言詞通知直轄市、縣（市）主管機關依前條規定程序辦理。 直轄市、縣（市）主管機關應於接獲前項通知時起，立即依前條規定完成暫定古蹟核定及通知程序。 直轄市、縣（市）主管機關拒絕或未於中央主管機關通知時起三日內完成前項程序者，中央主管機關得依本法第一百十條規定，逕予代行處理。其代行處理程序準用前條規定。 ／ 第6條：直轄市、縣（市）主管機關應於本法第二十條第三項所定六個月期限內完成古蹟指定或歷史建築、紀念建築、聚落建築群登錄之審議程序；必要時得延長一次；期滿即失暫定古蹟之效力。 前項所定六個月期限，自第四條核定時起算。 直轄市、縣（市）主管機關於第一項審議期限屆滿前，認有延長之必要時，應於期間屆滿前，以書面方式準用第四條第三項規定辦理。 ／ 第7條：暫定古蹟於前條審議期間內視同古蹟，由所有人、使用人或管理人管理維護。 主管機關認為暫定古蹟有未善盡管理維護或遭受破壞之虞時，應通知所有人、使用人或管理人，採取必要維護措施，予以保護。 ／ 第8條：直轄市、縣（市）主管機關未於本法第二十條第三項所定期限內完成古蹟指定或歷史建築、紀念建築、聚落建築群登錄之審議程序者，行政院、中央主管機關得依本法第一百十條規定，逕予代行處理。 前項代行處理程序依本法第十七條至第十九條規定辦理。 ／ 第9條：暫定古蹟經依前條規定代行完成審議程序後，其具國定古蹟、重要聚落建築群價值者，由中央主管機關辦理公告；其具直轄市、縣（市）定古蹟或歷史建築、紀念建築、聚落建築群價值者，由中央主管機關通知直轄市、縣（市）主管機關辦理公告。 ／ 第10條：暫定古蹟經主管機關審議未具古蹟、歷史建築、紀念建築或聚落建築群價值者，主管機關應以書面通知所有人、使用人、管理人、處分相對人及相關目的事業主管機關，並自主管機關書面通知之發文日起，失其暫定古蹟之效力。 ／ 第11條：本辦法自發布日施行。
L07,law,文化景觀登錄及廢止審查辦法,文化部,民國108年08月16日修正,https://law.moj.gov.tw/LawClass/LawAll.aspx?pcode=H0170050,母體;文資程序,文化景觀登錄及廢止審查辦法,verified,2026-09-28,光復新村等文化景觀案例,火|災|燒|毀|滅失|廢止|暫定古蹟|列冊|追蹤|容積|地價|減免|閒置|拆除|緊急|修復|再利用|重建|所有人|管理維護,第6條：文化景觀之保存，所有人、使用人或管理人應依本法第六十二條第一項所定保存及管理原則辦理。 ／ 第7條：文化景觀滅失或減損其價值而應廢止者，由主管機關依登錄程序廢止之。
L08,law,聚落建築群登錄廢止審查及輔助辦法,文化部,民國108年08月16日修正,https://law.moj.gov.tw/LawClass/LawAll.aspx?pcode=H0170047,母體;文資程序,聚落建築群登錄廢止審查及輔助辦法,verified,2026-09-28,,火|災|燒|毀|滅失|廢止|暫定古蹟|列冊|追蹤|容積|地價|減免|閒置|拆除|緊急|修復|再利用|重建|所有人|管理維護,第6條：聚落建築群登錄之廢止，應符合下列基準之一： 一、整體環境因故減損或變遷，喪失地方特色者。 二、歷史脈絡與紋理因故損毀或變遷，已不具保存價值者。 三、建築或產業形式已喪失特色者。 ／ 第7條：聚落建築群之廢止程序，由主管機關依登錄程序辦理。 ／ 第8條：中央主管機關對於直轄市、縣（市）主管機關辦理聚落建築群之保存、維護及再利用，應採下列方式輔助之： 一、補助聚落建築群保存調查及登錄之經費。 二、補助聚落建築群保存、維護及再利用之相關經費。 三、提供聚落建築群保存、維護及再利用相關之諮詢及資訊。
L09,law,古蹟管理維護辦法,文化部,民國111年06月28日修正,https://law.moj.gov.tw/LawClass/LawAll.aspx?pcode=H0170055,閒置狀態;產權與管理,古蹟管理維護辦法,verified,2026-09-28,所有人與管理人的維護義務（管理維護計畫、防災）,*,第1條：本辦法依文化資產保存法（以下簡稱本法）第二十三條第四項規定訂定之。 ／ 第2條：本法第二十三條第二項所定管理維護計畫，其內容應包括下列事項： 一、古蹟概況。 二、管理維護組織及運作。 三、日常保養及定期維修。 四、使用或再利用經營管理。 五、防盜、防災、保險。 六、緊急應變計畫。 七、其他管理維護之必要事項。 古蹟類型特殊者，經主管機關同意，得擇前項各款必要者訂定管理維護計畫，不受前項規定之限制。 古蹟指定公告後六個月內，所有人、使用人或管理人應訂定前二項管理維護計畫，並依本法第二十三條第二項規定報主管機關備查；修正時亦同。 主管機關辦理前項備查作業時，得視個案需要，邀集相關機關、專家學者召開諮詢會議，協助提供專業意見。 第一項及第二項管理維護計畫除有重大事項發生應立即檢討外，每五年應至少檢討一次。 ／ 第3條：前條第一項第三款所定日常保養，其項目如下： 一、全境巡察。 二、構件及文物外貌檢視。 三、古蹟範圍內外環境之清潔。 四、設施及設備之整備。 五、良好通風及排水之維持。 ／ 第4條：第二條第一項第三款所稱定期維修，指基於不減損古蹟價值之原則，定期對下列項目所為之耗材更替、設施設備之檢測及維修： 一、結構安全。 二、材料老化。 三、設施、設備及管線之安全。 四、生物危害。 五、潮氣及排水。 定期維修涉及建築、消防、生物防治等相關專業領域者，應由各相關法令規定之人員為之。 ／ 第5條：第三條及前條第一項各款項目之作業頻率及方法，應於管理維護計畫載明。 ／ 第6條：古蹟於日常保養或定期維修作業中，發見其主體、構件、文物等有外觀形狀改變、色澤變化、設備損壞、生物危害等異常狀況，有損害文化資產價值之虞時，應予記錄，並立即通報主管機關。如遇竊盜時，應同時通報警察機關。 前項異常狀況有持續擴大之虞者，應及時就古蹟受損處，採取非侵入式之臨時保護。 ／ 第7條：古蹟之日常保養或定期維修，得委由第十七條所定經古蹟管理維護教育訓練之合格人員，或其他專業機關（構）、登記有案團體為之。 古蹟之所有人、使用人或管理人辦理日常保養或定期維修有困難時，主管機關應予以協助。 ／ 第8條：第二條第一項第四款所定使用或再利用，應以原目的或與原用途關連、相容之使用為優先考量。 古蹟用途變更為非原用途，並為內部改修或外加附屬設施時，其所有人、使用人或管理人應依古蹟修復及再利用辦法有關規定辦理。 古蹟之使用或再利用，如屬應依古蹟歷史建築紀念建築及聚落建築群建築管理土地使用消防安全處理辦法取得使用許可者，其因應措施，應於管理維護計畫中載明。 ／ 第9條：古蹟開放大眾參觀者，其開放時間、開放範圍、開放限制、收費、解說牌示、導覽活動、圖文刊物、參觀者應注意事項及其他相關事項，應於管理維護計畫中載明。 ／ 第10條：古蹟供公眾使用，且有經營行為者，其所有人、使用人或管理人應訂定經營管理計畫實施，並於管理維護計畫中載明。 ／ 第11條：第二條第一項第五款所定防盜事項，其措施如下： 一、應將古蹟內重要構件及文物列冊，定期清點，並作成紀錄。 二、依實際需要設置防盜監視系統、安排值班人員或委託保全服務等防盜措施。 三、必要時得申請當地警察機關加強巡邏。 ／ 第12條：第二條第一項第五款所定防災事項，應兼顧人身安全之保護及文化資產價值之完整保存。 古蹟之所有人、使用人或管理人，應訂定防災計畫，並於管理維護計畫中載明；其內容應包括下列事項： 一、災害風險評估：指依古蹟環境、構造、材料、用途、災害歷史及地域上之特性，按火災、水災、風災、土石流、地震及人為等災害類別，分別評估其發生機率，訂定防範措施；且應就古蹟於施工階段與使用階段，對於高熱物（如明火）或可燃性物品等之使用，提出防止災害發生之防範措施及管理機制，並指定專責人員辦理防災管控任務。 二、災害預防：指防災編組、演練、使用管理、巡查、用火用電管制、電線管路系統定期檢修、設備檢查及設置警報器與消防器材等措施。 三、災害搶救：指災害發生時，編組人員得及時到位，投入救災及文物搶救之措施。 四、防災教育演練：指依災害預防措施，檢驗其防災功能及模擬災害情況，實際操作救災搶險定期教育訓練及演練之措施。 前項防災計畫之執行，由古蹟所有人、使用人或管理人為召集人，並由古蹟所在地村（里）長與居民、社會公正熱心人士等組成防災編組，必要時得由主管機關協助，並請當地消防與其他防災主管機關指導。 ／ 第13條：第二條第一項第五款所定保險事項，其項目如下： 一、依實際狀況，就古蹟之建築、文物或人員等，辦理相關災害保險。 二、保險契約簽訂或續約後，應報主管機關備查。 前項保險種類，應於管理維護計畫中載明。 ／ 第14條：古蹟之所有人、使用人或管理人，應依第二條第一項第六款規定訂定緊急應變計畫，主管機關並應建立古蹟災害緊急應變通報機制。 ／ 第15條：前條所定緊急應變計畫，應包括古蹟災害緊急應變處理之方式及程序，其內容如下： 一、對於重要文物、構件之搬運撤離。 二、救災中容易受損之具重要價值而不可移動之構件，應特別訂定對策，以確保救災過程中文化資產價值損失降至最低。 三、災害發生時，古蹟之所有人、使用人或管理人應立即進行災害現場管制防護，禁止閒雜人進出，防止重要構件或文物再次受損或遺失。 四、依通報機制報請主管機關派員勘查災害現場，並依災情輕重程度或依古蹟歷史建築紀念建築及聚落建築群重大災害應變處理辦法規定之程序，進行災後處理。 ／ 第16條：古蹟之所有人、使用人或管理人得結合當地文化特色、人文資源，配合推動在地文化傳承教育，並建立社區志工參與制度。 ／ 第17條：主管機關應定期舉辦古蹟管理維護人員之教育訓練，提供古蹟之所有人、使用人、管理人或其指派之人員參加。 前項教育訓練，得委由相關機關、學校、機構或團體辦理。 ／ 第18條：古蹟之所有人、使用人或管理人應依管理維護計畫，實施管理維護工作。 主管機關應定期實施古蹟管理維護之訪視或查核，如發現管理維護有不當或未訂定管理維護計畫，致有滅失或毀損價值之虞者，應命其限期改善；屆期未改善者，依本法第二十八條及第一百零六條規定辦理。 前項古蹟管理維護之訪視或查核，主管機關得委任、委辦其所屬機關（構）或委託其他機關、學校、機構或團體辦理。 ／ 第19條：古蹟之管理維護，所有人、使用人或管理人應建立管理維護資料檔案，彙整後定期送主管機關備查。 前項彙整內容、檔案格式及傳送期間與方式等事項，由中央主管機關定之。 ／ 第20條：私有古蹟管理維護成效優良者，主管機關得依本法第三十條第一項規定，優先補助其管理維護經費。 公有古蹟管理維護成效優良者，主管機關得依本法第九十八條規定獎勵之。 ／ 第21條：歷史建築、紀念建築之管理維護，準用本辦法規定。 ／ 第22條：本辦法自發布日施行。
L10,law,古蹟歷史建築紀念建築及聚落建築群重大災害應變處理辦法,文化部,民國106年07月27日修正,https://law.moj.gov.tw/LawClass/LawAll.aspx?pcode=H0170018,火災後軌跡,古蹟歷史建築紀念建築及聚落建築群重大災害應變處理辦法,verified,2026-09-28,火災後緊急處理與通報程序,*,第1條：本辦法依文化資產保存法（以下簡稱本法）第二十七條第四項規定訂定之。 ／ 第2條：本辦法所稱重大災害，指造成古蹟、歷史建築、紀念建築或聚落建築群重大損害之風災、水災、震災、火災或其他災害。 ／ 第3條：古蹟、歷史建築、紀念建築或聚落建築群因重大災害而有緊急修復之必要時，主管機關應邀集專家學者及有關機關代表組成應變處理小組，其任務如下： 一、訂定應變處理原則。 二、指導轄內古蹟、歷史建築、紀念建築及聚落建築群相關應變處理措施。 三、其他相關事項。 ／ 第4條：主管機關於重大災害發生後，應調查轄內古蹟、歷史建築、紀念建築或聚落建築群受災情形，並得視需要執行緊急搶救、加固等應變處理措施，避免災情擴大。 前項情形為避免古蹟、歷史建築、紀念建築或聚落建築群之重要構件遭毀損或滅失，得依所有人、使用人或管理人之申請，採取應變處理措施。 ／ 第5條：主管機關為協助古蹟、歷史建築、紀念建築或聚落建築群所有人、使用人或管理人擬定搶修或修復計畫，得辦理轄內受災情形之勘查，並調查歷史建築、紀念建築或聚落建築群所有人、使用人或管理人之搶修或修復意願。 ／ 第6條：古蹟、歷史建築、紀念建築及聚落建築群之所有人、使用人或管理人依本法第二十七條規定提出重大災害修復計畫時，應考量建造物價值及其周圍環境整體風貌之維護。 ／ 第7條：本辦法自發布日施行。
L11,law,古蹟歷史建築紀念建築及聚落建築群建築管理土地使用消防安全處理辦法,文化部,民國106年07月27日修正,https://law.moj.gov.tw/LawClass/LawAll.aspx?pcode=H0170066,火災;火災後軌跡,古蹟歷史建築紀念建築及聚落建築群建築管理土地使用消防安全處理辦法,verified,2026-09-28,,*,第1條：本辦法依文化資產保存法第二十六條規定訂定之。 ／ 第2條：為處理古蹟、歷史建築、紀念建築及聚落建築群修復或再利用事項，就建築管理、土地使用及消防安全等事項，其相關法令之適用，由主管機關會同土地使用、建築及消防主管機關為之。 ／ 第3條：古蹟、歷史建築、紀念建築及聚落建築群修復或再利用所涉及之土地或建築物，與當地土地使用分區管制規定不符者，主管機關得請求古蹟、歷史建築、紀念建築及聚落建築群所在地之都市計畫、區域計畫或國家公園主管機關依都市計畫法、區域計畫法或國家公園法相關規定辦理土地使用分區或用地變更或土地變更編定。 前項變更期間，古蹟、歷史建築、紀念建築及聚落建築群修復或再利用計畫得先行實施。 ／ 第4條：古蹟、歷史建築、紀念建築及聚落建築群修復或再利用，於適用建築、消防相關法令有困難時，所有人、使用人或管理人除修復或再利用計畫外，應基於該文化資產保存目標與基地環境致災風險分析，提出因應計畫，送主管機關核准。 前項因應計畫內容如下： 一、文化資產之特性、再利用適宜性分析。 二、土地使用之因應措施。 三、建築管理、消防安全之因應措施。 四、結構與構造安全及承載量之分析。 五、其他使用管理之限制條件。 ／ 第5條：主管機關為審查前條因應計畫，應會同古蹟、歷史建築、紀念建築及聚落建築群所在地之土地使用、建築及消防主管機關為之。 前項審查結果得排除部分或全部現行法令之適用；其因公共安全之使用有特別條件限制者，應加註之，並由所有權人、使用人或管理人負責執行。 ／ 第6條：古蹟、歷史建築、紀念建築及聚落建築群修復或再利用工程竣工時，由主管機關會同古蹟、歷史建築、紀念建築及聚落建築群所在地之土地使用、建築及消防主管機關，依其核准之因應計畫查驗通過後，許可其使用。 前項竣工書圖及因應計畫，應送古蹟、歷史建築、紀念建築及聚落建築群所在地之土地使用、建築及消防主管機關建檔。 ／ 第7條：主管機關應依竣工書圖及因應計畫，進行古蹟、歷史建築、紀念建築及聚落建築群修復完成後管理維護之查核。必要時，得會同古蹟、歷史建築、紀念建築及聚落建築群所在地之土地使用、建築及消防主管機關為之。 ／ 第8條：本辦法自發布日施行。
L12,law,古蹟歷史建築紀念建築及聚落建築群修復或再利用採購辦法,文化部,民國114年10月03日修正,https://law.moj.gov.tw/LawClass/LawAll.aspx?pcode=H0170059,火災後軌跡,古蹟歷史建築紀念建築及聚落建築群修復或再利用採購辦法,verified,2026-09-28,修復工程標案可在政府採購資料追查,修復|再利用|災|緊急|搶修,第2條：本辦法所稱古蹟、歷史建築、紀念建築及聚落建築群修復或再利用之採購，其範圍如下： 一、勞務採購：與古蹟、歷史建築、紀念建築及聚落建築群修復或再利用工程有關之修復或再利用計畫、解體調查、規劃設計、監造、工作報告書、保存及再發展計畫及其他相關勞務事項。 二、工程採購：古蹟、歷史建築、紀念建築及聚落建築群之緊急搶修、修復、再利用工程及其他相關工程事項。 前項歷史建築、紀念建築修復或再利用辦理事項之內容，準用古蹟修復及再利用辦法第三條至第八條規定。 ／ 第3條：古蹟、歷史建築、紀念建築及聚落建築群修復或再利用採購，其為勞務採購者，得採多項併案辦理；其兼含勞務採購及工程採購者，除監造外，得採多項併案辦理。 ／ 第4條：古蹟、歷史建築、紀念建築及聚落建築群修復或再利用之修復或再利用計畫、解體調查、規劃設計、監造及工作報告書之勞務採購，各該項勞務採購之得標廠商，符合他項勞務採購資格者，得參與他項勞務採購投標。 ／ 第5條：古蹟、歷史建築、紀念建築及聚落建築群修復或再利用有關之採購，其為工程採購者，得採用選擇性招標；其為古蹟之勞務採購者，並得採用限制性招標。 古蹟、歷史建築、紀念建築及聚落建築群之工程採購，依古蹟歷史建築紀念建築及聚落建築群重大災害應變處理辦法執行之緊急搶救、加固等應變處理措施或涉及特殊修復之專業技術者，得採用限制性招標，不經公告程序，邀請二家以上廠商比價或僅邀請一家廠商議價。 ／ 第6條：古蹟、歷史建築、紀念建築及聚落建築群修復或再利用之勞務採購，其屬主管機關認定特殊技術之單項修復者，應優先遴選傳統匠師或專業技術人員辦理。 前項傳統匠師，指具備古蹟修復及再利用辦法第十二條規定資格者。 第一項修復應優先聘請已認定之文化資產保存技術保存者辦理。 ／ 第7條：古蹟、歷史建築、紀念建築及聚落建築群修復或再利用採購之廠商及專業人員資格，除依古蹟修復及再利用辦法、聚落建築群修復及再利用辦法、營造業法及其他相關法令規定外，並適用投標廠商資格與特殊或巨額採購認定標準之特定資格規定。 ／ 第8條：古蹟、歷史建築、紀念建築及聚落建築群修復或再利用之勞務採購，其工作範圍或內容可明確界定者，得採總包價法計費。 總包價法之變更設計費用，除契約另有規定外，於釐清契約權責後，其非屬設計、監造責任之追加，得參考工程變更設計金額占工程結算金額之比例，計算總包價法之變更設計追加比例金額。 ／ 第8-1條：服務費用採修復或再利用工程費用百分比法計費者，其服務費率應按工程內容、服務項目及難易度，參考附表計算。 前項修復或再利用工程費用，指經機關核定之工程採購底價金額或評審委員會建議金額，不包括規費、規劃費、設計費、監造費、專案管理費、物價指數調整工程款、營業稅、土地及權利費用、法律費用、主辦機關所需工程管理費、承包商辦理工程之各項利息、保險費及招標文件所載其他除外費用。 工程採購無底價且無評審委員會建議金額者，修復或再利用工程費用以工程預算代之。但應扣除前項不包括之費用及稅捐等。 ／ 第10條：古蹟、歷史建築、紀念建築及聚落建築群之修復或再利用工程，其施工查核依政府採購法第七十條規定成立工程施工查核小組時，其聘請之查核委員應半數以上具古蹟、歷史建築、紀念建築或聚落建築群修復之專業經驗者。 ／ 第11條：古蹟、歷史建築、紀念建築及聚落建築群修復或再利用有關之採購，本法第十條第一項規定應予以列冊並送主管機關收藏之相關資料，應納入履約完成之必要條件。 ／ 第12條：古蹟、歷史建築、紀念建築及聚落建築群修復或再利用有關之工程採購，其同時涉有水管、電氣、室內裝修與營繕工程者，應合併辦理採購。但因特殊狀況經主管機關同意者，不在此限。 ／ 第13條：古蹟、歷史建築、紀念建築及聚落建築群修復或再利用之採購，本辦法未規定者，適用政府採購法及其相關法令之規定。
L13,law,文化資產獎勵補助辦法,文化部,民國113年09月30日修正,https://law.moj.gov.tw/LawClass/LawAll.aspx?pcode=H0170053,產權與管理,文化資產獎勵補助辦法,verified,2026-09-28,,所有人|私有|補助|修復|管理維護|災,第2條：有下列貢獻或實績之一者，主管機關得給予獎勵或補助： 一、捐獻私有古蹟、歷史建築、紀念建築、考古遺址或其所定著之土地予政府。 二、捐獻私有國寶、重要古物予政府。 三、主動將私有古物申請指定，並經中央主管機關依法審查指定為國寶或重要古物。 四、發見具古蹟、歷史建築、紀念建築及聚落建築群價值之建造物、疑似考古遺址或具古物價值之無主物，並即通報主管機關處理。 五、保存、維護、傳習、宣揚有形或無形文化資產具有績效。 六、對闡揚有形或無形文化資產保存有顯著貢獻。 ／ 第2-1條：符合本法第四十一條第一項規定之土地所有人有下列情形之一者，主管機關得給予獎勵： 一、協助或辦理管理維護計畫、修復計畫、再利用計畫。 二、協助或辦理調查、研究、出版、測繪、記錄、建檔計畫。 三、協助或辦理教育、宣導、推廣、人才培訓計畫。 四、協助或辦理古蹟、歷史建築、紀念建築活化再利用組織之運作或培力事項。 五、其他經主管機關審查同意獎勵者。 ／ 第4條：本辦法所定補助之方式如下，並得為補助附款： 一、補助經費之全部或部分。 二、依自籌款情形補助部分經費。 三、補助向金融機構貸款所生利息之全部或部分。 ／ 第5條：依本辦法接受補助之受益人，挪用補助經費或未履行補助附款，主管機關得廢止該補助之全部或一部，並限期命受益人返還之；依本辦法接受獎勵，而未履行獎勵之附款者，亦同。 ／ 第6條：最近一年內曾因違反文化資產保存相關法令規定而受處分者，不得依本辦法予以獎勵或補助。
L14,law,古蹟歷史建築紀念建築土地容積移轉辦法,內政部,民國114年01月15日修正,https://law.moj.gov.tw/LawClass/LawAll.aspx?pcode=D0070029,政策事件;地價,古蹟歷史建築紀念建築土地容積移轉辦法,verified,2026-09-28,文資容積移轉：身分本身會帶來開發利益，是 H3 的機制之一,*,第1條：本辦法依文化資產保存法第四十一條第五項規定訂定之。 ／ 第2條：本辦法之主管機關：在中央為內政部；在直轄市為直轄市政府；在縣（市）為縣（市）政府。 ／ 第3條：實施容積率管制地區內，古蹟、歷史建築、紀念建築所定著之土地、保存用地、保存區、其他使用用地或分區內土地，除以政府機關為管理機關者外，因古蹟、歷史建築、紀念建築之指定或登錄、保存用地、保存區、其他使用用地或分區之劃定、編定或變更，致其原依法可建築之基準容積受到限制部分，土地所有權人得依本辦法申請移轉至其他地區建築使用。 本辦法所稱基準容積，指以都市計畫、國土計畫、區域計畫或其相關法規規定之容積率上限乘土地面積所得之積數。 ／ 第4條：依前條規定申請將容積移轉至其他地區建築使用之土地（以下簡稱送出基地），其可移出容積依下列規定計算： 一、未經依法劃定、編定或變更為保存用地、保存區、其他使用用地或分區者，以其基準容積為準。 二、經依法劃定、編定或變更為保存用地、保存區、其他使用用地或分區者，以其劃定、編定或變更前之基準容積為準。但劃定或變更為保存用地、保存區、其他使用用地或分區前，尚未實施容積率管制或屬公共設施用地者，以其毗鄰可建築土地容積率上限之平均數，乘其土地面積所得之乘積為準。 前項第二款之毗鄰土地均非屬可建築土地者，其可移出容積由直轄市、縣（市）主管機關參考鄰近地區發展及土地公告現值評定情況擬訂，送該管都市計畫、國土計畫或區域計畫主管機關審定。 送出基地屬古蹟定著者，第一項可移出容積應扣除非屬古蹟之已建築容積。送出基地屬歷史建築或紀念建築定著者，應扣除已建築之容積。 ／ 第5條：送出基地可移出之容積，以移轉至下列任何一宗可建築土地建築使用為限： 一、與送出基地同一都市主要計畫地區之建築基地。但經內政部都市計畫委員會審議通過後，得移轉至同一直轄市、縣（市）其他主要計畫之建築基地。 二、都市計畫以外地區，以與送出基地同一鄉（鎮、市、區）之建築基地為限。但經直轄市、縣（市）國土計畫審議會或區域計畫委員會審議通過後，得移轉至同一直轄市、縣（市）之其他都市計畫以外建築基地。 前項第二款之建築基地，限於得依國土計畫法規定申請使用許可之城鄉發展地區土地，或得依區域計畫法規定申請開發許可之土地。 ／ 第6條：接受送出基地可移出容積之土地（以下簡稱接受基地）於申請建築時，因基地條件之限制，而未能完全使用其獲准移入之容積者，得依本辦法規定，申請移轉至下列另一接受基地建築使用，並以移轉一次為限： 一、與接受基地同一都市主要計畫地區之建築基地。但經內政部都市計畫委員會審議通過後，得移轉至同一直轄市、縣（市）其他主要計畫之建築基地。 二、都市計畫以外地區，以與接受基地同一鄉（鎮、市、區）之建築基地為限。但經直轄市、縣（市）國土計畫審議會或區域計畫委員會審議通過後，得移轉至同一直轄市、縣（市）之其他都市計畫以外建築基地。 前項第二款之建築基地，限於得依國土計畫法規定申請使用許可之城鄉發展地區土地，或得依區域計畫法規定申請開發許可之土地。 ／ 第7條：直轄市、縣（市）主管機關審查接受基地可移入容積，應考量地區發展密度、發展總量、建築基地面積、臨接道路功能及寬度、周邊公共設施服務水準、景觀及公共安全等條件。 直轄市、縣（市）主管機關應於本辦法中華民國一百十四年一月十五日修正施行後二年內訂定前項審查之基準；未訂定審查基準前，直轄市、縣（市）主管機關對於容積移轉申請案件，應逐案擬具審查意見提經該管國土計畫審議會、區域計畫委員會或都市計畫委員會審議通過。 ／ 第8條：接受基地之可移入容積，不得超過該土地基準容積之百分之四十。 位於整體開發地區、實施都市更新地區或面臨永久性空地之接受基地，其可移入容積，得酌予增加。但不得超過該接受基地基準容積之百分之五十。 ／ 第9條：送出基地移出之容積，於換算為接受基地移入之容積時，其計算公式如下： 接受基地移入容積＝送出基地移出之容積ｘ（申請容積移轉當期送出基地之毗鄰可建築土地平均公告土地現值／申請容積移轉當期接受基地之公告土地現值） 前項送出基地毗鄰土地非屬可建築土地者，以三筆距離最近之可建築土地公告土地現值平均計算之。 前二項之可建築土地平均公告土地現值較送出基地申請容積移轉當期公告土地現值為低者，以送出基地申請容積移轉當期公告土地現值計算。 ／ 第10條：接受基地依第六條規定申請移轉至另一接受基地建築使用之容積，其計算公式如下： 另一接受基地移入容積＝送出基地移出之容積未能完全使用部分ｘ（送出基地申請容積移轉至接受基地當期送出基地之毗鄰可建築土地平均公告土地現值／送出基地申請容積移轉至接受基地當期另一接受基地之公告土地現值） 另一接受基地於送出基地申請容積移轉至接受基地當時非屬可建築土地，於前項公式中價值計算基準如下： 一、毗鄰可建築土地者，以其公告土地現值平均計算。 二、毗鄰非屬可建築土地者，以與另一接受基地使用性質相當且距離最近之三筆可建築土地公告土地現值平均計算。 前項可建築土地，不包含都市計畫書規定應辦理區段徵收、市地重劃或其他方式整體開發完成前之土地。 ／ 第11條：送出基地之可移出容積，得分次移出。 接受基地在不超過第八條規定之可移入容積內，得分次移入不同送出基地之可移出容積。 ／ 第12條：辦理容積移轉時，應由送出基地所有權人及接受基地所有權人會同檢具下列文件，向該管直轄市、縣（市）主管機關申請許可： 一、申請書。 二、申請人之身分證明文件影本；其為法人者，其法人登記證明文件影本。 三、協議書。 四、送出基地及接受基地之土地登記簿謄本或其電子謄本。 五、送出基地及接受基地之土地所有權狀影本。 六、古蹟、歷史建築或紀念建築管理維護計畫。但古蹟、歷史建築或紀念建築因故毀損且有修復、再利用之必要者，應檢具文化資產主管機關核准之古蹟、歷史建築或紀念建築修復、再利用計畫。 七、送出基地所有權人及權利關係人同意書或其他相關證明文件。 八、其他經直轄市、縣（市）主管機關認為必要之文件。 依第六條規定申請移轉至另一接受基地者，由另一接受基地所有權人提出申請，免會同送出基地所有權人，並應檢具下列文件，向該管直轄市、縣（市）主管機關申請許可： 一、申請書。 二、申請人之身分證明文件影本；其為法人者，其法人登記證明文件影本。 三、另一接受基地及接受基地之土地登記簿謄本或其電子謄本。 四、另一接受基地及接受基地之土地所有權狀影本。 五、接受基地所有權人及權利關係人同意書或其他相關證明文件。 六、其他經直轄市、縣（市）主管機關認為必要之文件。 第一項接受基地或前項另一接受基地以都市更新權利變換實施重建者，得由實施者提出申請，並得免附第一項第五款規定之接受基地土地所有權狀影本或前項第四款規定之另一接受基地土地所有權狀影本。 ／ 第13條：直轄市、縣（市）主管機關於許可容積移轉後，應將送出基地及接受基地之容積相關資料造冊控管及依相關規定登錄於土地參考資訊檔，並送請相關機關辦理下列事項： 一、該管主管建築機關實施建築管理。 二、該管文化資產主管機關建檔列管。 前項資料應永久保存並開放民眾查詢。 ／ 第14條：接受基地於依法申請建築時，除容積率管制事項外，仍應符合土地使用管制及建築法規之規定。 ／ 第15條：本辦法自發布日施行。
L15,law,都市計畫容積移轉實施辦法,內政部,民國103年08月04日修正,https://law.moj.gov.tw/LawClass/LawAll.aspx?pcode=D0070028,政策事件;地價,都市計畫容積移轉實施辦法,verified,2026-09-28,,古蹟|文化資產|歷史建築|紀念建築|送出基地|接受基地|容積,第3條：本辦法之適用地區，以實施容積率管制之都市計畫地區為限。 ／ 第4條：直轄市、縣（市）主管機關為辦理容積移轉，得考量都市發展密度、發展總量、公共設施劃設水準及發展優先次序，訂定審查許可條件，提經該管都市計畫委員會或都市設計審議委員會審議通過後實施之。 前項審查許可條件於本辦法中華民國九十三年六月三十日修正施行後一年內未訂定實施者，直轄市、縣（市）主管機關對於容積移轉申請案件，應逐案就前項考量之因素，詳實擬具審查意見，專案提經該管都市計畫委員會或都市設計審議委員會審議通過後，依本辦法核辦。 ／ 第5條：本辦法用詞，定義如下： 一、容積：指土地可建築之總樓地板面積。 二、容積移轉：指一宗土地容積移轉至其他可建築土地供建築使用。 三、送出基地：指得將全部或部分容積移轉至其他可建築土地建築使用之土地。 四、接受基地：指接受容積移入之土地。 五、基準容積：指以都市計畫及其相關法規規定之容積率上限乘土地面積所得之積數。 ／ 第6條：送出基地以下列各款土地為限： 一、都市計畫表明應予保存或經直轄市、縣（市）主管機關認定有保存價值之建築所定著之土地。 二、為改善都市環境或景觀，提供作為公共開放空間使用之可建築土地。 三、私有都市計畫公共設施保留地。但不包括都市計畫書規定應以區段徵收、市地重劃或其他方式整體開發取得者。 前項第一款之認定基準及程序，由當地直轄市、縣（市）主管機關定之。 第一項第二款之土地，其坵形應完整，面積不得小於五百平方公尺。但因法令變更致不能建築使用者，或經直轄市、縣（市）政府勘定無法合併建築之小建築基地，不在此限。 ／ 第7條：送出基地申請移轉容積時，以移轉至同一主要計畫地區範圍內之其他可建築用地建築使用為限；都市計畫原擬定機關得考量都市整體發展情況，指定移入地區範圍，必要時，並得送請上級都市計畫委員會審定之。 前條第一項第一款送出基地申請移轉容積，其情形特殊者，提經內政部都市計畫委員會審議通過後，得移轉至同一直轄市、縣（市）之其他主要計畫地區。 ／ 第8條：接受基地之可移入容積，以不超過該接受基地基準容積之百分之三十為原則。 位於整體開發地區、實施都市更新地區、面臨永久性空地或其他都市計畫指定地區範圍內之接受基地，其可移入容積得酌予增加。但不得超過該接受基地基準容積之百分之四十。 ／ 第9條：接受基地移入送出基地之容積，應按申請容積移轉當期各該送出基地及接受基地公告土地現值之比值計算，其計算公式如下： 接受基地移入之容積＝送出基地之土地面積ｘ（申請容積移轉當期送出基地之公告土地現值／申請容積移轉當期接受基地之公告土地現值）ｘ接受基地之容積率 前項送出基地屬第六條第一項第一款之土地者，其接受基地移入之容積，應扣除送出基地現已建築容積及基準容積之比率。其計算公式如下： 第六條第一項第一款土地之接受基地移入容積＝接受基地移入之容積ｘ〔1－（送出基地現已建築之容積／送出基地之基準容積）〕 第一項送出基地屬第六條第一項第三款且因國家公益需要設定地上權、徵收地上權或註記供捷運系統穿越使用者，其接受基地移入容積計算公式如下： 送出基地屬第六條第一項第三款且因國家公益需要設定地上權、徵收地上權或註記供捷運系統穿越使用者之接受基地移入容積＝接受基地移入之容積ｘ〔1－（送出基地因國家公益需要設定地上權、徵收地上權或註記供捷運系統穿越使用時之補償費用／送出基地因國家公益需要設定地上權、徵收地上權或註記供捷運系統穿越使用時之公告土地現值）〕 ／ 第9-1條：接受基地得以折繳代金方式移入容積，其折繳代金之金額，由直轄市、縣（市）主管機關委託三家以上專業估價者查估後評定之；必要時，查估工作得由直轄市、縣（市）主管機關辦理。其所需費用，由接受基地所有權人或公有土地地上權人負擔。 前項代金之用途，應專款專用於取得與接受基地同一主要計畫區之第六條第一項第三款土地為限。 接受基地同一主要計畫區內無第六條第一項第三款土地可供取得者，不得依本條規定申請移入容積。 ／ 第10條：送出基地除第六條第一項第二款之土地外，得分次移轉容積。接受基地在不超過第八條規定之可移入容積內，得分次移入不同送出基地之容積。 ／ 第11條：接受基地於申請建築時，因基地條件之限制，而未能完全使用其獲准移入之容積者，得依本辦法規定，移轉至同一主要計畫地區範圍內之其他可建築土地建築使用，並以一次為限。 ／ 第12條：接受基地於依法申請建築時，除容積率管制事項外，仍應符合其他都市計畫土地使用分區管制及建築法規之規定。 ／ 第13條：送出基地於許可其全部或部分容積移轉前，除第六條第一項第一款土地外，應視其類別及性質，將所有權之全部或部分贈與登記為國有、直轄市有、縣（市）有或鄉（鎮、市）有。 前項贈與登記為公有之土地中，屬第六條第一項第二款之土地，限作無建築行為之公園、綠地、廣場、體育場所及兒童遊樂場等公共空間使用。 ／ 第14條：直轄市、縣（市）主管機關應就第六條第一項第三款之送出基地進行全面清查，並得會同有關機關（構）依都市計畫分區發展優先次序、未來地方建設時序及公共設施保留地劃設先後，訂定優先移轉次序後，繕造送出基地圖冊，於各該直轄市、縣（市）主管機關及鄉（鎮、市、區）公所公告周知及將公告之日期、地點登載當地報紙，並登載於直轄市、縣（市）政府網站。 前項送出基地圖冊，應表明下列事項： 一、公共設施保留地類別、性質及面積。 二、送出基地之坐落，包括地段、地號、都市計畫圖上之區位。 三、其他應表明事項。 ／ 第15條：送出基地圖冊公告後，應置於各該直轄市、縣（市）主管機關、鄉（鎮、市、區）公所及各地政事務所，供公眾查閱。 送出基地及接受基地所有權人均得向直轄市、縣（市）主管機關或鄉（鎮、市、區）公所表達移出或移入容積之意願及條件，由各該直轄市、縣（市）主管機關及鄉（鎮、市、區）公所提供各項必要之協調聯繫及諮詢服務。 ／ 第16條：容積之移轉，應由接受基地所有權人或公有土地地上權人檢具下列文件，向該管直轄市、縣（市）主管機關申請許可： 一、申請書。 二、申請人之身分證明文件影本；其為法人者，其法人登記證明文件影本。 三、送出基地所有權人及權利關係人同意書或公有土地管理機關出具之同意文件。 四、送出基地及接受基地之土地登記簿謄本或其電子謄本。 五、送出基地及接受基地之土地所有權狀影本或公有土地管理機關出具之同意文件。 六、公有土地設定地上權契約，並載明移入容積應無條件贈與為公有，地上權人不得請求任何補償之規定。 七、其他經直轄市、縣（市）主管機關認為必要之文件。 接受基地所有權人或公有土地地上權人依第九條之一規定繳納代金者，免附前項第三款至第五款規定之相關送出基地文件。 接受基地以都市更新權利變換實施重建者，得由實施者提出申請，並得免附第一項第五款規定之接受基地土地所有權狀影本。 ／ 第17條：直轄市、縣（市）主管機關受理容積移轉申請案件後，應即審查，經審查不合規定者，駁回其申請；其須補正者，應通知其於十五日內補正，屆期未補正或補正不完全者，駁回其申請；符合規定者，除第六條第一項第一款之土地及接受基地所有權人或公有土地地上權人依第九條之一規定繳納代金完成後逕予核定外，應於接受基地所有權人、公有土地地上權人或前條第三項實施者辦畢下列事項後，許可送出基地之容積移轉： 一、取得送出基地所有權。 二、清理送出基地上土地改良物、租賃契約、他項權利及限制登記等法律關係。但送出基地屬第六條第一項第三款者，其因國家公益需要設定之地上權、徵收之地上權或註記供捷運系統穿越使用，不在此限。 三、將送出基地依第十三條規定贈與登記為公有。 前項審查期限扣除限期補正之期日外，不得超過三十日。 ／ 第18條：第六條第一項第一款之土地，經直轄市、縣（市）主管機關許可容積移轉後，送出基地上之建築物應永久保存，基地上之建築價值喪失或減損，土地所有權人應按原貌修復。 ／ 第19條：直轄市、縣（市）主管機關於許可容積移轉後，應即更新送出基地圖冊，將相關資料列冊送由主管建築機關實施建築管理及送該管土地登記機關建檔，並開放供民眾查詢。 ／ 第20條：本辦法中華民國九十三年六月三十日修正施行前，已循都市計畫擬定、變更程序，訂定容積移轉相關規定者，得依其都市計畫規定辦理容積移轉。其計畫規定之執行如有困難者，得依都市計畫擬定、變更程序變更之。
L16,law,都市更新條例,內政部,現行版本,https://law.moj.gov.tw/LawClass/LawAll.aspx?pcode=D0070008,RQ2;政策事件,都市更新條例,verified,2026-09-28,都更地區劃定與事業計畫核定,古蹟|歷史建築|文化資產|紀念建築|聚落|劃定|更新地區|災|危險|窳陋|閒置,第3條：本條例用詞，定義如下： 一、都市更新：指依本條例所定程序，在都市計畫範圍內，實施重建、整建或維護措施。 二、更新地區：指依本條例或都市計畫法規定程序，於都市計畫特定範圍內劃定或變更應進行都市更新之地區。 三、都市更新計畫：指依本條例規定程序，載明更新地區應遵循事項，作為擬訂都市更新事業計畫之指導。 四、都市更新事業：指依本條例規定，在更新單元內實施重建、整建或維護事業。 五、更新單元：指可單獨實施都市更新事業之範圍。 六、實施者：指依本條例規定實施都市更新事業之政府機關（構）、專責法人或機構、都市更新會、都市更新事業機構。 七、權利變換：指更新單元內重建區段之土地所有權人、合法建築物所有權人、他項權利人、實施者或與實施者協議出資之人，提供土地、建築物、他項權利或資金，參與或實施都市更新事業，於都市更新事業計畫實施完成後，按其更新前權利價值比率及提供資金額度，分配更新後土地、建築物或權利金。 ／ 第5條：直轄市、縣（市）主管機關應就都市之發展狀況、居民意願、原有社會、經濟關係、人文特色及整體景觀，進行全面調查及評估，並視實際情況劃定更新地區、訂定或變更都市更新計畫。 ／ 第6條：有下列各款情形之一者，直轄市、縣（市）主管機關得優先劃定或變更為更新地區並訂定或變更都市更新計畫： 一、建築物窳陋且非防火構造或鄰棟間隔不足，有妨害公共安全之虞。 二、建築物因年代久遠有傾頹或朽壞之虞、建築物排列不良或道路彎曲狹小，足以妨害公共交通或公共安全。 三、建築物未符合都市應有之機能。 四、建築物未能與重大建設配合。 五、具有歷史、文化、藝術、紀念價值，亟須辦理保存維護，或其周邊建築物未能與之配合者。 六、居住環境惡劣，足以妨害公共衛生或社會治安。 七、經偵檢確定遭受放射性污染之建築物。 八、特種工業設施有妨害公共安全之虞。 ／ 第7條：有下列各款情形之一時，直轄市、縣（市）主管機關應視實際情況，迅行劃定或變更更新地區，並視實際需要訂定或變更都市更新計畫： 一、因戰爭、地震、火災、水災、風災或其他重大事變遭受損壞。 二、為避免重大災害之發生。 三、符合都市危險及老舊建築物加速重建條例第三條第一項第一款、第二款規定之建築物。 前項更新地區之劃定、變更或都市更新計畫之訂定、變更，中央主管機關得指定該管直轄市、縣（市）主管機關限期為之，必要時並得逕為辦理。 ／ 第8條：有下列各款情形之一時，各級主管機關得視實際需要，劃定或變更策略性更新地區，並訂定或變更都市更新計畫： 一、位於鐵路場站、捷運場站或航空站一定範圍內。 二、位於都會區水岸、港灣周邊適合高度再開發地區者。 三、基於都市防災必要，需整體辦理都市更新者。 四、其他配合重大發展建設需要辦理都市更新者。 ／ 第9條：更新地區之劃定或變更及都市更新計畫之訂定或變更，未涉及都市計畫之擬定或變更者，準用都市計畫法有關細部計畫規定程序辦理；其涉及都市計畫主要計畫或細部計畫之擬定或變更者，依都市計畫法規定程序辦理，主要計畫或細部計畫得一併辦理擬定或變更。 全區採整建或維護方式處理，或依第七條規定劃定或變更之更新地區，其更新地區之劃定或變更及都市更新計畫之訂定或變更，得逕由各級主管機關公告實施之，免依前項規定辦理。 第一項都市更新計畫應表明下列事項，作為擬訂都市更新事業計畫之指導： 一、更新地區範圍。 二、基本目標與策略。 三、實質再發展概要： （一）土地利用計畫構想。 （二）公共設施改善計畫構想。 （三）交通運輸系統構想。 （四）防災、救災空間構想。 四、其他應表明事項。 依第八條劃定或變更策略性更新地區之都市更新計畫，除前項應表明事項外，並應表明下列事項： 一、劃定之必要性與預期效益。 二、都市計畫檢討構想。 三、財務計畫概要。 四、開發實施構想。 五、計畫年期及實施進度構想。 六、相關單位配合辦理事項。 ／ 第10條：有第六條或第七條之情形時，土地及合法建築物所有權人得向直轄市、縣（市）主管機關提議劃定更新地區。 直轄市、縣（市）主管機關受理前項提議，應依下列情形分別處理，必要時得通知提議人陳述意見： 一、無劃定必要者，附述理由通知原提議者。 二、有劃定必要者，依第九條規定程序辦理。 第一項提議應符合要件及應檢附之文件，由當地直轄市、縣（市）主管機關定之。 ／ 第12條：經劃定或變更應實施更新之地區，除本條例另有規定外，直轄市、縣（市）主管機關得採下列方式之一，免擬具事業概要，並依第三十二條規定，實施都市更新事業： 一、自行實施或經公開評選委託都市更新事業機構為實施者實施。 二、同意其他機關（構）自行實施或經公開評選委託都市更新事業機構為實施者實施。 依第七條第一項規定劃定或變更之更新地區，得由直轄市、縣（市）主管機關合併數相鄰或不相鄰之更新單元後，依前項規定方式實施都市更新事業。 依第七條第二項或第八條規定由中央主管機關劃定或變更之更新地區，其都市更新事業之實施，中央主管機關得準用前二項規定辦理。 ／ 第22條：經劃定或變更應實施更新之地區，其土地及合法建築物所有權人得就主管機關劃定之更新單元，或依所定更新單元劃定基準自行劃定更新單元，舉辦公聽會，擬具事業概要，連同公聽會紀錄，申請當地直轄市、縣（市）主管機關依第二十九條規定審議核准，自行組織都市更新會實施該地區之都市更新事業，或委託都市更新事業機構為實施者實施之；變更時，亦同。 前項之申請，應經該更新單元範圍內私有土地及私有合法建築物所有權人均超過二分之一，並其所有土地總面積及合法建築物總樓地板面積均超過二分之一之同意；其同意比率已達第三十七條規定者，得免擬具事業概要，並依第二十七條及第三十二條規定，逕行擬訂都市更新事業計畫辦理。 任何人民或團體得於第一項審議前，以書面載明姓名或名稱及地址，向直轄巿、縣（巿）主管機關提出意見，由直轄巿、縣（巿）主管機關參考審議。 依第一項規定核准之事業概要，直轄市、縣（市）主管機關應即公告三十日，並通知更新單元內土地、合法建築物所有權人、他項權利人、囑託限制登記機關及預告登記請求權人。 ／ 第23條：未經劃定或變更應實施更新之地區，有第六條第一款至第三款或第六款情形之一者，土地及合法建築物所有權人得按主管機關所定更新單元劃定基準，自行劃定更新單元，依前條規定，申請實施都市更新事業。 前項主管機關訂定更新單元劃定基準，應依第六條第一款至第三款及第六款之意旨，明訂建築物及地區環境狀況之具體認定方式。 第一項更新單元劃定基準於本條例中華民國一百零七年十二月二十八日修正之條文施行後訂定或修正者，應經該管政府都市計畫委員會審議通過後發布實施之；其於本條例中華民國一百零七年十二月二十八日修正之條文施行前訂定者，應於三年內修正，經該管政府都市計畫委員會審議通過後發布實施之。更新單元劃定基準訂定後，主管機關應定期檢討修正之。 ／ 第24條：申請實施都市更新事業之人數與土地及建築物所有權比率之計算，不包括下列各款： 一、依文化資產保存法所稱之文化資產。 二、經協議保留，並經直轄市、縣（市）主管機關核准且登記有案之宗祠、寺廟、教堂。 三、經政府代管或依土地法第七十三條之一規定由地政機關列冊管理者。 四、經法院囑託查封、假扣押、假處分或破產登記者。 五、未完成申報並核發派下全員證明書之祭祀公業土地或建築物。 六、未完成申報並驗印現會員或信徒名冊、系統表及土地清冊之神明會土地或建築物。 ／ 第32條：都市更新事業計畫由實施者擬訂，送由當地直轄巿、縣（巿）主管機關審議通過後核定發布實施；其屬中央主管機關依第七條第二項或第八條規定劃定或變更之更新地區辦理之都市更新事業，得逕送中央主管機關審議通過後核定發布實施。並即公告三十日及通知更新單元範圍內土地、合法建築物所有權人、他項權利人、囑託限制登記機關及預告登記請求權人；變更時，亦同。 擬訂或變更都市更新事業計畫期間，應舉辦公聽會，聽取民眾意見。 都市更新事業計畫擬訂或變更後，送各級主管機關審議前，應於各該直轄市、縣（市）政府或鄉（鎮、市）公所公開展覽三十日，並舉辦公聽會；實施者已取得更新單元內全體私有土地及私有合法建築物所有權人同意者，公開展覽期間得縮短為十五日。 前二項公開展覽、公聽會之日期及地點，應刊登新聞紙或新聞電子報，並於直轄市、縣（市）主管機關電腦網站刊登公告文，並通知更新單元範圍內土地、合法建築物所有權人、他項權利人、囑託限制登記機關及預告登記請求權人；任何人民或團體得於公開展覽期間內，以書面載明姓名或名稱及地址，向各級主管機關提出意見，由各級主管機關予以參考審議。經各級主管機關審議修正者，免再公開展覽。 依第七條規定劃定或變更之都市更新地區或採整建、維護方式辦理之更新單元，實施者已取得更新單元內全體私有土地及私有合法建築物所有權人之同意者，於擬訂或變更都市更新事業計畫時，得免舉辦公開展覽及公聽會，不受前三項規定之限制。 都市更新事業計畫擬訂或變更後，與事業概要內容不同者，免再辦理事業概要之變更。 ／ 第36條：都市更新事業計畫應視其實際情形，表明下列事項： 一、計畫地區範圍。 二、實施者。 三、現況分析。 四、計畫目標。 五、與都市計畫之關係。 六、處理方式及其區段劃分。 七、區內公共設施興修或改善計畫，含配置之設計圖說。 八、整建或維護區段內建築物改建、修建、維護或充實設備之標準及設計圖說。 九、重建區段之土地使用計畫，含建築物配置及設計圖說。 十、都市設計或景觀計畫。 十一、文化資產、都市計畫表明應予保存或有保存價值建築之保存或維護計畫。 十二、實施方式及有關費用分擔。 十三、拆遷安置計畫。 十四、財務計畫。 十五、實施進度。 十六、效益評估。 十七、申請獎勵項目及額度。 十八、權利變換之分配及選配原則。其原所有權人分配之比率可確定者，其分配比率。 十九、公有財產之處理方式及更新後之分配使用原則。 二十、實施風險控管方案。 二十一、維護管理及保固事項。 二十二、相關單位配合辦理事項。 二十三、其他應加表明之事項。 實施者為都市更新事業機構，其都市更新事業計畫報核當時之資本總額或實收資本額、負責人、營業項目及實績等，應於前項第二款敘明之。 都市更新事業計畫以重建方式處理者，第一項第二十款實施風險控管方案依下列方式之一辦理： 一、不動產開發信託。 二、資金信託。 三、續建機制。 四、同業連帶擔保。 五、商業團體辦理連帶保證協定。 六、其他經主管機關同意或審議通過之方式。 ／ 第37條：實施者擬訂或變更都市更新事業計畫報核時，應經一定比率之私有土地與私有合法建築物所有權人數及所有權面積之同意；其同意比率依下列規定計算。但私有土地及私有合法建築物所有權面積均超過十分之九同意者，其所有權人數不予計算： 一、依第十二條規定經公開評選委託都市更新事業機構辦理者：應經更新單元內私有土地及私有合法建築物所有權人均超過二分之一，且其所有土地總面積及合法建築物總樓地板面積均超過二分之一之同意。但公有土地面積超過更新單元面積二分之一者，免取得私有土地及私有合法建築物之同意。實施者應保障私有土地及私有合法建築物所有權人權利變換後之權利價值，不得低於都市更新相關法規之規定。 二、依第二十二條規定辦理者： （一）依第七條規定劃定或變更之更新地區，應經更新單元內私有土地及私有合法建築物所有權人均超過二分之一，且其所有土地總面積及合法建築物總樓地板面積均超過二分之一之同意。 （二）其餘更新地區，應經更新單元內私有土地及私有合法建築物所有權人均超過四分之三，且其所有土地總面積及合法建築物總樓地板面積均超過四分之三之同意。 三、依第二十三條規定辦理者：應經更新單元內私有土地及私有合法建築物所有權人均超過五分之四，且其所有土地總面積及合法建築物總樓地板面積均超過五分之四之同意。 前項人數與土地及建築物所有權比率之計算，準用第二十四條之規定。 都市更新事業以二種以上方式處理時，第一項人數與面積比率，應分別計算之。第二十二條第二項同意比率之計算，亦同。 各級主管機關對第一項同意比率之審核，除有民法第八十八條、第八十九條、第九十二條規定情事或雙方合意撤銷者外，以都市更新事業計畫公開展覽期滿時為準。所有權人對於公開展覽之計畫所載更新後分配之權利價值比率或分配比率低於出具同意書時者，得於公開展覽期滿前，撤銷其同意。 ／ 第38條：依第七條規定劃定或變更之都市更新地區或依第四條第一項第二款、第三款方式處理者，其共有土地或同一建築基地上有數幢或數棟建築物，其中部分建築物辦理重建、整建或維護時，得在不變更其他幢或棟建築物區分所有權人之區分所有權及其基地所有權應有部分之情形下，以辦理重建、整建或維護之各該幢或棟建築物所有權人人數、所有權及其基地所有權應有部分為計算基礎，分別計算其同意之比率。 ／ 第41條：實施者為擬訂都市更新事業計畫，得派員進入更新地區範圍內之公私有土地或建築物實施調查或測量；其進入土地或建築物，應先通知其所有權人、管理人或使用人。 依前項辦理調查或測量時，應先報請當地直轄市、縣（市）主管機關核准。但主管機關辦理者，不在此限。 依第一項辦理調查或測量時，如必須遷移或除去該土地上之障礙物，應先通知所有權人、管理人或使用人，所有權人、管理人或使用人因而遭受之損失，應予適當之補償；補償金額由雙方協議之，協議不成時，由當地直轄市、縣（市）主管機關核定之。 ／ 第42條：更新地區劃定或變更後，直轄市、縣（市）主管機關得視實際需要，公告禁止更新地區範圍內建築物之改建、增建或新建及採取土石或變更地形。但不影響都市更新事業之實施者，不在此限。 前項禁止期限，最長不得超過二年。 違反第一項規定者，當地直轄市、縣（市）主管機關得限期命令其拆除、改建、停止使用或恢復原狀。 ／ 第46條：公有土地及建築物，除另有合理之利用計畫，確無法併同實施都市更新事業者外，於舉辦都市更新事業時，應一律參加都市更新，並依都市更新事業計畫處理之，不受土地法第二十五條、國有財產法第七條、第二十八條、第五十三條、第六十六條、預算法第二十五條、第二十六條、第八十六條及地方政府公產管理法令相關規定之限制。 公有土地及建築物為公用財產而須變更為非公用財產者，應配合當地都市更新事業計畫，由各該級政府之非公用財產管理機關逕行變更為非公用財產，統籌處理，不適用國有財產法第三十三條至第三十五條及地方政府公產管理法令之相關規定。 前二項公有財產依下列方式處理： 一、自行辦理、委託其他機關（構）、都市更新事業機構辦理或信託予信託機構辦理更新。 二、由直轄市、縣（市）政府或其他機關以徵收、區段徵收方式實施都市更新事業時，應辦理撥用或撥供使用。 三、以權利變換方式實施都市更新事業時，除按應有之權利價值選擇參與分配土地、建築物、權利金或領取補償金外，並得讓售實施者。 四、以協議合建方式實施都市更新事業時，得主張以權利變換方式參與分配或以標售、專案讓售予實施者；其採標售方式時，除原有法定優先承購者外，實施者得以同樣條件優先承購。 五、以設定地上權方式參與或實施。 六、其他法律規定之方式。 經劃定或變更應實施更新之地區於本條例中華民國一百零七年十二月二十八日修正之條文施行後擬訂報核之都市更新事業計畫，其範圍內之公有土地面積或比率達一定規模以上者，除有特殊原因者外，應依第十二條第一項規定方式之一辦理。其一定規模及特殊原因，由各級主管機關定之。 公有財產依第三項第一款規定委託都市更新事業機構辦理更新時，除本條例另有規定外，其徵求都市更新事業機構之公告申請、審核、異議、申訴程序及審議判斷，準用第十三條至第二十條規定。 公有土地上之舊違章建築戶，如經協議納入都市更新事業計畫處理，並給付管理機關使用補償金等相關費用後，管理機關得與該舊違章建築戶達成訴訟上之和解。 ／ 第65條：都市更新事業計畫範圍內之建築基地，得視都市更新事業需要，給予適度之建築容積獎勵；獎勵後之建築容積，不得超過各該建築基地一點五倍之基準容積，且不得超過都市計畫法第八十五條所定施行細則之規定。 有下列各款情形之一者，其獎勵後之建築容積得依下列規定擇優辦理，不受前項後段規定之限制： 一、實施容積管制前已興建完成或已申請建造執照之合法建築物，其原建築容積高於基準容積：不得超過各該建築基地零點三倍之基準容積再加其原建築容積，或各該建築基地一點二倍之原建築容積。 二、前款合法建築物經直轄市、縣（市）主管機關認定屬高氯離子鋼筋混凝土或耐震能力不足而有明顯危害公共安全：不得超過各該建築基地一點三倍之原建築容積。 三、各級主管機關依第八條劃定或變更策略性更新地區，屬依第十二條第一項規定方式辦理，且更新單元面積達一萬平方公尺以上：不得超過各該建築基地二倍之基準容積或各該建築基地零點五倍之基準容積再加其原建築容積。 符合前項第二款情形之建築物，得依該款獎勵後之建築容積上限額度建築，且不得再申請第五項所定辦法、自治法規及其他法令規定之建築容積獎勵項目。 依第七條、第八條規定劃定或變更之更新地區，於實施都市更新事業時，其建築物高度及建蔽率得酌予放寬；其標準，由直轄市、縣（市）主管機關定之。但建蔽率之放寬以住宅區之基地為限，且不得超過原建蔽率。 第一項、第二項第一款及第三款建築容積獎勵之項目、計算方式、額度、申請條件及其他相關事項之辦法，由中央主管機關定之；直轄市、縣（市）主管機關基於都市發展特性之需要，得以自治法規另訂獎勵之項目、計算方式、額度、申請條件及其他應遵行事項。 依前項直轄市、縣（市）自治法規給予之建築容積獎勵，不得超過各該建築基地零點二倍之基準容積。但依第二項第三款規定辦理者，不得超過各該建築基地零點四倍之基準容積。 各級主管機關依第五項規定訂定辦法或自治法規有關獎勵之項目，應考量對都市環境之貢獻、公共設施服務水準之影響、文化資產保存維護之貢獻、新技術之應用及有助於都市更新事業之實施等因素。 第二項第二款及第五十七條第三項耐震能力不足建築物而有明顯危害公共安全之認定方式、程序、基準及其他相關事項之辦法，由中央主管機關定之。 都市更新事業計畫於本條例中華民國一百零八年一月三十日修正施行前擬訂報核者，得適用修正前之規定；都市更新事業計畫於本條例一百十三年十月二十五日修正之條文施行前擬訂報核者，得適用修正後之第二項第一款規定。 ／ 第66條：更新地區範圍內公共設施保留地、依法或都市計畫表明應予保存、直轄市、縣（市）主管機關認定有保存價值及依第二十九條規定審議保留之建築所坐落之土地或街區，或其他為促進更有效利用之土地，其建築容積得一部或全部轉移至其他建築基地建築使用，並準用依都市計畫法第八十三條之一第二項所定辦法有關可移出容積訂定方式、可移入容積地區範圍、接受基地可移入容積上限、換算公式、移轉方式及作業方法等規定辦理。 前項建築容積經全部轉移至其他建築基地建築使用者，其原為私有之土地應登記為公有。 ／ 第68條：以更新地區內之土地為信託財產，訂定以委託人為受益人之信託契約者，不課徵贈與稅。 前項信託土地，因信託關係而於委託人與受託人間移轉所有權者，不課徵土地增值稅。 ／ 第69條：以更新地區內之土地為信託財產者，於信託關係存續中，以受託人為地價稅或田賦之納稅義務人。 前項土地應與委託人在同一直轄市或縣（市）轄區內所有之土地合併計算地價總額，依土地稅法第十六條規定稅率課徵地價稅，分別就各該土地地價占地價總額之比率，計算其應納之地價稅。但信託利益之受益人為非委託人且符合下列各款規定者，前項土地應與受益人在同一直轄市或縣（市）轄區內所有之土地合併計算地價總額： 一、受益人已確定並享有全部信託利益。 二、委託人未保留變更受益人之權利。 ／ 第70條：實施者為股份有限公司組織之都市更新事業機構，投資於經主管機關劃定或變更為應實施都市更新地區之都市更新事業支出，得於支出總額百分之二十範圍內，抵減其都市更新事業計畫完成年度應納營利事業所得稅額，當年度不足抵減時，得在以後四年度抵減之。 都市更新事業依第十二條規定由主管機關或經同意之其他機關（構）自行實施，經公開徵求股份有限公司提供資金並協助實施都市更新事業，於都市更新事業計畫或權利變換計畫載明權責分工及協助實施都市更新事業內容者，該公司實施都市更新事業之支出得準用前項投資抵減之規定。 前二項投資抵減，其每一年度得抵減總額，以不超過該公司當年度應納營利事業所得稅額百分之五十為限。但最後年度抵減金額，不在此限。 第一項及第二項投資抵減之適用範圍，由財政部會商內政部定之。 ／ 第73條：因實施都市更新事業而興修之重要公共設施，除本條例另有規定外，實施者得要求該公共設施之管理者負擔該公共設施興修所需費用之全部或一部；其費用負擔應於都市更新事業計畫中訂定。 更新地區範圍外必要之關聯性公共設施，各該主管機關應配合更新進度，優先興建，並實施管理。
L17,law,都市計畫法,內政部,現行版本,https://law.moj.gov.tw/LawClass/LawAll.aspx?pcode=D0070001,RQ2;政策事件;建物特徵,都市計畫法,verified,2026-09-28,使用分區與都市計畫變更,變更|古蹟|保存|文化|災|通盤檢討|細部計畫|使用分區,第7條：本法用語定義如左： 一、主要計畫：係指依第十五條所定之主要計畫書及主要計畫圖，作為擬定細部計畫之準則。 二、細部計畫：係指依第二十二條之規定所為之細部計畫書及細部計畫圖，作為實施都市計畫之依據。 三、都市計畫事業：係指依本法規定所舉辦之公共設施、新市區建設、舊市區更新等實質建設之事業。 四、優先發展區：係指預計在十年內必須優先規劃建設發展之都市計畫地區。 五、新市區建設：係指建築物稀少，尚未依照都市計畫實施建設發展之地區。 六、舊市區更新：係指舊有建築物密集，畸零破舊，有礙觀瞻，影響公共安全，必須拆除重建，就地整建或特別加以維護之地區。 ／ 第8條：都市計畫之擬定、變更，依本法所定之程序為之。 ／ 第15條：市鎮計畫應先擬定主要計畫書，並視其實際情形，就左列事項分別表明之： 一、當地自然、社會及經濟狀況之調查與分析。 二、行政區域及計畫地區範圍。 三、人口之成長、分布、組成、計畫年期內人口與經濟發展之推計。 四、住宅、商業、工業及其他土地使用之配置。 五、名勝、古蹟及具有紀念性或藝術價值應予保存之建築。 六、主要道路及其他公眾運輸系統。 七、主要上下水道系統。 八、學校用地、大型公園、批發市場及供作全部計畫地區範圍使用之公共設施用地。 九、實施進度及經費。 十、其他應加表明之事項。 前項主要計畫書，除用文字、圖表說明外，應附主要計畫圖，其比例尺不得小於一萬分之一；其實施進度以五年為一期，最長不得超過二十五年。 ／ 第16條：鄉街計畫及特定區計畫之主要計畫所應表明事項，得視實際需要，參照前條第一項規定事項全部或一部予以簡化，並得與細部計畫合併擬定之。 ／ 第17條：第十五條第一項第九款所定之實施進度，應就其計畫地區範圍預計之發展趨勢及地方財力，訂定分區發展優先次序。第一期發展地區應於主要計畫發布實施後，最多二年完成細部計畫；並於細部計畫發布後，最多五年完成公共設施。其他地區應於第一期發展地區開始進行後，次第訂定細部計畫建設之。 未發布細部計畫地區，應限制其建築使用及變更地形。但主要計畫發布已逾二年以上，而能確定建築線或主要公共設施已照主要計畫興建完成者，得依有關建築法令之規定，由主管建築機關指定建築線，核發建築執照。 ／ 第22條：細部計畫應以細部計畫書及細部計畫圖就左列事項表明之： 一、計畫地區範圍。 二、居住密度及容納人口。 三、土地使用分區管制。 四、事業及財務計畫。 五、道路系統。 六、地區性之公共設施用地。 七、其他。 前項細部計畫圖比例尺不得小於一千二百分之一。 ／ 第23條：細部計畫擬定後，除依第十四條規定由內政部訂定，及依第十六條規定與主要計畫合併擬定者，由內政部核定實施外，其餘均由該管直轄市、縣（市）政府核定實施。 前項細部計畫核定之審議原則，由內政部定之。 細部計畫核定發布實施後，應於一年內豎立都市計畫樁、計算坐標及辦理地籍分割測量，並將道路及其他公共設施用地、土地使用分區之界線測繪於地籍圖上，以供公眾閱覽或申請謄本之用。 前項都市計畫樁之測定、管理及維護等事項之辦法，由內政部定之。 細部計畫之擬定、審議、公開展覽及發布實施，應分別依第十七條第一項、第十八條、第十九條及第二十一條規定辦理。 ／ 第24條：土地權利關係人為促進其土地利用，得配合當地分區發展計畫，自行擬定或變更細部計畫，並應附具事業及財務計畫，申請當地直轄市、縣（市）政府或鄉、鎮、縣轄市公所依前條規定辦理。 ／ 第25條：土地權利關係人自行擬定或申請變更細部計畫，遭受直轄市、縣（市）政府或鄉、鎮、縣轄市公所拒絕時，得分別向內政部或縣（市）政府請求處理；經內政部或縣（市）政府依法處理後，土地權利關係人不得再提異議。 ／ 第26條：都市計畫經發布實施後，不得隨時任意變更。但擬定計畫之機關每三年內或五年內至少應通盤檢討一次，依據發展情況，並參考人民建議作必要之變更。對於非必要之公共設施用地，應變更其使用。 前項都市計畫定期通盤檢討之辦理機關、作業方法及檢討基準等事項之實施辦法，由內政部定之。 ／ 第27條：都市計畫經發布實施後，遇有下列情事之一時，當地直轄市、縣（市）政府或鄉、鎮、縣轄市公所，應視實際情況迅行變更： 一、因戰爭、地震、水災、風災、火災或其他重大事變遭受損壞時。 二、為避免重大災害之發生時。 三、為適應國防或經濟發展之需要時。 四、為配合中央、直轄市或縣（市）興建之重大設施時。 前項都市計畫之變更，內政部或縣（市）政府得指定各該原擬定之機關限期為之，必要時，並得逕為變更。 ／ 第27-1條：土地權利關係人依第二十四條規定自行擬定或變更細部計畫，或擬定計畫機關依第二十六條或第二十七條規定辦理都市計畫變更時，主管機關得要求土地權利關係人提供或捐贈都市計畫變更範圍內之公共設施用地、可建築土地、樓地板面積或一定金額予當地直轄市、縣（市）政府或鄉、鎮、縣轄市公所。 前項土地權利關係人提供或捐贈之項目、比例、計算方式、作業方法、辦理程序及應備書件等事項，由內政部於審議規範或處理原則中定之。 ／ 第27-2條：重大投資開發案件，涉及都市計畫之擬定、變更，依法應辦理環境影響評估、實施水土保持之處理與維護者，得採平行作業方式辦理。必要時，並得聯合作業，由都市計畫主管機關召集聯席會議審決之。 前項重大投資開發案件之認定、聯席審議會議之組成及作業程序之辦法，由內政部會商中央環境保護及水土保持主管機關定之。 ／ 第28條：主要計畫及細部計畫之變更，其有關審議、公開展覽、層報核定及發布實施等事項，應分別依照第十九條至第二十一條及第二十三條之規定辦理。 ／ 第29條：內政部、各級地方政府或鄉、鎮、縣轄市公所為訂定、擬定或變更都市計畫，得派查勘人員進入公私土地內實施勘查或測量。但設有圍障之土地，應事先通知其所有權人或使用人。 為前項之勘查或測量，如必須遷移或除去該土地上之障礙物時，應事先通知其所有權人或使用人；其所有權人或使用人因而遭受之損失，應予適當之補償；補償金額由雙方協議之，協議不成，由當地直轄市、縣（市）政府函請內政部予以核定。 ／ 第41條：都市計畫發布實施後，其土地上原有建築物不合土地使用分區規定者，除准修繕外，不得增建或改建。當地直轄市、縣（市）政府或鄉、鎮、縣轄市公所認有必要時，得斟酌地方情形限期令其變更使用或遷移；其因變更使用或遷移所受之損害，應予適當之補償，補償金額由雙方協議之；協議不成，由當地直轄市、縣（市）政府函請內政部予以核定。 ／ 第44條：道路系統、停車場所及加油站，應按土地使用分區及交通情形與預期之發展配置之。鐵路、公路通過實施都市計畫之區域者，應避免穿越市區中心。 ／ 第58條：縣（市）政府為實施新市區之建設，對於劃定範圍內之土地及地上物得實施區段徵收或土地重劃。 依前項規定辦理土地重劃時，該管地政機關應擬具土地重劃計畫書，呈經上級主管機關核定公告滿三十日後實施之。 在前項公告期間內，重劃地區內土地所有權人半數以上，而其所有土地面積超過重劃地區土地總面積半數者表示反對時，該管地政機關應參酌反對理由，修訂土地重劃計畫書，重行報請核定，並依核定結果辦理，免再公告。 土地重劃之範圍選定後，直轄市、縣（市）政府得公告禁止該地區之土地移轉、分割、設定負擔、新建、增建、改建及採取土石或變更地形。但禁止期間，不得超過一年六個月。 土地重劃地區之最低面積標準、計畫書格式及應訂事項，由內政部訂定之。 ／ 第61條：私人或團體申請當地直轄市、縣（市）政府核准後，得舉辦新市區之建設事業。但其申請建設範圍之土地面積至少應在十公頃以上，並應附具下列計畫書件： 一、土地面積及其權利證明文件。 二、細部計畫及其圖說。 三、公共設施計畫。 四、建築物配置圖。 五、工程進度及竣工期限。 六、財務計畫。 七、建設完成後土地及建築物之處理計畫。 前項私人或團體舉辦之新市區建設範圍內之道路、兒童遊樂場、公園以及其他必要之公共設施等，應由舉辦事業人自行負擔經費。 ／ 第63條：直轄市、縣（市）政府或鄉、鎮、縣轄市公所對於窳陋或髒亂地區認為有必要時，得視細部計畫劃定地區範圍，訂定更新計畫實施之。 ／ 第64條：都市更新處理方式，分為下列三種： 一、重建：係為全地區之徵收、拆除原有建築、重新建築、住戶安置，並得變更其土地使用性質或使用密度。 二、整建：強制區內建築物為改建、修建、維護或設備之充實，必要時，對部分指定之土地及建築物徵收、拆除及重建，改進區內公共設施。 三、維護：加強區內土地使用及建築管理，改進區內公共設施，以保持其良好狀況。 前項更新地區之劃定，由直轄市、縣（市）政府依各該地方情況，及按各類使用地區訂定標準，送內政部核定。 ／ 第66條：更新地區範圍之劃定及更新計畫之擬定、變更、報核與發布，應分別依照有關細部計畫之規定程序辦理。 ／ 第69條：更新地區範圍劃定後，其需拆除重建地區，應禁止地形變更、建築物新建、增建或改建。 ／ 第79條：都市計畫範圍內土地或建築物之使用，或從事建造、採取土石、變更地形，違反本法或內政部、直轄市、縣（市）政府依本法所發布之命令者，當地地方政府或鄉、鎮、縣轄市公所得處其土地或建築物所有權人、使用人或管理人新臺幣六萬元以上三十萬元以下罰鍰，並勒令拆除、改建、停止使用或恢復原狀。不拆除、改建、停止使用或恢復原狀者，得按次處罰，並停止供水、供電、封閉、強制拆除或採取其他恢復原狀之措施，其費用由土地或建築物所有權人、使用人或管理人負擔。 前項罰鍰，經限期繳納，屆期不繳納者，依法移送強制執行。 依第八十一條劃定地區範圍實施禁建地區，適用前二項之規定。 ／ 第81條：依本法新訂、擴大或變更都市計畫時，得先行劃定計畫地區範圍，經由該管都市計畫委員會通過後，得禁止該地區內一切建築物之新建、增建、改建，並禁止變更地形或大規模採取土石。但為軍事、緊急災害或公益等之需要，或施工中之建築物，得特許興建或繼續施工。 前項特許興建或繼續施工之准許條件、辦理程序、應備書件及違反准許條件之廢止等事項之辦法，由內政部定之。 第一項禁止期限，視計畫地區範圍之大小及舉辦事業之性質定之。但最長不得超過二年。 前項禁建範圍及期限，應報請行政院核定。 第一項特許興建或繼續施工之建築物，如牴觸都市計畫必須拆除時，不得請求補償。 ／ 第82條：直轄市及縣（市）政府對於內政部核定之主要計畫、細部計畫，如有申請復議之必要時，應於接到核定公文之日起一個月內提出，並以一次為限；經內政部復議仍維持原核定計畫時，應依第二十一條之規定即予發布實施。 ／ 第83-1條：公共設施保留地之取得、具有紀念性或藝術價值之建築與歷史建築之保存維護及公共開放空間之提供，得以容積移轉方式辦理。 前項容積移轉之送出基地種類、可移出容積訂定方式、可移入容積地區範圍、接受基地可移入容積上限、換算公式、移轉方式、折繳代金、作業方法、辦理程序及應備書件等事項之辦法，由內政部定之。
L18,law,平均地權條例,內政部,現行版本,https://law.moj.gov.tw/LawClass/LawAll.aspx?pcode=D0060009,地價,平均地權條例,verified,2026-09-28,公告土地現值與公告地價的法源；實價登錄,公告土地現值|公告地價|實際資訊|申報登錄,第10條：本條例實施地區內之土地，政府於依法徵收時，應按照徵收當期之公告土地現值，補償其地價。在都市計畫區內之公共設施保留地，應按毗鄰非公共設施保留地之平均公告土地現值，補償其地價，其地上建築改良物，應參照重建價格補償。 ／ 第16條：舉辦規定地價或重新規定地價時，土地所有權人未於公告期間申報地價者，以公告地價百分之八十為其申報地價。土地所有權人於公告期間申報地價者，其申報之地價超過公告地價百分之一百二十時，以公告地價百分之一百二十為其申報地價；申報之地價未滿公告地價百分之八十時，得照價收買或以公告地價百分之八十為其申報地價。 ／ 第17條：已規定地價之土地，應按申報地價，依法徵收地價稅。 應納地價稅額因公告地價調整致納稅義務人繳納困難者，得於規定繳納期間內，向稅捐稽徵機關申請延期或分期繳納，延期繳納期間不得逾六個月，分期繳納期間不得逾一年。 前項延期或分期繳納辦法，直轄市及縣（市）政府得依社會經濟情況及實際需要定之。 ／ 第31條：照價收買土地之地價，依左列規定計算之： 一、依第十六條規定收買者，以其申報地價為準。 二、依第四十七條之一規定收買者，以其申報土地移轉現值為準。 三、依第二十六條、第二十六條之一、第七十二條、第七十六條規定收買者，以收買當期之公告土地現值為準。 ／ 第38條：土地所有權移轉，其移轉現值超過原規定地價或前次移轉時申報之現值，應就其超過總數額依第三十六條第二項之規定扣減後，徵收土地增值稅。 前項所稱原規定地價，係指中華民國五十三年規定之地價；其在中華民國五十三年以前已依土地法規定辦理規定地價及在中華民國五十三年以後舉辦規定地價之土地，均以其第一次規定之地價為原規定地價。所稱前次移轉時申報之現值，於因繼承取得之土地再行移轉者，係指繼承開始時該土地之公告土地現值。 ／ 第38-1條：依第三十五條之三規定不課徵土地增值稅之土地，於所有權移轉、設定典權或依信託法第三十五條第一項規定移轉為受託人自有土地時，以該土地不課徵土地增值稅前之原規定地價或最近一次經核定之移轉現值為原地價，計算漲價總數額，課徵土地增值稅。但屬第四十二條第二項但書規定情形者，其原地價之認定，依其規定。 因遺囑成立之信託，於成立時以土地為信託財產者，該土地有前項應課徵土地增值稅之情形時，其原地價指遺囑人死亡日當期之公告土地現值。 前二項土地，於計課土地增值稅時，委託人或受託人於信託前或信託關係存續中，有支付第三十六條第二項改良土地之改良費用或同條第三項增繳之地價稅者，準用該條之減除或抵繳規定。 ／ 第40條：土地增值稅之稅率，依下列規定： 一、土地漲價總數額超過原規定地價或前次移轉時核計土地增值稅之現值數額未達百分之一百者，就其漲價總數額徵收增值稅百分之二十。 二、土地漲價總數額超過原規定地價或前次移轉時核計土地增值稅之現值數額在百分之一百以上未達百分之二百者，除按前款規定辦理外，其超過部分徵收增值稅百分之三十。 三、土地漲價總數額超過原規定地價或前次移轉時核計土地增值稅之現值數額在百分之二百以上者，除按前二款規定分別辦理外，其超過部分徵收增值稅百分之四十。 因修正前項稅率造成直轄市政府及縣（市）政府稅收之實質損失，於財政收支劃分法修正擴大中央統籌分配稅款規模之規定施行前，由中央政府補足之，並不受預算法第二十三條有關公債收入不得充經常支出之用之限制。 前項實質損失之計算，由財政部與直轄市政府及縣（市）政府協商之。 公告土地現值，不得低於一般正常交易價值之一定比例。 前項一定比例，由中央主管機關會同財政部與直轄市、縣（市）政府會商後定之。但應逐年接近一般正常交易價格。 持有土地年限超過二十年以上者，就其土地增值稅超過第一項最低稅率部分減徵百分之二十。 持有土地年限超過三十年以上者，就其土地增值稅超過第一項最低稅率部分減徵百分之三十。 持有土地年限超過四十年以上者，就其土地增值稅超過第一項最低稅率部分減徵百分之四十。 ／ 第41條：土地所有權人出售其自用住宅用地者，都市土地面積未超過三公畝部分或非都市土地面積未超過七公畝部分，其土地增值稅統就該部分之土地漲價總數額按百分之十徵收之；超過三公畝或七公畝者，其超過部分之土地漲價總數額，依前條規定之稅率徵收之。 前項土地於出售前一年內，曾供營業使用或出租者，不適用前項規定。 第一項規定於自用住宅之評定現值不及所占基地公告土地現值百分之十者，不適用之。但自用住宅建築工程完成滿一年以上者，不在此限。 土地所有權人，依第一項規定稅率繳納土地增值稅者，以一次為限。 土地所有權人適用前項規定後，再出售其自用住宅用地，符合下列各款規定者，不受前項一次之限制： 一、出售都市土地面積未超過一‧五公畝部分或非都市土地面積未超過三‧五公畝部分。 二、出售時土地所有權人與其配偶及未成年子女，無該自用住宅以外之房屋。 三、出售前持有該土地六年以上。 四、土地所有權人或其配偶、未成年子女於土地出售前，在該地設有戶籍且持有該自用住宅連續滿六年。 五、出售前五年內，無供營業使用或出租。 ／ 第45條：作農業使用之農業用地，移轉與自然人時，得申請不課徵土地增值稅。 前項不課徵土地增值稅之土地承受人於其具有土地所有權之期間內，曾經有關機關查獲該土地未作農業使用且未在有關機關所令期限內恢復作農業使用，或雖在有關機關所令期限內已恢復作農業使用而再有未作農業使用情事者，於再移轉時應課徵土地增值稅。 前項所定土地承受人有未作農業使用之情事，於配偶間相互贈與之情形，應合併計算。 作農業使用之農業用地，於本條例中華民國八十九年一月六日修正施行後第一次移轉，或依第一項規定取得不課徵土地增值稅之土地後再移轉，依法應課徵土地增值稅時，以該修正施行日當期之公告土地現值為原地價，計算漲價總數額，課徵土地增值稅。 本條例中華民國八十九年一月六日修正施行後，曾經課徵土地增值稅之農業用地再移轉時，依法應課徵土地增值稅時，以該土地最近一次課徵土地增值稅時核定之申報移轉現值為原地價，計算漲價總數額，課徵土地增值稅，不適用前項規定。 ／ 第47條：土地所有權移轉或設定典權時，權利人及義務人應於訂定契約之日起三十日內，檢同契約及有關文件，共同申請土地所有權移轉或設定典權登記，並共同申報其土地移轉現值。但依規定得由權利人單獨申請登記者，權利人得單獨申報其移轉現值。 權利人及義務人應於買賣案件申請所有權移轉登記時，檢附申報書共同向直轄市、縣（市）主管機關申報登錄土地及建物成交案件實際資訊（以下簡稱申報登錄資訊）。 前項申報登錄資訊，除涉及個人資料外，得提供查詢。 已登錄之不動產交易價格資訊，在相關配套措施完全建立並完成立法後，始得為課稅依據。 第二項申報登錄資訊類別、內容與第三項提供之內容、方式、收費費額及其他應遵行事項之辦法，由中央主管機關定之。 直轄市、縣（市）主管機關為查核申報登錄資訊，得向權利人、義務人、地政士或不動產經紀業要求查詢、取閱有關文件或提出說明；中央主管機關為查核疑有不實之申報登錄價格資訊，得向相關機關或金融機構查詢、取閱價格資訊有關文件。受查核者不得規避、妨礙或拒絕。 前項查核，不得逾確保申報登錄資訊正確性目的之必要範圍。 第二項受理及第六項查核申報登錄資訊，直轄市、縣（市）主管機關得委任所屬機關辦理。 本條例中華民國一百零九年十二月三十日修正之條文施行前，以區段化、去識別化方式提供查詢之申報登錄資訊，於修正施行後，應依第三項規定重新提供查詢。 ／ 第47-1條：土地所有權移轉或設定典權，其申報移轉現值之審核標準，依左列規定： 一、申報人於訂定契約之日起三十日內申報者，以訂約日當期之公告土地現值為準。 二、申報人逾訂定契約之日起三十日始申報者，以受理申報機關收件日當期之公告土地現值為準。 三、遺贈之土地，以遺贈人死亡日當期之公告土地現值為準。 四、依法院判決移轉登記者，以申報人向法院起訴日當期之公告土地現值為準。 五、經法院拍賣之土地，以拍定日當期之公告土地現值為準。但拍定價額低於公告土地現值者，以拍定價額為準；拍定價額如已先將設定抵押金額及其他債務予以扣除者，應以併同計算之金額為準。 六、經政府核定照價收買或協議購買之土地，以政府收買日或購買日當期之公告土地現值為準。但政府給付之地價低於收買日或購買日當期之公告土地現值者，以政府給付之地價為準。 前項第一款至第四款申報人申報之移轉現值，經審核低於公告土地現值者，得由主管機關照其自行申報之移轉現值收買或照公告土地現值徵收土地增值稅。前項第一款至第三款之申報移轉現值，經審核超過公告土地現值者，應以其自行申報之移轉現值為準，徵收土地增值稅。 ／ 第47-2條：依法免徵土地增值稅之土地，主管稅捐機關應依左列規定核定其移轉現值並發給免稅證明，以憑辦理土地所有權移轉登記： 一、依第三十五條規定免徵土地增值稅之公有土地，以實際出售價額為準。但各級政府贈與或受贈之土地，以贈與契約訂約日當期之公告土地現值為準。 二、依第三十五條之一規定免徵土地增值稅之私有土地，以贈與契約訂約日當期之公告土地現值為準。 三、依第三十六條規定免徵土地增值稅之繼承土地，以繼承開始時當期之公告土地現值為準。 四、依第四十二條之一第二項規定免徵土地增值稅之抵價地，以區段徵收時實際領回抵價地之地價為準。 ／ 第47-3條：銷售預售屋者，應於銷售前將預售屋坐落基地、建案名稱、銷售地點、期間、戶（棟）數及預售屋買賣定型化契約，以書面報請預售屋坐落基地所在之直轄市、縣（市）主管機關備查。 銷售預售屋者，應於簽訂或解除買賣契約書之日起三十日內，向直轄市、縣（市）主管機關申報登錄資訊。但委託不動產經紀業代銷者，由不動產經紀業辦理簽訂買賣契約書之申報登錄資訊。 第一項備查，準用第四十七條第三項、第六項至第八項及第五項所定辦法之規定；其備查內容及方式之辦法，由中央主管機關定之。 第二項申報登錄資訊，準用第四十七條第三項、第四項、第六項至第八項及第五項所定辦法之規定。 銷售預售屋、領得使用執照且未辦竣建物所有權第一次登記之成屋（以下簡稱新建成屋）者，向買受人收受定金或類似名目之金額，應以書面契據確立買賣標的物及價金等事項，並不得約定保留出售、保留簽訂買賣契約之權利或其他不利於買受人之事項。委託不動產經紀業代銷者，亦同。 前項書面契據，買受人不得轉售與第三人。銷售預售屋或新建成屋者，不得同意或協助買受人將該書面契據轉售與第三人。 直轄市、縣（市）主管機關得向前二項之買受人、銷售預售屋或新建成屋者或相關第三人要求查詢、取閱有關文件或提出說明。受查核者不得規避、妨礙或拒絕。 ／ 第63條：出租之公、私有耕地因實施市地重劃致不能達到原租賃之目的者，由直轄市或縣（市）政府逕為註銷其租約並通知當事人。 依前項規定註銷租約者，承租人得依左列規定請求或領取補償： 一、重劃後分配土地者，承租人得向出租人請求按重劃計畫書公告當期該土地之公告土地現值三分之一之補償。 二、重劃後未受分配土地者，其應領之補償地價，由出租人領取三分之二，承租人領取三分之一。 因重劃抵充為公共設施用地之公有出租農業用地，直轄市或縣（市）政府應逕為註銷租約，並按重劃計畫書公告當期該土地之公告土地現值三分之一補償承租人，所需費用列為重劃共同負擔。 ／ 第77條：耕地出租人依前條規定終止租約收回耕地時，除應補償承租人為改良土地所支付之費用及尚未收穫之農作改良物外，應就申請終止租約當期之公告土地現值，預計土地增值稅，並按該公告土地現值減除預計土地增值稅後餘額三分之一給予補償。 前項改良土地所支付之費用，以承租人已依耕地三七五減租條例第十三條規定以書面通知出租人者為限。 公有出租耕地終止租約時，應依照第一項規定補償耕地承租人。 ／ 第81-2條：違反第四十七條第二項規定，未共同申報登錄資訊者，直轄市、縣（市）主管機關應令其限期申報登錄資訊；屆期未申報登錄資訊，買賣案件已辦竣所有權移轉登記者，處新臺幣三萬元以上十五萬元以下罰鍰，並令其限期改正；屆期未改正者，按次處罰。經處罰二次仍未改正者，按次處新臺幣三十萬元以上一百萬元以下罰鍰。其含建物者，按戶（棟）處罰。 有下列情形之一者，由直轄市、縣（市）主管機關處新臺幣三萬元以上十五萬元以下罰鍰，並令其限期改正；屆期未改正者，按次處罰。經處罰二次仍未改正者，按次處新臺幣三十萬元以上一百萬元以下罰鍰。其含建物者，按戶（棟）處罰： 一、違反第四十七條第二項規定，申報登錄價格資訊不實。 二、違反第四十七條之三第二項規定，未依限申報登錄資訊、申報登錄價格、交易面積或解除買賣契約資訊不實。 有下列情形之一者，由主管機關處新臺幣三萬元以上十五萬元以下罰鍰，並令其限期改正；屆期未改正者，按次處罰： 一、金融機構、權利人、義務人、地政士或不動產經紀業違反第四十七條第六項或第四十七條之三第三項及第四項準用第四十七條第六項規定，規避、妨礙或拒絕查核。 二、違反第四十七條之三第一項規定，未於銷售前以書面將預售屋坐落基地、建案名稱、銷售地點、期間、戶（棟）數及預售屋買賣定型化契約報備查。 有下列情形之一者，直轄市、縣（市）主管機關應令其限期改正；屆期未改正者，處新臺幣六千元以上三萬元以下罰鍰，並令其限期改正；屆期未改正者，按次處罰： 一、違反第四十七條第二項規定，申報登錄價格以外資訊不實。 二、違反第四十七條之三第二項規定，申報登錄價格、交易面積或解除買賣契約以外資訊不實。 銷售預售屋者，使用之契約不符合中央主管機關公告之預售屋買賣定型化契約應記載及不得記載事項，由直轄市、縣（市）主管機關按戶（棟）處新臺幣六萬元以上三十萬元以下罰鍰。 有下列情形之一者，由直轄市、縣（市）主管機關按戶（棟）處新臺幣十五萬元以上一百萬元以下罰鍰： 一、銷售預售屋或新建成屋者，自行銷售或委託代銷，違反第四十七條之三第五項規定。 二、預售屋或新建成屋買受人，違反第四十七條之三第六項規定。 三、銷售預售屋或新建成屋者，違反第四十七條之三第六項規定，同意或協助買受人將書面契據轉售與第三人。 ／ 第81-4條：民眾對不動產銷售、買賣或申報登錄資訊知有違反法規規定情事者，得敘明事實並檢具證據資料，向直轄市、縣（市）主管機關檢舉。 直轄市、縣（市）主管機關對於前項檢舉，經查證屬實並處以罰鍰者，得以實收罰鍰總金額收入一定比率，提充檢舉獎金與檢舉人。 直轄市、縣（市）主管機關對於不動產銷售、買賣或申報登錄資訊違反法規規定處有罰鍰者，應以實收罰鍰總金額收入一定比率，提撥供其或受委任機關辦理查核等業務所需相關經費。 第二項檢舉獎金適用範圍、發給之對象、基準、程序、條件、撤銷與身分保密，及前項提撥罰鍰適用範圍、比率與運用等相關事項之辦法，由中央主管機關定之。
L19,law,地價調查估計規則,內政部,現行版本,https://law.moj.gov.tw/LawClass/LawAll.aspx?pcode=D0060005,地價,地價調查估計規則,verified,2026-09-28,公告土地現值怎麼估；解讀地價變動的限制,*,第1條：本規則依土地法施行法第四十條規定訂定之。 依本規則所為之地價調查估計，應符合平均地權條例有關規定。 ／ 第2條：直轄市或縣（市）地政機關為地價調查估計之主辦機關。 ／ 第3條：地價調查估計之辦理程序如下： 一、蒐集、製作或修正有關之基本圖籍及資料。 二、調查買賣或收益實例、繪製地價區段草圖及調查有關影響區段地價之因素。 三、估計實例土地正常單價。 四、劃分或修正地價區段，並繪製地價區段圖。 五、估計區段地價。 六、計算宗地單位地價。 ／ 第4條：地價調查應以買賣實例為主，無買賣實例者，得調查收益實例。 前項收益實例，係指租賃權或地上權等他項權利，且具有租金或權利金等對價給付之實例。 ／ 第5條：第三條第一款所定基本圖籍及資料如下： 一、不動產相關資料、都市計畫地籍套繪圖、非都市土地使用分區圖、街道圖、都市計畫圖說、禁限建範圍圖、河川管制範圍圖。 二、地籍圖檔。 三、上期地價分布圖及地價區段略圖。 四、其他有關圖籍及資料。 ／ 第6條：調查買賣或收益實例時，應依買賣或收益實例調查估價表之項目調查並填寫之。 前項調查得採用不動產成交案件申報登錄之實際資訊，或採用當事人、四鄰、不動產估價師、不動產經紀人員、地政士、金融機構、公有土地管理機關、司法機關或有關機關（構）提供之資訊。 ／ 第7條：買賣或收益實例如有下列情形之一，致價格明顯偏高或偏低者，應先作適當之修正，記載於買賣或收益實例調查估價表。但該影響交易價格之情況無法有效掌握及量化調整時，應不予採用： 一、急買急賣或急出租急承租。 二、期待因素影響之交易。 三、受債權債務關係影響之交易。 四、親友關係人間之交易。 五、畸零地或有合併使用之交易。 六、地上物處理有糾紛之交易。 七、拍賣。 八、公有土地標售、讓售。 九、受迷信影響之交易。 十、包含公共設施用地之交易。 十一、人為哄抬之交易。 十二、與法定用途不符之交易。 十三、其他特殊交易。 ／ 第8條：買賣或收益實例除依前條規定辦理外，並應就下列事項詳予查證確認後，就實例價格進行調整，並記載於買賣或收益實例調查估價表： 一、交易價格、租金或權利金等及各項稅費之負擔方式。 二、有無特殊付款方式。 三、實例狀況。 ／ 第9條：第三條第二款所定影響區段地價之因素，包括土地使用管制、交通運輸、自然條件、土地改良、公共建設、特殊設施、環境污染、工商活動、房屋建築現況、土地利用現況、發展趨勢及其他影響因素之資料等。 前項影響區段地價之資料，應依地價區段勘查表規定之項目勘查並填寫。 ／ 第10條：買賣或收益實例之土地上有建築改良物（以下簡稱建物）者，其建物現值，依第十一條至第十三條規定計算。 ／ 第11條：建物主體構造之種類如下： 一、竹造。 二、土造、土磚混合造。 三、木造。 四、石造。 五、磚造。 六、加強磚造。 七、鋼鐵造或輕鋼架造。 八、鋼筋混凝土造。 九、鋼骨鋼筋混凝土造。 十、鋼骨造。 十一、其他。 ／ 第12條：建物現值之估計程序如下： 一、計算建物重建價格。其公式如下： 建物重建價格＝建物單價ｘ建物面積 二、計算建物累積折舊額。其公式如下： 建物累積折舊額＝建物重建價格ｘ建物每年折舊率ｘ經歷年數 三、計算建物現值。其公式如下： 建物現值＝建物重建價格—建物累積折舊額 前項建物單價，應以不同主體構造種類之建物標準單價為準。但建物之樓層高度、層數、材料、用途、設計及建築物設備等特殊者，應酌予增減計算之。 第一項建物現值之計算，得簡化為下列公式： 建物現值＝建物單價ｘ【1 —（年折舊率ｘ經歷年數）】ｘ建物面積。 ／ 第13條：前條所稱建物面積，已辦理登記者，以建物登記之面積為準；其全部或部分未辦理登記者，以實際調查之面積為準。 ／ 第14條：以買賣實例估計土地正常單價方法如下： 一、判定買賣實例情況，非屬特殊情況者，買賣實例總價格即為正常買賣總價格；其為特殊情況者，應依第七條及第八條規定修正後，必要時並得調查鄰近相似條件土地或房地之市場行情價格，估計該買賣實例之正常買賣總價格。 二、地上無建物者，計算土地正常買賣單價。其公式如下： 土地正常買賣單價＝正常買賣總價格÷土地面積 三、地上有區分所有建物，買賣實例為其中部分層數或區分單位者，其土地正常買賣單價之計算程序如下： （一）推估各樓層可出售面積、各樓層房地正常買賣平均單價、車位平均價格及車位數。 （二）估算全棟房地可出售總價格。其公式如下： 全棟房地可出售總價格＝Σ〔（各樓層房地正常買賣平均單價ｘ各樓層可出售面積）＋（車位平均價格ｘ車位數）〕 （三）計算全棟建物現值，依第十二條規定辦理。 （四）估算全棟建物之裝潢、設備及庭園設施等費用。 （五）估算全棟建物買賣正常利潤。 （六）計算土地可出售總價格。其公式如下： 土地可出售總價格＝全棟房地可出售總價格—全棟建物現值—全棟建物之裝潢、設備及庭園設施等費用—全棟建物買賣正常利潤 （七）計算土地正常買賣單價。其公式如下： 土地正常買賣單價＝土地可出售總價格÷基地面積 四、地上有建物，且買賣實例為全部層數者，其土地正常買賣單價之計算程序如下： （一）計算全棟建物現值，依第十二條規定辦理。 （二）估算全棟建物之裝潢、設備及庭園設施等費用。 （三）估算全棟建物買賣正常利潤。 （四）計算土地正常買賣總價格。其公式如下： 土地正常買賣總價格＝全棟房地正常買賣總價格—全棟建物現值—全棟建物之裝潢、設備及庭園設施等費用—全棟建物買賣正常利潤 （五）計算土地正常買賣單價。其公式如下： 土地正常買賣單價＝土地正常買賣總價格÷基地面積 前項所稱全棟建物買賣正常利潤，應視實際情況敘明理由估計。 ／ 第15條：建物已不具備使用價值，得將其基地視為素地估價。但應考量建物拆除成本予以調整之。 ／ 第16條：以收益實例估計土地正常單價之方法，依不動產估價技術規則第三章第二節規定辦理。 ／ 第17條：地價實例估計完竣後，應將估計之土地正常單價調整至估價基準日。 前項調整後之單價及其調查估價表之編號，應以鄉（鎮、市、區）為單位，製作地價分布圖。 第一項估價基準日指每年九月一日，案例蒐集期間為前一年九月二日至當年九月一日。 ／ 第18條：劃分地價區段時，應攜帶地籍圖、地價分布圖及地價區段勘查表實地勘查，以鄉（鎮、市、區）為單位，斟酌地價之差異、當地土地使用管制、交通運輸、自然條件、土地改良、公共建設、特殊設施、環境污染、工商活動、房屋建築現況、土地利用現況、發展趨勢及其他影響地價因素，於地籍圖上將地價相近、地段相連、情況相同或相近之土地劃為同一地價區段。 已開闢道路及其二側或一側帶狀土地，其地價與一般地價區段之地價有顯著差異者，得就具有顯著商業活動之繁榮地區，依當地發展及地價高低情形，劃設繁榮街道路線價區段。繁榮街道以外已開闢之道路，鄰接該道路之土地，其地價顯著較高者，得於適當範圍劃設一般路線價區段。 非建築用地中經依法允許局部集中作建築使用且其地價有顯著差異時，應就該建築使用之土地單獨劃分地價區段。非都市土地及都市計畫農業區、保護區之零星建築用地，或依規定應整體開發而未開發之零星已建築用地，在同一區段範圍內，得將地價相近且使用情形相同而地段不相連之零星建築用地，視為一個地價區段另編區段號。 公共設施保留地應單獨劃分地價區段。但其毗鄰之非公共設施保留地均屬相同區段地價之地價區段時，得併入毗鄰之非公共設施保留地劃為同一地價區段。 帶狀公共設施保留地穿越數個地價不同之區段時，得視二側非保留地地價區段之不同，分段劃分地價區段。 ／ 第19條：地價區段之界線，應以地形地貌等自然界線、道路、溝渠或使用分區、編定使用地類別等使用管制之界線或適當之地籍線為準。繁榮街道路線價區段，應以裡地線為區段界線。路線價區段之界線，應以距離臨街線適當深度範圍為準。 ／ 第20條：地價區段圖以地籍圖繪製或由電腦產製，應以紅線標示地價區段界線，並註明區段號、區段地價、主要街道及重要公共設施位置與名稱。 ／ 第21條：估計區段地價之方法如下： 一、有買賣或收益實例估計正常單價之區段，以調整至估價基準日之實例土地正常單價，求其中位數為各該區段之區段地價。 二、無買賣及收益實例之區段，應於鄰近或適當地區選取二個以上使用分區或編定用地相同，且依前款估計出區段地價之區段，作為基準地價區段，按影響地價區域因素評價基準表及影響地價區域因素評價基準明細表，考量價格形成因素之相近程度，修正估計目標地價區段之區段地價。無法選取使用分區或編定用地相同之基準地價區段者，得以鄰近使用性質類似或其他地價區段之區段地價修正之。 估計區段地價之過程及決定區段地價之理由，應填載於區段地價估價報告表。 第一項第一款所稱之中位數，指土地正常單價調整至估價基準日之單價，由高而低依序排列。其項數為奇數時，取其中項價格為中位數；其項數為偶數時，取中間二項價格之平均數為中位數；實例為一個時，以該實例之土地正常單價為中位數。 影響地價區域因素評價基準，由內政部定之。 ／ 第22條：區段地價，應以每平方公尺為計價單位，其地價尾數依下列規定計算： 一、區段地價每平方公尺單價在新臺幣一百元以下者，計算至個位數，未達個位數四捨五入。 二、區段地價每平方公尺單價逾新臺幣一百元至一千元者，計算至十位數，未達十位數四捨五入。 三、區段地價每平方公尺單價逾新臺幣一千元至十萬元者，計算至百位數，未達百位數四捨五入。 四、區段地價每平方公尺單價逾新臺幣十萬元者，計算至千位數，未達千位數四捨五入。 公共設施保留地地價區段，其區段地價之尾數，計算至個位數，未達個位數四捨五入。 ／ 第23條：宗地單位地價之計算方法如下： 一、屬於繁榮街道路線價區段之土地，由直轄市或縣（市）地政機關依繁榮街道路線價區段宗地單位地價計算原則計算。 二、其他地價區段之土地，以區段地價作為宗地單位地價。 三、跨越二個以上地價區段之土地，分別按各該區段之面積乘以各該區段地價之積之和，除以宗地面積作為宗地單位地價。 四、宗地單位地價應以每平方公尺新臺幣元表示，計算至個位數，未達個位數四捨五入。 ／ 第24條：下列事項應由直轄市或縣（市）地政機關訂定： 一、實施地價調查估計作業規定。 二、繁榮街道路線價區段宗地單位地價計算原則。 三、建物標準單價表。 四、建物耐用年數及每年折舊率。 五、全棟建物之裝潢、設備及庭園設施等費用。 六、土地每單位種植農作改良物面積標準單價或農作改良物每株標準單價。 七、土地收益資本化率及建物收益資本化率。 八、調整至估價基準日地價用之比率。 九、依影響地價區域因素評價基準製作各直轄市、縣（市）或鄉（鎮、市、區）影響地價區域因素評價基準明細表。 前項規定之事項，於地價調查估計授權地政事務所辦理之地區，得部分授權地政事務所定之。 ／ 第25條：內政部應對都市土地商業區、住宅區、工業區，依直轄市或縣（市）地政機關調查之地價，每年編製地價指數表二次。 前項編製地價指數表，得委託民間機構辦理。 ／ 第26條：本規則所定書、表格式，由內政部定之。 ／ 第27條：本規則自發布日施行。 本規則修正條文，除中華民國一百零二年十二月三十一日修正發布之第九條及第十八條施行日期另定外，自發布日施行。
L20,law,土地稅減免規則,財政部,民國99年05月07日修正,https://law.moj.gov.tw/LawClass/LawAll.aspx?pcode=G0340098,地價;產權與管理,土地稅減免規則,verified,2026-09-28,私有古蹟土地稅減免：身分對所有人的經濟誘因,古蹟|文化資產|歷史建築|紀念建築,第7條：下列公有土地地價稅或田賦全免： 一、供公共使用之土地。 二、各級政府與所屬機關及地方自治機關用地及其員工宿舍用地。但不包括供事業使用者在內。 三、（刪除）。 四、國防用地及軍事機關、部隊、學校使用之土地。 五、公立之醫院、診所、學術研究機構、社教機構、救濟設施及公、私立學校直接用地及其員工宿舍用地，以及學校學生實習所用之直接生產用地。但外國僑民學校應為該國政府設立或認可，並依私立高級中等以下外國僑民學校及附設幼稚園設立及管理辦法設立，且以該國與我國有相同互惠待遇或經行政院專案核定免徵者為限；本國私立學校，以依私立學校法立案者為限。 六、農、林、漁、牧、工、礦機關直接辦理試驗之用地。 七、糧食管理機關倉庫用地。 八、鐵路、公路、航空站、飛機場、自來水廠及垃圾、水肥、污水處理廠（池、場）等直接用地及其員工宿舍用地。但不包括其附屬營業單位獨立使用之土地在內。 九、引水、蓄水、洩水等水利設施及各項建造物用地。 十、政府無償配供貧民居住之房屋用地。 十一、名勝古蹟及紀念先賢先烈之館堂祠廟與公墓用地。 十二、觀光主管機關為開發建設觀光事業，依法徵收或協議購買之土地，在未出賣與興辦觀光事業者前，確無收益者。 十三、依停車場法規定設置供公眾使用之停車場用地。 前項公有土地係徵收、收購或受撥用而取得者，於其尚未辦妥產權登記前，如經該使用機關提出證明文件，其用途合於免徵標準者，徵收土地自徵收確定之日起、收購土地自訂約之日起、受撥用土地自撥用之日起，準用前項規定。 原合於第一項第五款供公、私立學校使用之公有土地，經變更登記為非公有土地後，仍供原學校使用者，準用第一項規定。 公立學校之學生宿舍，由民間機構與主辦機關簽訂投資契約，投資興建並租與該校學生作宿舍使用，且約定於營運期間屆滿後，移轉該宿舍之所有權予政府者，於興建及營運期間，其基地之地價稅得由當地主管稽徵機關專案報請直轄市、縣（市）主管機關核准免徵。 ／ 第8條：私有土地減免地價稅或田賦之標準如下： 一、財團法人或財團法人所興辦業經立案之私立學校用地、為學生實習農、林、漁、牧、工、礦等所用之生產用地及員生宿舍用地，經登記為財團法人所有者，全免。但私立補習班或函授學校用地，均不予減免。 二、經主管教育行政機關核准合於私立社會教育機構設立及獎勵辦法規定設立之私立圖書館、博物館、科學館、藝術館及合於學術研究機構設立辦法規定設立之學術研究機構，其直接用地，全免。但以已辦妥財團法人登記，或係辦妥登記之財團法人所興辦，且其用地為該財團法人所有者為限。 三、經事業主管機關核准設立，對外絕對公開，並不以營利為目的之私立公園及體育館場，其用地減徵百分之五十；其為財團法人組織者減徵百分之七十。 四、經事業主管機關核准設立之私立農、林、漁、牧、工、礦試驗場，辦理五年以上，具有試驗事實，其土地未作其他使用，並經該主管機關證明者，其用地減徵百分之五十。 五、經事業主管機關核准設立之私立醫院、捐血機構、社會救濟慈善及其他為促進公眾利益，不以營利為目的，且不以同業、同鄉、同學、宗親成員或其他特定之人等為主要受益對象之事業，其本身事業用地，全免。但為促進公眾利益之事業，經由當地主管稽徵機關報經直轄市、縣（市）主管機關核准免徵者外，其餘應以辦妥財團法人登記，或係辦妥登記之財團法人所興辦，且其用地為該財團法人所有者為限。 六、經事業主管機關核准設立之私立公墓，其為財團法人組織，且不以營利為目的者，其用地，全免。但以都市計畫規劃為公墓用地或非都市土地經編定為墳墓用地者為限。 七、經事業主管機關核准興建之民營鐵、公路或專用鐵、公路，經常開放並附帶客貨運輸者，其基地，全免。 八、經事業主管機關核准興辦之農田水利事業，所有引水、蓄水、洩水各項建造物用地，全免；辦公處所及其工作站房用地減徵百分之五十。 九、有益於社會風俗教化之宗教團體，經辦妥財團法人或寺廟登記，其專供公開傳教佈道之教堂、經內政部核准設立之宗教教義研究機構、寺廟用地及紀念先賢先烈之館堂祠廟用地，全免。但用以收益之祀田或放租之基地，或其土地係以私人名義所有權登記者不適用之。 十、無償供給政府機關、公立學校及軍事機關、部隊、學校使用之土地，在使用期間以內，全免。 十一、各級農會、漁會之辦公廳及其集貨場、依法辦竣農倉登記之倉庫或漁會附屬之冷凍魚貨倉庫用地，減徵百分之五十。 十二、經主管機關依法指定之私有古蹟用地，全免。 前項第一款之私立學校，第二款之私立學術研究機構及第五款之私立社會救濟慈善各事業，其有收益之土地，而將全部收益直接用於各該事業者，其地價稅或田賦得專案報請減免。第三款、第四款、第六款、第七款、第八款及第十一款之各事業用地，應以各該事業所有者為限。但第三款之事業租用公地為用地者，該公地仍適用該款之規定。 ／ 第11-3條：依法劃定為古蹟保存區或編定為古蹟保存用地之土地，減免地價稅或田賦之標準如左： 一、土地或建築物之使用及建造受限制者，減徵百分之三十。 二、禁建之土地，減徵百分之五十；但因禁建致不能建築使用且無收益者，全免。 ／ 第22條：依第七條至第十七條規定申請減免地價稅或田賦者，公有土地應由管理機關，私有土地應由所有權人或典權人，造具清冊檢同有關證明文件，向直轄市、縣（市）主管稽徵機關為之。但合於下列規定者，應由稽徵機關依通報資料逕行辦理或由用地機關函請稽徵機關辦理，免由土地所有權人或典權人申請： 一、依第八條第一項第十款規定全免者。 二、經地目變更為「道」之土地（應根據主管地政機關變更登記為「道」之地籍資料辦理）。 三、經都市計畫編為公共設施保留地（應根據主管地政機關通報資料辦理）。 四、徵收之土地或各級政府、軍事機關、學校、部隊等承購之土地（應根據徵收或承購機關函送資料辦理）。 五、私有無償提供公共巷道用地（應由工務、建設主管機關或各鄉（鎮、市、區）公所建設單位，列冊送稽徵機關辦理）。 六、辦理區段徵收或重劃之土地（應由主管地政機關列冊送稽徵機關辦理）。 七、依第十一條之一規定減免之土地（應由國防軍事機關列冊敘明土地標示及禁、限建面積及限建管制圖等有關資料送稽徵機關辦理）。 八、依第十一條之二規定減免之土地（應由水源特定區管理機關列冊敘明土地標示、使用分區送稽徵機關辦理）。 九、依第十一條之三規定減免之土地（應由古蹟主管機關列冊敘明土地標示、使用分區送稽徵機關辦理）。 十、依第十一條之四規定減免之土地（應由民航主管機關提供機場禁建限建管制圖等有關資料送稽徵機關辦理）。 十一、依第十一條之五規定減徵之土地（應由該管都市計畫主管機關提供該地區主要計畫變更案之範圍等有關資料送稽徵機關辦理）。 十二、經核准減免有案之土地，於減免年限屆滿，由稽徵機關查明其減免原因仍存在並准予繼續減免者。
L21,law,消防法,內政部,現行版本,https://law.moj.gov.tw/LawClass/LawAll.aspx?pcode=D0120001,火災,消防法,verified,2026-09-28,火災調查的法源,火災|調查|鑑定|原因|證明,第1條：為預防火災、搶救災害及緊急救護，以維護公共安全，確保人民生命財產，並防護消防人員執行職務之安全及衛生，特制定本法。 ／ 第6條：本法所定各類場所之管理權人對其實際支配管理之場所，應設置並維護其消防安全設備；場所之分類及消防安全設備設置之標準，由中央主管機關定之。 消防機關得依前項所定各類場所之危險程度，分類列管檢查及複查。 第一項所定各類場所因用途、構造特殊，或引用與依第一項所定標準同等以上效能之技術、工法或設備者，得檢附具體證明，經中央主管機關核准，不適用依第一項所定標準之全部或一部。 不屬於第一項所定標準應設置火警自動警報設備之旅館、老人福利機構場所及中央主管機關公告場所之管理權人，應設置住宅用火災警報器並維護之；其安裝位置、方式、改善期限及其他應遵行事項之辦法，由中央主管機關定之。 不屬於第一項所定標準應設置火警自動警報設備住宅場所之管理權人，應設置住宅用火災警報器並維護之；其安裝位置、方式、改善期限及其他應遵行事項之辦法，由中央主管機關定之。 ／ 第8條：中華民國國民經消防設備師考試及格並依本法領有消防設備師證書者，得充消防設備師。 中華民國國民經消防設備士考試及格並依本法領有消防設備士證書者，得充消防設備士。 請領消防設備師或消防設備士證書，應具申請書及資格證明文件，送請中央主管機關核發之。 ／ 第14條：田野引火燃燒、施放天燈及其他經主管機關公告易致火災之行為，非經該管主管機關許可，不得為之。 主管機關基於公共安全之必要，得就轄區內申請前項許可之資格、程序、應備文件、安全防護措施、審核方式、撤銷、廢止、禁止從事之區域、時間、方式及其他應遵行之事項，訂定法規管理之。 ／ 第14-1條：供公眾使用建築物及中央主管機關公告之場所，除其他法令另有規定外，非經場所之管理權人申請主管機關許可，不得使用以產生火焰、火花或火星等方式，進行表演性質之活動。 前項申請許可之資格、程序、應備文件、安全防護措施、審核方式、撤銷、廢止、禁止從事之區域、時間、方式及其他應遵行事項之辦法，由中央主管機關定之。 主管機關派員檢查第一項經許可之場所時，應出示有關執行職務之證明文件或顯示足資辨別之標誌；管理權人或現場有關人員不得規避、妨礙或拒絕，並應依檢查人員之請求，提供相關資料。 ／ 第15-2條：零售業者應置安全技術人員，執行供氣檢查，並備置下列資料，定期向營業所在地主管機關申報： 一、容器儲存場所管理資料。 二、容器管理資料。 三、用戶資料。 四、液化石油氣分裝場業者灌裝證明資料。 五、安全技術人員管理資料。 六、用戶安全檢查資料。 七、投保公共意外責任保險之證明文件。 八、其他經中央主管機關公告之資料。 前項資料之製作內容、應記載事項、備置、保存年限、申報及其他應遵行事項之辦法，由中央主管機關定之。 第一項安全技術人員應經中央主管機關登錄之專業機構施予一定時數之訓練，領有合格證書，始得充任；任職期間，並應定期接受複訓。 前項所定專業機構，其申請登錄之資格、程序、應備文件、審核方式、登錄證書核（換）發、有效期間、變更、廢止、延展、執行業務之規範、資料之建置、保存與申報、施予安全技術人員訓練之項目、一定時數及其他應遵行事項之辦法，由中央主管機關定之。 ／ 第15-5條：第十五條第一項所定公共危險物品及可燃性高壓氣體製造、儲存或處理場所之起造人應將該場所之位置、構造及設備圖說，送請場所所在地主管機關審查完成後，始得向主管建築機關申報開工。 前項所定場所依建築法規定申請使用執照時，主管建築機關應會同前項辦理審查之主管機關檢查其位置、構造及設備合格後，始得發給使用執照。 儲存液體公共危險物品之儲槽起造人依前項規定申請使用執照前，應經中央主管機關許可之專業機構完成檢查，並出具合格證明文件。 前項儲槽達中央主管機關公告一定規模者，其管理權人於開始使用後，應委託前項之專業機構實施定期檢查，作成紀錄，並至少保存五年；公告生效前已設置之儲槽，應自公告生效之日起五年內完成初次定期檢查。主管機關得派員查核。 前二項儲存液體公共危險物品之儲槽檢查項目、方式、合格基準、定期檢查頻率及其他應遵行事項之辦法，由中央主管機關定之。 第三項所定專業機構，其申請許可之資格、程序、應備文件、審核方式、設備器具、許可證書核（換）發、有效期間、變更、廢止、延展、執行業務之規範、資料之建置、保存與申報及其他應遵行事項之辦法，由中央主管機關定之。 第四項達一定規模應實施定期檢查之儲存液體公共危險物品之儲槽，中央目的事業主管機關另有定期檢查規定者，依其規定辦理。 ／ 第19條：消防人員因緊急救護、搶救火災，對人民之土地、建築物、車輛及其他物品，非進入、使用、損壞或限制其使用，不能達緊急救護及搶救之目的時，得進入、使用、損壞或限制其使用。 人民因前項土地、建築物、車輛或其他物品之使用、損壞或限制使用，致其財產遭受特別犧牲之損失時，得請求補償。但因可歸責於該人民之事由者，不予補償。 ／ 第19-1條：下列場所發生火災、爆炸、公共危險物品或可燃性高壓氣體漏逸時，管理權人應立即依中央主管機關訂定並公告之對象、方式及內容完成通報： 一、石油煉製業、石油化工原料製造業、合成樹脂及塑膠製造業、塑膠製品製造業之廠區。 二、製造、儲存或處理公共危險物品合計達管制量三千倍以上或其他經主管機關公告之廠區。 主管機關之人員、車輛及裝備進入前項場所時，該場所之管理權人及現場人員不得規避、妨礙或拒絕。 ／ 第20條：消防指揮人員，對火災處所周邊，得劃定警戒區，限制人車進入，並得疏散或強制疏散區內人車。 ／ 第21條：消防指揮人員，為搶救火災，得使用附近各種水源，並通知自來水事業機構，集中供水。 ／ 第21-1條：消防指揮人員搶救工廠、儲存化學品之倉庫或儲存場所及一定規模以上之實驗室或倉庫火災時，其管理權人應依下列規定辦理： 一、提供場所平面配置圖及搶救必要資訊。 二、提供該場所化學品之種類、數量、位置平面配置圖及搶救必要資訊。 三、前二款之必要資訊，應依中央各主管機關之規定更新上傳至指定之網路平臺。 四、立即指派專人至現場並協助救災。 前項一定規模以上之實驗室或倉庫，由中央主管機關會商目的事業主管機關公告之。 ／ 第22條：消防指揮人員，為防止火災蔓延、擴大，認有截斷電源、瓦斯必要時，得通知各該管事業機構執行之。 ／ 第23條：直轄市、縣（市）消防機關，發現或獲知公共危險物品、高壓氣體等顯有發生火災、爆炸之虞時，得劃定警戒區，限制人車進入，強制疏散，並得限制或禁止該區使用火源。 ／ 第25條：直轄市、縣（市）消防機關，遇有天然災害、空難、礦災、森林火災、車禍及其他重大災害發生時，應即配合搶救與緊急救護。 ／ 第25-4條：各級消防機關應辦理下列事項，並報請中央主管機關備查： 一、定期統計及評估消防人員安全衛生管理系統之建置成效。 二、消防人員因其工作場所、作業活動或其他職業上原因，引發疾病、傷害、失能或死亡之事故，即時通報並作成調查紀錄。 ／ 第26條：直轄市、縣（市）消防機關，為調查、鑑定火災原因，得派員進入有關場所勘查及採取、保存相關證物並向有關人員查詢。 火災現場在未調查鑑定前，應保持完整，必要時得予封鎖。 ／ 第26-1條：火災受害人或利害關係人得向主管機關申請火災證明或火災調查資料。 申請前項火災證明或火災調查資料之程序、範圍、資格限制、應備文件、審核方式、期間及其他應遵行事項之辦法，由中央主管機關定之。 ／ 第27條：直轄市、縣（市）政府，得聘請有關單位代表及學者專家，設火災鑑定會，調查、鑑定火災原因；其組織由直轄市、縣（市）政府定之。 ／ 第27-1條：各級主管機關為調查消防及義勇消防人員因災害搶救或其他消防勤務致發生死亡或重傷或受傷程度符合公教人員保險失能給付標準之失能等級事故之原因，應聘請相關機關（構）、團體代表、學者專家及基層消防團體代表，組成災害事故調查會（以下簡稱調查會）。 調查會應製作事故原因調查報告，提出災害搶救改善建議事項及追蹤改善建議事項之執行。 調查會為執行業務所需，得向有關機關（構）調閱或要求法人、團體、個人提供資料或文件。調閱之資料或文件業經司法機關或監察院先為調取時，應由其敘明理由，並提供複本。如有正當理由無法提出複本者，應提出已被他機關調取之證明。 第一項調查會，其組成、委員之資格條件、聘請方式、處理程序及其他應遵行事項之辦法，由中央主管機關定之。 ／ 第30條：依本法參加編組人員，因接受訓練、演習、服勤致患病、受傷、身心障礙或死亡者，依下列規定辦理： 一、傷病者：得憑消防機關出具證明，至指定之公立醫院或特約醫院治療。但情況危急者，得先送其他醫療機構急救。 二、因傷致身心障礙者，依下列規定給與一次身心障礙給付： （一）極重度與重度身心障礙者：三十六個基數。 （二）中度身心障礙者：十八個基數。 （三）輕度身心障礙者：八個基數。 三、死亡者：給與一次撫卹金九十個基數。 四、因傷病或身心障礙死亡者，依前款規定補足一次撫卹金基數。 前項基數之計算，以公務人員委任第五職等年功俸最高級月支俸額為準。 第一項身心障礙鑑定作業，依身心障礙者權益保障法辦理。 第一項所需費用，由消防機關報請直轄市、縣（市）政府核發。 ／ 第35條：場所之管理權人有下列情形之一，於發生火災時致人於死者，處一年以上七年以下有期徒刑，得併科新臺幣一百萬元以上五百萬元以下罰金；致重傷者，處六月以上五年以下有期徒刑，得併科新臺幣五十萬元以上二百五十萬元以下罰金： 一、第六條第一項所定標準應設置消防安全設備之供營業使用場所，未依規定設置或維護消防安全設備。 二、第六條第四項所定應設置住宅用火災警報器之場所，未依規定設置或維護住宅用火災警報器。 三、第十三條第一項所定一定規模以上之建築物，未訂定消防防護計畫或施工中消防防護計畫，或未依各該計畫執行有關避難引導必要之業務。 四、第十五條第一項所定達管制量公共危險物品之製造、儲存或處理場所，未符合同條第二項所定辦法中有關設置或維護場所之位置、構造或設備規定。 五、第十五條之六第一項所定製造、儲存及處理公共危險物品合計達管制量三十倍以上場所，未訂定消防防災計畫或未依消防防災計畫執行有關避難引導必要之業務。 ／ 第37條：違反第六條第一項消防安全設備、第四項住宅用火災警報器設置、維護之規定或第十一條第一項防焰物品使用之規定者，依下列規定處罰： 一、供營業使用之場所，處場所管理權人新臺幣二萬元以上三十萬元以下罰鍰，並通知限期改善。 二、非供營業使用之場所，經通知限期改善，屆期未改善，處場所管理權人新臺幣二萬元以上三十萬元以下罰鍰，並通知限期改善。 依前項規定處罰鍰後經通知限期改善，屆期仍不改善者，得按次處罰，並得予以三十日以下之停業或停止其使用之處分。 規避、妨礙或拒絕第六條第二項之檢查、複查者，處新臺幣六千元以上十萬元以下罰鍰，並按次處罰及強制執行檢查、複查。 ／ 第40條：一定規模以上之建築物且供營業使用場所，違反第十三條第一項規定未由管理權人遴用防火管理人訂定消防防護計畫，或違反同條第三項規定未訂定施工中消防防護計畫者，處其管理權人新臺幣二萬元以上三十萬元以下罰鍰；有發生火災致生重大損害之虞者，並得勒令管理權人停工，施工中消防防護計畫非經依同條第四項規定備查，不得擅自復工。 一定規模以上之建築物發生火災時，管理權人違反第十三條第四項規定，未依消防防護計畫執行有關防火管理上必要之業務，處新臺幣二萬元以上三十萬元以下罰鍰。 有下列情形之一，經通知限期改善，屆期未改善者，處其管理權人新臺幣二萬元以上十萬元以下罰鍰： 一、一定規模以上之建築物且非供營業使用場所，違反第十三條第一項規定未由管理權人遴用防火管理人訂定消防防護計畫，或違反同條第三項規定未訂定施工中消防防護計畫。 二、違反第十三條第四項規定，未由管理權人將同條第一項及第三項之消防防護計畫報請建築物所在地主管機關備查，或未依各該計畫執行有關防火管理上必要之業務。 三、違反第十三條第五項規定，未由各管理權人協議遴用共同防火管理人訂定共同消防防護計畫，或未共同將消防防護計畫報建築物所在地主管機關備查，或未依備查之共同消防防護計畫執行有關共同防火管理上必要之業務。 四、違反第十三條第七項規定，防火管理人或共同防火管理人非該場所之管理或監督層次人員，或任職期間未定期接受複訓。 五、違反第十三條第十項規定，未於規定期限內將遴用或異動之防火管理人或共同防火管理人，報請建築物所在地主管機關備查。 六、違反第十三條之一第一項規定，高層建築物之防災中心或地下建築物之中央管理室未置領有合格證書之服勤人員，或服勤人員任職期間未定期接受複訓。 七、違反第十三條之一第四項規定，未於規定期限內將遴用或異動之服勤人員，報請同條第一項建築物所在地主管機關備查。 依第一項及前項規定處罰鍰後，經通知限期改善，屆期仍未改善者，得按次處罰，並得予以三十日以下之停業或停止其使用之處分。 ／ 第42條：第十五條第一項所定達管制量公共危險物品及可燃性高壓氣體之製造、儲存或處理場所，其儲存、處理或搬運未符合同條第二項所定辦法中有關安全管理規定者，處其管理權人或行為人新臺幣二萬元以上三十萬元以下罰鍰。 第十五條第一項所定達管制量公共危險物品及可燃性高壓氣體之製造、儲存或處理場所，其位置、構造或設備未符合同條第二項所定辦法中有關設置標準規定者，處其管理權人新臺幣二萬元以上一百五十萬元以下罰鍰。 依前二項規定處罰鍰後，經通知限期改善，屆期仍未改善者，得按次處罰，並得予以三十日以下之停業或停止其使用之處分。 第十五條之六第一項規定之管理權人，未責由保安監督人訂定消防防災計畫，處新臺幣二萬元以上三十萬元以下罰鍰，並通知限期改善，屆期未改善者，得按次處罰。 製造、儲存及處理公共危險物品合計達管制量三十倍以上場所發生火災時，管理權人違反第十五條之六第一項規定，未依消防防災計畫執行有關危險物品管理必要之業務，處新臺幣二萬元以上三十萬元以下罰鍰。 ／ 第43條：拒絕依第二十六條所為之勘查、查詢、採取、保存或破壞火災現場者，處新臺幣六千元以上十萬元以下罰鍰。 ／ 第43-1條：工廠、儲存化學品之倉庫或儲存場所及一定規模以上之實驗室或倉庫之管理權人違反第二十一條之一第一項第一款規定，火災時未提供場所平面配置圖及搶救必要資訊，或提供資訊內容虛偽不實者，處管理權人新臺幣五萬元以上三百萬元以下罰鍰。 前項場所之管理權人違反第二十一條之一第一項第二款規定，火災時未提供該場所化學品之種類、數量、位置平面配置圖及搶救必要資訊，或提供資訊內容虛偽不實者，處管理權人新臺幣十萬元以上五百萬元以下罰鍰。 第一項場所之管理權人違反第二十一條之一第一項第四款規定，未立即指派專人至現場並協助救災，處管理權人新臺幣五十萬元以上一千萬元以下罰鍰。但該場所未製造、儲存或處理化學品者，處新臺幣五萬元以上三百萬元以下罰鍰。 第二十一條之二第一項規定之場所管理權人對於具有危害性之化學品，違反該項規定未於該場所明顯位置設置危害風險標示板，或危害風險有變動時未即時更新；或設置標示板違反同條第二項公告有關等級、內容、顏色、大小或設置位置之規定者，處管理權人新臺幣二萬元以上一百五十萬元以下罰鍰。
L22,law,火災證明及火災調查資料申請辦法,內政部,民國112年12月20日修正,https://law.moj.gov.tw/LawClass/LawAll.aspx?pcode=D0120071,火災;資料取得,火災證明及火災調查資料申請辦法,verified,2026-09-28,申請火災調查資料（起火原因）的程序,*,第1條：本辦法依消防法第二十六條之一第二項規定訂定之。 ／ 第2條：本辦法所定火災受害人及火災利害關係人，其資格如下： 一、火災受害人：因當次火災造成財物或權利直接或間接損失之所有權人或使用人。 二、火災利害關係人：因當次火災造成財物或權利直接或間接損失之抵押權人、合夥人、繼承人或其他權利關係人。 ／ 第3條：火災受害人或火災利害關係人（以下簡稱申請人）得自火災發生之日起十年內，向火災發生地之主管機關申請火災證明或火災調查資料。 ／ 第4條：火災案件涉及人命死亡、起火原因為縱火或疑似縱火者，於刑事偵查期間，火災調查資料之起火原因應不予提供。 ／ 第5條：申請人因救災人員進行滅火、救助等搶救作為而造成燒損、煙損以外之損害者，以申請火災證明為限。 ／ 第6條：申請人依第三條規定提出申請者，應檢具下列文件： 一、申請書。 二、符合第二條第一款或第二款資格之證明文件影本。 三、身分證明文件影本。 申請人委任代理人提出申請者，除應具備前項所定文件外，並應檢具下列文件： 一、委任書：應載明申請人與受委任人之姓名、身分證明文件字號、地址及聯絡電話。 二、受委任人之身分證明文件影本。 申請人為未成年人或受監護宣告者，應由其法定代理人或監護人代為申請。 ／ 第7條：主管機關應於受理第三條申請之次日起七日內，審核申請所附文件，並為准駁之處分；必要時，得延長之，延長期間不得逾十日。但火災原因調查鑑定書尚未完成者，得延長至完成後十日內。 申請人不符合第二條所定資格或申請文件不符合前條規定，依其情形能補正者，主管機關應通知限期補正；不能補正、屆期未補正或補正不完全者，應駁回其申請。 主管機關受理第三條之申請，經審查符合規定者，核發火災證明或火災調查資料。 第一項所定之七日審核期間，如申請人有補正者，自補正之日起算。 ／ 第8條：火災證明應記載下列事項： 一、發文機關、日期及字號。 二、申請人為自然人者，其姓名、出生年月日、地址及身分證明文件字號；申請人為法人或團體者，其名稱、事務所或營業所與管理人或代表人之姓名、出生年月日、地址及身分證明文件字號。 三、火災報案時間：受理火災案件通報之時間。 四、火災發生地點：發生火災之地點，如延燒多戶，僅一戶申請，應僅填寫該戶地址；如無地址，得以地號、附近地標等方式表示；車輛、船舶火災，應記載車牌號碼或船舶編號。 ／ 第9條：火災調查資料應記載事項除前條第一款及第三款外，並應記載下列事項： 一、申請人為自然人者，其姓名及地址；申請人為法人或團體者，其名稱、事務所或營業所與管理人或代表人之姓名及地址。 二、起火戶：最先發生火災之地點。建築物火災應記載地址，如無地址，得以地號、附近地標等方式表示；車輛、船舶火災，應記載車牌號碼或船舶編號。 三、起火處：起火戶中之具體起火位置，如廚房、浴室、駕駛座或引擎等。 四、起火原因：歸類於消防機關公務統計編報表之火災原因。 ／ 第10條：主管機關受理火災證明與火災調查資料之申請及核發等事項，得委任所屬機關辦理。 ／ 第11條：本辦法自發布日施行。
L23,law,中華民國刑法,法務部,現行版本,https://law.moj.gov.tw/LawClass/LawAll.aspx?pcode=C0000001,火災;研究倫理,中華民國刑法,verified,2026-09-28,放火罪與失火罪（第173–176條）；判決可在裁判書系統查,放火燒燬|失火燒燬|準用各該條放火|誹謗|善意發表言論|過失行為之處罰,第12條：行為非出於故意或過失者，不罰。 過失行為之處罰，以有特別規定者，為限。 ／ 第173條：放火燒燬現供人使用之住宅或現有人所在之建築物、礦坑、火車、電車或其他供水、陸、空公眾運輸之舟、車、航空機者，處無期徒刑或七年以上有期徒刑。 失火燒燬前項之物者，處一年以下有期徒刑、拘役或一萬五千元以下罰金。 第一項之未遂犯罰之。 預備犯第一項之罪者，處一年以下有期徒刑、拘役或九千元以下罰金。 ／ 第174條：放火燒燬現非供人使用之他人所有住宅或現未有人所在之他人所有建築物、礦坑、火車、電車或其他供水、陸、空公眾運輸之舟、車、航空機者，處三年以上十年以下有期徒刑。 放火燒燬前項之自己所有物，致生公共危險者，處六月以上五年以下有期徒刑。 失火燒燬第一項之物者，處六月以下有期徒刑、拘役或九千元以下罰金；失火燒燬前項之物，致生公共危險者，亦同。 第一項之未遂犯罰之。 ／ 第175條：放火燒燬前二條以外之他人所有物，致生公共危險者，處一年以上七年以下有期徒刑。 放火燒燬前二條以外之自己所有物，致生公共危險者，處三年以下有期徒刑。 失火燒燬前二條以外之物，致生公共危險者，處拘役或九千元以下罰金。 ／ 第176條：故意或因過失，以火藥、蒸氣、電氣、煤氣或其他爆裂物，炸燬前三條之物者，準用各該條放火、失火之規定。 ／ 第310條：意圖散布於眾，而指摘或傳述足以毀損他人名譽之事者，為誹謗罪，處一年以下有期徒刑、拘役或一萬五千元以下罰金。 散布文字、圖畫犯前項之罪者，處二年以下有期徒刑、拘役或三萬元以下罰金。 對於所誹謗之事，能證明其為真實者，不罰。但涉於私德而與公共利益無關者，不在此限。 ／ 第311條：以善意發表言論，而有左列情形之一者，不罰： 一、因自衛、自辯或保護合法之利益者。 二、公務員因職務而報告者。 三、對於可受公評之事，而為適當之評論者。 四、對於中央及地方之會議或法院或公眾集會之記事，而為適當之載述者。 ／ 第312條：對於已死之人公然侮辱者，處拘役或九千元以下罰金。 對於已死之人犯誹謗罪者，處一年以下有期徒刑、拘役或三萬元以下罰金。
L24,law,建築法,內政部,現行版本,https://law.moj.gov.tw/LawClass/LawAll.aspx?pcode=D0070109,火災後軌跡,建築法,verified,2026-09-28,拆除、重建與建照,拆除|重建|古蹟|歷史建築|文化資產|災|危險|修復,第9條：本法所稱建造，係指左列行為： 一、新建：為新建造之建築物或將原建築物全部拆除而重行建築者。 二、增建：於原建築物增加其面積或高度者。但以過廊與原建築物連接者，應視為新建。 三、改建：將建築物之一部分拆除，於原建築基地範圍內改造，而不增高或擴大面積者。 四、修建：建築物之基礎、樑柱、承重牆壁、樓地板、屋架及屋頂，其中任何一種有過半之修理或變更者。 ／ 第25條：建築物非經申請直轄市、縣（市）（局）主管建築機關之審查許可並發給執照，不得擅自建造或使用或拆除。但合於第七十八條及第九十八條規定者，不在此限。 直轄市、縣（市）（局）主管建築機關為處理擅自建造或使用或拆除之建築物，得派員攜帶證明文件，進入公私有土地或建築物內勘查。 ／ 第26條：直轄市、縣（市）（局）主管建築機關依本法規定核發之執照，僅為對申請建造、使用或拆除之許可。 建築物起造人、或設計人、或監造人、或承造人，如有侵害他人財產，或肇致危險或傷害他人時，應視其情形，分別依法負其責任。 ／ 第28條：建築執照分左列四種： 一、建造執照：建築物之新建、增建、改建及修建，應請領建造執照。 二、雜項執照：雜項工作物之建築，應請領雜項執照。 三、使用執照：建築物建造完成後之使用或變更使用，應請領使用執照。 四、拆除執照：建築物之拆除，應請領拆除執照。 ／ 第29條：直轄市、縣（市）（局）主管建築機關核發執照時，應依左列規定，向建築物之起造人或所有人收取規費或工本費： 一、建造執照及雜項執照：按建築物造價或雜項工作物造價收取千分之一以下之規費。如有變更設計時，應按變更部分收取千分之一以下之規費。 二、使用執照：收取執照工本費。 三、拆除執照：免費發給。 ／ 第34-1條：起造人於申請建造執照前，得先列舉建築有關事項，並檢附圖樣，繳納費用，申請直轄市、縣（市）主管建築機關預為審查。審查時應特重建築結構之安全。 前項列舉事項經審定合格者，起造人自審定合格之日起六個月內，依審定結果申請建造執照，直轄市、縣（市）主管建築機關就其審定事項應予認可。 第一項預審之項目與其申請、審查程序及收費基準等事項之辦法，由中央主管建築機關定之。 ／ 第45條：前條基地所有權人與鄰接土地所有權人於不能達成協議時，得申請調處，直轄市、縣（市）（局）政府應於收到申請之日起一個月內予以調處；調處不成時，基地所有權人或鄰接土地所有權人得就規定最小面積之寬度及深度範圍內之土地按徵收補償金額預繳承買價款申請該管地方政府徵收後辦理出售。徵收之補償，土地以市價為準，建築物以重建價格為準，所有權人如有爭議，由標準地價評議委員會評定之。 徵收土地之出售，不受土地法第二十五條程序限制。辦理出售時應予公告三十日，並通知申請人，經公告期滿無其他利害關係人聲明異議者，即出售予申請人，發給權利移轉證明書；如有異議，公開標售之。但原申請人有優先承購權。標售所得超過徵收補償者，其超過部分發給被徵收之原土地所有權人。 第一項範圍內之土地，屬於公有者，准照該宗土地或相鄰土地當期土地公告現值讓售鄰接土地所有權人。 ／ 第55條：起造人領得建造執照或雜項執照後，如有左列各款情事之一者，應即申報該管主管建築機關備案： 一、變更起造人。 二、變更承造人。 三、變更監造人。 四、工程中止或廢止。 前項中止之工程，其可供使用部分，應由起造人依照規定辦理變更設計，申請使用；其不堪供使用部分，由起造人拆除之。 ／ 第58條：建築物在施工中，直轄市、縣（市）（局）主管建築機關認有必要時，得隨時加以勘驗，發現左列情事之一者，應以書面通知承造人或起造人或監造人，勒令停工或修改；必要時，得強制拆除： 一、妨礙都市計畫者。 二、妨礙區域計畫者。 三、危害公共安全者。 四、妨礙公共交通者。 五、妨礙公共衛生者。 六、主要構造或位置或高度或面積與核定工程圖樣及說明書不符者。 七、違反本法其他規定或基於本法所發布之命令者。 ／ 第59條：直轄市、縣（市）（局）主管建築機關因都市計畫或區域計畫之變更，對已領有執照尚未開工或正在施工中之建築物，如有妨礙變更後之都市計畫或區域計畫者，得令其停工，另依規定，辦理變更設計。 起造人因前項規定必須拆除其建築物時，直轄市、縣（市）（局）政府應對該建築物拆除之一部或全部，按照市價補償之。 ／ 第60條：建築物由監造人負責監造，其施工不合規定或肇致起造人蒙受損失時，賠償責任，依左列規定： 一、監造人認為不合規定或承造人擅自施工，至必須修改、拆除、重建或予補強，經主管建築機關認定者，由承造人負賠償責任。 二、承造人未按核准圖說施工，而監造人認為合格經直轄市、縣（市）（局）主管建築機關勘驗不合規定，必須修改、拆除、重建或補強者，由承造人負賠償責任，承造人之專任工程人員及監造人負連帶責任。 ／ 第63條：建築物施工場所，應有維護安全、防範危險及預防火災之適當設備或措施。 ／ 第68條：承造人在建築物施工中，不得損及道路，溝渠等公共設施；如必須損壞時，應先申報各該主管機關核准，並規定施工期間之維護標準與責任，及損壞原因消失後之修復責任與期限，始得進行該部分工程。 前項損壞部分，應在損壞原因消失後即予修復。 ／ 第73條：建築物非經領得使用執照，不准接水、接電及使用。但直轄市、縣（市）政府認有左列各款情事之一者，得另定建築物接用水、電相關規定： 一、偏遠地區且非屬都市計畫地區之建築物。 二、因興辦公共設施所需而拆遷具整建需要且無礙都市計畫發展之建築物。 三、天然災害損壞需安置及修復之建築物。 四、其他有迫切民生需要之建築物。 建築物應依核定之使用類組使用，其有變更使用類組或有第九條建造行為以外主要構造、防火區劃、防火避難設施、消防設備、停車空間及其他與原核定使用不合之變更者，應申請變更使用執照。但建築物在一定規模以下之使用變更，不在此限。 前項一定規模以下之免辦理變更使用執照相關規定，由直轄市、縣（市）主管建築機關定之。 第二項建築物之使用類組、變更使用之條件及程序等事項之辦法，由中央主管建築機關定之。 ／ 第78條：建築物之拆除應先請領拆除執照。但左列各款之建築物，無第八十三條規定情形者不在此限： 一、第十六條規定之建築物及雜項工作物。 二、因實施都市計畫或拓闢道路等經主管建築機關通知限期拆除之建築物。 三、傾頹或朽壞有危險之虞必須立即拆除之建築物。 四、違反本法或基於本法所發布之命令規定，經主管建築機關通知限期拆除或由主管建築機關強制拆除之建築物。 ／ 第79條：申請拆除執照應備具申請書，並檢附建築物之權利證明文件或其他合法證明。 ／ 第80條：直轄市、縣（市）（局）主管建築機關應自收到前條書件之日起五日內審查完竣，合於規定者，發給拆除執照；不合者，予以駁回。 ／ 第81條：直轄市、縣（市）（局）主管建築機關對傾頹或朽壞而有危害公共安全之建築物，應通知所有人或占有人停止使用，並限期命所有人拆除；逾期未拆者，得強制拆除之。 前項建築物所有人住址不明無法通知者，得逕予公告強制拆除。 ／ 第82條：因地震、水災、風災、火災或其他重大事變，致建築物發生危險不及通知其所有人或占有人予以拆除時，得由該管主管建築機關逕予強制拆除。 ／ 第83條：經指定為古蹟之古建築物、遺址及其他文化遺跡，地方政府或其所有人應予管理維護，其修復應報經古蹟主管機關許可後，始得為之。 ／ 第84條：拆除建築物時，應有維護施工及行人安全之設施，並不得妨礙公眾交通。 ／ 第86條：違反第二十五條之規定者，依左列規定，分別處罰： 一、擅自建造者，處以建築物造價千分之五十以下罰鍰，並勒令停工補辦手續；必要時得強制拆除其建築物。 二、擅自使用者，處以建築物造價千分之五十以下罰鍰，並勒令停止使用補辦手續；其有第五十八條情事之一者，並得封閉其建築物，限期修改或強制拆除之。 三、擅自拆除者，處一萬元以下罰鍰，並勒令停止拆除補辦手續。 ／ 第88條：違反第四十九條至第五十一條各條規定之一者，處其承造人或監造人三千元以上一萬五千元以下罰鍰，並令其限期修改；逾期不遵從者，得強制拆除其建築物。 ／ 第89條：違反第六十三條至第六十九條及第八十四條各條規定之一者，除勒令停工外，並各處承造人、監造人或拆除人六千元以上三萬元以下罰鍰；其起造人亦有責任時，得處以相同金額之罰鍰。 ／ 第91條：有左列情形之一者，處建築物所有權人、使用人、機械遊樂設施之經營者新臺幣六萬元以上三十萬元以下罰鍰，並限期改善或補辦手續，屆期仍未改善或補辦手續而繼續使用者，得連續處罰，並限期停止其使用。必要時，並停止供水供電、封閉或命其於期限內自行拆除，恢復原狀或強制拆除： 一、違反第七十三條第二項規定，未經核准變更使用擅自使用建築物者。 二、未依第七十七條第一項規定維護建築物合法使用與其構造及設備安全者。 三、規避、妨礙或拒絕依第七十七條第二項或第四項之檢查、複查或抽查者。 四、未依第七十七條第三項、第四項規定辦理建築物公共安全檢查簽證或申報者。 五、違反第七十七條之三第一項規定，未經領得使用執照，擅自供人使用機械遊樂設施者。 六、違反第七十七條之三第二項第一款規定，未依核准期限使用機械遊樂設施者。 七、未依第七十七條之三第二項第二款規定常時投保意外責任保險者。 八、未依第七十七條之三第二項第三款規定實施定期安全檢查者。 九、未依第七十七條之三第二項第四款規定置專任人員管理操作機械遊樂設施者。 十、未依第七十七條之三第二項第五款規定置經考試及格或檢定合格之機電技術人員負責經常性之保養、修護者。 有供營業使用事實之建築物，其所有權人、使用人違反第七十七條第一項有關維護建築物合法使用與其構造及設備安全規定致人於死者，處一年以上七年以下有期徒刑，得併科新臺幣一百萬元以上五百萬元以下罰金；致重傷者，處六個月以上五年以下有期徒刑，得併科新臺幣五十萬元以上二百五十萬元以下罰鍰。 ／ 第93條：依本法規定勒令停工之建築物，非經許可不得擅自復工；未經許可擅自復工經制止不從者，除強制拆除其建築物或勒令恢復原狀外，處一年以下有期徒刑、拘役或科或併科三萬元以下罰金。 ／ 第95條：依本法規定強制拆除之建築物，違反規定重建者，處一年以下有期徒刑、拘役或科或併科新臺幣三十萬元以下罰金。 ／ 第95-1條：違反第七十七條之二第一項或第二項規定者，處建築物所有權人、使用人或室內裝修從業者新臺幣六萬元以上三十萬元以下罰鍰，並限期改善或補辦，逾期仍未改善或補辦者得連續處罰；必要時強制拆除其室內裝修違規部分。 室內裝修從業者違反第七十七條之二第三項規定者，處新臺幣六萬元以上三十萬元以下罰鍰，並得勒令其停止業務，必要時並撤銷其登記；其為公司組織者，通知該管主管機關撤銷其登記。 經依前項規定勒令停止業務，不遵從而繼續執業者，處一年以下有期徒刑、拘役或科或併科新臺幣三十萬元以下罰金；其為公司組織者，處罰其負責人及行為人。 ／ 第95-3條：本法修正施行後，違反第九十七條之三第二項規定，未申請審查許可，擅自設置招牌廣告或樹立廣告者，處建築物所有權人、土地所有權人或使用人新臺幣四萬元以上二十萬元以下罰鍰，並限期改善或補辦手續，屆期仍未改善或補辦手續者，得連續處罰。必要時，得命其限期自行拆除其招牌廣告或樹立廣告。 ／ 第96-1條：依本法規定強制拆除之建築物均不予補償，其拆除費用由建築物所有人負擔。 前項建築物內存放之物品，主管機關應公告或以書面通知所有人、使用人或管理人自行遷移，逾期不遷移者，視同廢棄物處理。 ／ 第99條：左列各款經直轄市、縣（市）主管建築機關許可者，得不適用本法全部或一部之規定： 一、紀念性之建築物。 二、地面下之建築物。 三、臨時性之建築物。 四、海港、碼頭、鐵路車站、航空站等範圍內之雜項工作物。 五、興闢公共設施，在拆除剩餘建築基地內依規定期限改建或增建之建築物。 六、其他類似前五款之建築物或雜項工作物。 前項建築物之許可程序、施工及使用等事項之管理，得於建築管理規則中定之。 ／ 第102條：直轄市、縣（市）政府對左列各款建築物，應分別規定其建築限制︰ 一、風景區、古蹟保存區及特定區內之建築物。 二、防火區內之建築物。
L25,law,國軍老舊眷村改建條例,國防部,民國109年05月13日修正,https://law.moj.gov.tw/LawClass/LawAll.aspx?pcode=F0140013,母體;政策事件,國軍老舊眷村改建條例,verified,2026-09-28,眷村案例（邱厝子、宿舍群）的處分與改建背景,文化|古蹟|保存|眷村|拆除|處理|標售|土地|原眷戶|改建,第1條：為加速更新國軍老舊眷村，提高土地使用經濟效益，興建住宅照顧原眷戶、中低收入戶及志願役現役軍（士）官、兵，保存眷村文化，協助地方政府取得公共設施用地，並改善都市景觀，特制定本條例；本條例未規定者，適用其他有關法律之規定。 ／ 第2條：本條例主管機關為國防部。 國防部為推動國軍老舊眷村改建，應由國防部長邀集相關部會代表成立國軍老舊眷村改建推行委員會，負責協調推動事宜。 ／ 第3條：本條例所稱國軍老舊眷村，係指於中華民國六十九年十二月三十一日以前興建完成之軍眷住宅，具有下列各款情形之一者： 一、政府興建分配者。 二、中華婦女反共聯合會捐款興建者。 三、政府提供土地由眷戶自費興建者。 四、其他經主管機關認定者。 本條例所稱原眷戶，係指領有主管機關或其所屬權責機關核發之國軍眷舍居住憑證或公文書之國軍老舊眷村住戶。 ／ 第4條：國軍老舊眷村土地及不適用營地之名稱、位置，主管機關應列冊報經行政院核定。 主管機關為執行國軍老舊眷村改建或做為眷村文化保存之用，得運用國軍老舊眷村及不適用營地之國有土地，興建住宅社區、處分或為現況保存，不受國有財產法有關規定之限制。 前項眷村文化保存之用，應由直轄市、縣（市）政府選擇騰空待標售且尚未拆除建物之國軍老舊眷村、擬具保存計畫向國防部申請保存；其選擇及審核辦法，由國防部會同行政院文化建設委員會定之。 直轄市、縣（市）政府應於前項辦法公布後六個月內提出申請，申請期間不得再依文化資產保存法之規定指定相關文化資產；其經國防部核准申請後，不得撤銷、變更、廢止保存計畫。 ／ 第5條：原眷戶享有承購依本條例興建之住宅及由政府給與輔助購宅款之權益。原眷戶死亡者，由配偶優先承受其權益；原眷戶與配偶均死亡者，由其子女承受其權益，餘均不得承受其權益。 前項子女人數在二人以上者，應於原眷戶與配偶均死亡之日起六個月內，以書面協議向主管機關表示由一人承受權益，逾期均喪失承受之權益。但於中華民國八十五年十一月四日行政院核定國軍老舊眷村改建計畫或於本條例修正施行前，原眷戶與配偶均死亡者，其子女應於本條例修正施行之日起六個月內，以書面協議向主管機關表示由一人承受權益。 本條例修正施行前，已依國軍老舊眷村改建計畫辦理改建之眷村，原眷戶之子女依第二項但書辦理權益承受之相關作業規定，由主管機關定之。 ／ 第6條：主管機關辦理國軍老舊眷村改建，應按眷村分布位置，依條件相近者採整體分區規劃，並運用既有眷村土地、不適用營地或價購土地，依規定變更為適當使用分區或用地，集中興建住宅社區。 興建住宅社區之土地，以非屬商業區且單位地價公告土地現值在一定金額以下者為限。 前項單位地價公告土地現值之一定金額，由主管機關定之。 ／ 第7條：都市計畫區內非屬住宅區之眷地及不適用營地，在不影響當地都市發展下，得依都市計畫法第二十七條變更為住宅區後，依本條例辦理改建。 非屬都市計畫範圍者，依有關法令變更為建築用地。 ／ 第8條：政府為辦理國軍老舊眷村改建工作，應設置國軍老舊眷村改建基金（以下簡稱改建基金）；其收支保管及運用辦法，由行政院定之。 國軍老舊眷村改建資金應以第四條報經行政院核定之老舊眷村土地及不適用營地處分得款運用辦理，不得另行動支其他經費支應。 前項土地因市場狀況未能及時處分得款時，應由改建基金依實際需求融資墊付之。 ／ 第9條：本條例計畫辦理改建之國有老舊眷村土地處分收支，循特別預算程序辦理；歲入按行政院核定眷村土地當期公告土地現值作價之收入編列；歲出之編列除原眷戶之輔助購宅款外，其餘部分為改建基金。 前項歲出部分所列原眷戶之輔助購宅款在未支用前，得移作改建基金週轉之用。 行政院核定之國軍老舊眷村土地權屬為直轄市有、縣（市）有或鄉（鎮、市）有者，應由各級地方政府於本條例施行之日起六個月內擬定計畫，執行國軍老舊眷村改建，逾期未擬定者，除公共設施用地外，各級地方政府應將其土地以繳款當期公告土地現值讓售主管機關移撥改建基金。 前項土地出售，不受土地法第二十五條及各級政府財產管理規則之限制。 ／ 第10條：改建基金得運用國有不適用營地處理得款，循特別預算程序供作眷村改建資金週轉之用，於適當時機繳還國庫。 主管機關對前項得款，應編列特別預算，供作國軍營舍改建之用。 第一項得款未能於適當時機繳還國庫時，得以國軍老舊眷村之等值國有土地，以收支併列之方式，循預算程序，供作國軍營舍改建之用。 ／ 第11條：第四條第二項之土地，除主管機關自行改建外，得按下列方式處理： 一、獎勵民間參與投資興建住宅社區。 二、委託民間機構興建住宅社區。 三、與直轄市、縣（市）政府合作興建國民住宅。 四、以信託方式與公、民營開發公司合作經營、處分及管理。 五、辦理標售或處分。 六、未達全體原眷戶三分之二同意改建，經主管機關核定不辦理改建之眷村，得依都市更新條例之規定辦理都市更新。 前項第一款、第二款、第四款、第五款實施辦法，由主管機關定之。 依第四條第三項核定為眷村文化保存之土地，國防部應連同建物無償撥用地方政府。經撥用之土地與建物管理機關為申請保存之直轄市、縣（市）政府。 前項直轄市、縣（市）政府獲得無償撥用之土地，應依都市計畫法辦理等值容積移轉國防部處分。 ／ 第12條：第四條第二項之土地，除配售與原眷戶、價售與第二十三條之違占建戶、第十六條之中低收入戶及志願役現役軍（士）官、兵者，依房屋建造完成當期公告土地現值計價外，其餘土地應以專案提估方式計價。 ／ 第13條：改建基金資金來源如下： 一、循預算程序或由改建基金融資之款項。 二、基金財產運用所得。 三、本基金孳息收入。 四、基金運用後之收益。 五、處分或經營改建完成之房舍價款收入。 六、眷村土地配合公共工程拆遷有償撥用價款及地上物補償金。 七、有關眷村改建之捐贈收入。 八、貸放原眷戶自備款利息收入。 九、其他有關收入。 ／ 第14條：改建基金之用途如下： 一、興建工程款及購地開發費用之支出。 二、投資參與住宅及土地開發計畫經費。 三、有關基金管理及總務支出。 四、改建基地內原眷戶搬遷費、房租補助費及地上物拆除費、違占建戶拆遷、補償、訴訟、強制執行費用支出。 五、融資貸款利息支出。 六、本條例第二十條第二項輔助購宅款補助支出。 七、輔助原眷戶貸款支出。 八、眷村文化保存支出。 九、其他眷村改建之支出。 前項第八款眷村文化保存支出，以眷村文化保存開辦之軟、硬體設施為限；其經營、管理及維護支出，由申請保存之直轄市、縣（市）政府負責。 ／ 第15條：改建基金所經管之眷村土地，經改建經營處理後所得之盈收部分，應作為照顧低收入家庭居住之資金；其辦法由行政院另定之。 ／ 第16條：興建住宅社區配售原眷戶以一戶為限。每戶配售之坪型以原眷戶現任或退伍時之職缺編階為準；並得價售與第二十三條之違占建戶及中低收入戶；如有零星餘戶由主管機關處理之。 前項價售中低收入戶之住宅，得由主管機關洽請直轄市、縣（市）國民住宅主管機關價購，並依國民住宅條例規定辦理配售、管理。 第一項住宅社區配售坪型辦法及零星餘戶處理辦法，由主管機關定之。 ／ 第17條：依本條例興建之住宅社區，得視需要，依都市計畫法規設置商業、服務設施及其他建築物，並得連同土地標售。 ／ 第18條：國軍老舊眷村土地為公共設施用地者，直轄市、縣（市）政府應配合眷村改建計畫，優先辦理拆遷補償。 ／ 第19條：國軍老舊眷村或不適用營地，因整體規劃必需與鄰地交換分合者，經雙方同意後，報其上級機關核定之，不受土地法第二十五條、第三十四條之一、第一百零四條及第一百零七條規定之限制。 ／ 第20條：原眷戶可獲之輔助購宅款，以各直轄市、縣（市）轄區內同期改建之國軍老舊眷村土地，依國有土地可計價公告土地現值總額百分之六十九點三為分配總額，並按其原眷戶數、住宅興建成本及配售坪型計算之。分配總額達房地總價以上者，原眷戶無須負擔自備款，超出部分，撥入改建基金；未達房地總價之不足款，由原眷戶自行負擔。 前項房地總價決算，不得納計工程之物價調整款，該款項全數由改建基金支出，原眷戶自行負擔部分，最高以房地總價百分之二十為限，其有不足部分，由改建基金補助。 原眷戶可獲得之輔助購宅款及自備款負擔金額，依各眷村之條件，於規劃階段，由主管機關以書面向原眷戶說明之。 申請自費增加住宅坪型之原眷戶，仍依原坪型核算輔助購宅款，其與申請價購房地總價之差額由原眷戶自行負擔。 住宅興建至主管機關核定完工決算價期間，因工程違約經主管機關已沒入賠罰款者，應按原負擔比例辦理補償。 本條例中華民國一百年十二月十三日修正施行前，經主管機關核定完工決算之住宅，且決算前已計入工程物價調整款或因工程違約經主管機關沒入賠罰款，承購戶價購住宅及基地，有自行負擔部分者，應按其負擔比例及達一定金額辦理退款，其一定金額由主管機關定之。 ／ 第21條：原眷戶放棄承購改建之住宅，自願領取前條之輔助購宅款後搬遷者，從其意願。 ／ 第21-1條：依第二十二條規劃改建之眷村，其原眷戶有三分之二以上同意改建，並因身心障礙、貧病之特殊需要者，經依第二十一條自願領取輔助購宅款時，主管機關得發給之。 前項特殊需要及發給作業規定，由主管機關另定之。 ／ 第22條：規劃改建之眷村，其原眷戶有三分之二以上同意改建者，對不同意改建之眷戶，主管機關得逕行註銷其眷舍居住憑證及原眷戶權益，收回該房地，並得移送管轄之地方法院裁定後強制執行。 原眷戶未逾三分之二同意改建之眷村，應於本條例中華民國九十八年五月十二日修正之條文施行後六個月內，經原眷戶二分之一以上連署，向主管機關申請辦理改建說明會。未於期限內依規定連署提出申請之眷村，不辦理改建。 主管機關同意前項申請並辦理改建說明會，應以書面通知原眷戶，於三個月內，取得三分之二以上之書面同意及完成認證，始得辦理改建；對於不同意改建之眷戶，依第一項規定辦理。但未於三個月內取得三分之二以上同意或完成認證之眷村，不辦理改建。 經主管機關核定不辦理改建之眷村，依第十一條第一項第六款規定辦理都市更新時，原眷戶應由實施者納入都市更新事業計畫辦理拆遷補償或安置，不得再依本條例之相關規定請領各項輔（補）助款。 ／ 第22-1條：依前條第一項及第三項規定註銷眷舍居住憑證及原眷戶權益之眷戶，於強制執行完畢前，經主管機關以書面通知之日起六個月內，自行配合騰空點還房地者，按點還時當地地方政府舉辦公共工程拆遷補償標準，由改建基金予以補償，最高不得超過其原改建基地內原階坪型之輔助購宅款金額，並得價購或承租原規劃改建基地內二十八坪型以下之零星餘戶。 前項於本條例中華民國一百零五年十一月十一日修正施行前，經主管機關書面通知，配合騰空點還房地者，亦同。 前二項眷戶及其共同生活者，主管機關應協調國軍退除役官兵輔導委員會，依其意願於六個月內視就養機構設備容量，以自費方式，予以安置；其實施辦法，由目的事業主管機關定之。 ／ 第23條：改建、處分之眷村及第四條之不適用營地上之違占建戶，主管機關應比照當地地方政府舉辦公共工程拆遷補償標準，由改建基金予以補償後拆遷，提供興建住宅依成本價格價售之，並洽請直轄市、縣（市）政府比照國民住宅條例規定，提供優惠貸款。但屬都市更新事業計畫範圍內，實施者應依都市更新條例之規定，納入都市更新事業計畫辦理拆遷補償或安置，並經都市更新主管機關核定者不適用之。 前項所稱之違占建戶，以本條例施行前，經主管機關存證有案者為限。 前項違占建戶應於主管機關通知搬遷之日起，六個月內搬遷騰空，逾期未搬遷者，由主管機關收回土地，並得移送管轄之地方法院裁定後強制執行。 ／ 第24條：由主管機關配售之住宅，除依法繼承者外，承購人自產權登記之日起未滿五年，不得自行將住宅及基地出售、出典、贈與或交換。 前項禁止處分，於建築完工交屋後，由主管機關列冊囑託當地土地登記機關辦理土地所有權移轉登記及建築改良物所有權第一次登記時，並為禁止處分之限制登記。 ／ 第26條：本條例第三條第一項第三款之軍眷住宅，其使用人不具原眷戶身分而領有房屋所有權狀者，比照原眷戶規定辦理之。 ／ 第27條：國軍老舊眷村土地權屬為直轄市有、縣（市）有、鄉（鎮、市）有者，各級地方政府辦理改建時，其土地計價、規劃設計、配售標準、租稅減免等，應依本條例規定辦理。 前項各級地方政府辦理改建時，依第二十條規定辦理購宅補助。 ／ 第28條：本條例施行之日，已完成改建之眷村及已報行政院核定改建之眷村，依國防部原規定辦理。但已報行政院核定改建之眷村，其土地計價標準如下： 一、有原眷戶原地改建眷村，以房屋建造完成當期公告土地現值計繳地價。 二、空置及分期規劃建宅眷地與已核定遷村尚未騰空之眷地，其土地價款一次繳清者，按繳款當期公告土地現值計價。 本條例施行前，經行政院核定遷建騰空之眷村土地，依本條例規定辦理。
L26,law,國有財產法,財政部,現行版本,https://law.moj.gov.tw/LawClass/LawAll.aspx?pcode=G0370001,產權與管理,國有財產法,verified,2026-09-28,國有閒置宿舍的收回與處分（光復新村案例）,閒置|收回|宿舍|眷舍|處分|標售|出租|古蹟|文化資產|占用,第1條：國有財產之取得、保管、使用、收益及處分，依本法之規定；本法未規定者，適用其他法律。 ／ 第4條：國有財產區分為公用財產與非公用財產兩類。 左列各種財產稱為公用財產： 一、公務用財產：各機關、部隊、學校、辦公、作業及宿舍使用之國有財產均屬之。 二、公共用財產：國家直接供公共使用之國有財產均屬之。 三、事業用財產：國營事業機關使用之財產均屬之。但國營事業為公司組織者，僅指其股份而言。 非公用財產，係指公用財產以外可供收益或處分之一切國有財產。 ／ 第7條：國有財產收益及處分，依預算程序為之；其收入應解國庫。 凡屬事業用之公用財產，在使用期間或變更為非公用財產，而為收益或處分時，均依公營事業有關規定程序辦理。 ／ 第28條：主管機關或管理機關對於公用財產不得為任何處分或擅為收益。但其收益不違背其事業目的或原定用途者，不在此限。 ／ 第29條：國有財產在國境外者，非依法經外交部核准，並徵得財政部同意，不得為任何處分。但為應付國際間之突發事件，得為適當之處理，於處理後即報外交部，並轉財政部及有關機關。 ／ 第31條：國有財產管理人員，對於經管之國有財產不得買受或承租，或為其他與自己有利之處分或收益行為。 違反前項規定之行為無效。 ／ 第34條：財政部基於國家政策需要，得徵商主管機關同意，報經行政院核准，將公用財產變更為非公用財產。 公用財產之使用，遇有下列情事之一者，財政部得通知管理機關於限期內提出活化運用計畫，必要時，得逕行核定變更為非公用財產，交財政部國有財產署接管。但撥用不動產之收回，應由財政部呈請行政院廢止撥用後為之： 一、用途廢止。 二、閒置。 三、低度利用或不經濟使用。 公用財產與非公用財產得互易其財產類別，經財政部與主管機關協議，報經行政院核定為之。 ／ 第38條：非公用財產類之不動產，各級政府機關為公務或公共所需，得申請撥用。但有左列情形之一者，不得辦理撥用： 一、位於繁盛地區，依申請撥用之目的，非有特別需要者。 二、擬作為宿舍用途者。 三、不合區域計畫或都市計畫土地使用分區規定者。 前項撥用，應由申請撥用機關檢具使用計畫及圖說，報經其上級機關核明屬實，並徵得財政部國有財產局同意後，層報行政院核定之。 ／ 第39條：非公用財產經撥為公用後，遇有下列情事之一者，應由財政部查明隨時收回，交財政部國有財產局接管。但撥用土地之收回，應由財政部呈請行政院廢止撥用後為之： 一、用途廢止時。 二、變更原定用途時。 三、於原定用途外，擅供收益使用時。 四、擅自讓由他人使用時。 五、建地空置逾一年，尚未開始建築時。 ／ 第41條：非公用財產經借用後，遇有左列情事之一者，應由管理機關查明隨時收回： 一、借用原因消滅時。 二、於原定用途外，另供收益使用時。 三、擅自讓由他人使用時。 非公用財產借用期間，如有增建、改良或修理情事，收回時不得請求補償。 ／ 第42條：非公用財產類不動產之出租，得以標租方式辦理。但合於左列各款規定之一者，得逕予出租︰ 一、原有租賃期限屆滿，未逾六個月者。 二、民國八十二年七月二十一日前已實際使用，並願繳清歷年使用補償金者。 三、依法得讓售者。 非公用財產類之不動產出租，應以書面為之；未以書面為之者，不生效力。 非公用財產類之不動產依法已為不定期租賃關係者，承租人應於規定期限內訂定書面契約；未於規定期限內訂定書面契約者，管理機關得終止租賃關係。 前項期限及非公用財產類不動產出租管理辦法，由財政部擬定報請行政院核定後發布之。 ／ 第43條：非公用財產類之不動產出租，應依左列各款規定，約定期限︰ 一、建築改良物，五年以下。 二、建築基地，二十年以下。 三、其他土地，六年至十年。 約定租賃期限屆滿時，得更新之。 非公用財產類之不動產租金率，依有關土地法律規定；土地法律未規定者，由財政部斟酌實際情形擬訂，報請行政院核定之。但以標租方式出租或出租係供作營利使用者，其租金率得不受有關土地法律規定之限制。 ／ 第44條：非公用財產類之不動產出租後，除依其他法律規定得予終止租約收回外，遇有左列情形之一者，亦得解約收回： 一、基於國家政策需要，變更為公用財產時。 二、承租人變更約定用途時。 三、因開發、利用或重行修建，有收回必要時。 承租人因前項第一、第三兩款規定，解除租約所受之損失，得請求補償。其標準由財政部核定之。 非公用財產類之不動產解除租約時，除出租機關許可之增建或改良部分，得由承租人請求補償其現值外，應無償收回；其有毀損情事者，應責令承租人回復原狀。 ／ 第45條：非公用財產類之動產，以不出租為原則。但基於國家政策或國庫利益，在無適當用途前，有暫予出租之必要者，得經財政部專案核准為之。 ／ 第47條：非公用財產類不動產，得依法改良利用。 財政部國有財產局得以委託、合作或信託方式，配合區域計畫、都市計畫辦理左列事項︰ 一、改良土地。 二、興建公務或公共用房屋。 三、其他非興建房屋之事業。 經改良之土地，以標售為原則。但情形特殊，適於以設定地上權或其他方式處理者，得報請行政院核定之。 第二項各款事業，依其計畫須由財政部國有財產局負擔資金者，應編列預算。 ／ 第52-1條：非公用財產類之不動產，有左列各款情形之一者，得專案報經財政部核准讓售︰ 一、使用他人土地之國有房屋。 二、原屬國有房屋業已出售，其尚未併售之建築基地。 三、共有不動產之國有持分。 四、獲准整體開發範圍內之國有不動產。 五、非屬公墓而其地目為「墓」並有墳墓之土地。 六、其他不屬前五款情況，而其使用情形或位置情形確屬特殊者。 非公用財產類之不動產，基於國家建設需要，不宜標售者，得專案報經行政院核准讓售。 非公用財產類之不動產，為提高利用價值，得專案報經財政部核准與他人所有之不動產交換所有權。其交換辦法，由財政部擬訂，報請行政院核定之。 ／ 第53條：非公用財產類之空屋、空地，並無預定用途，面積未達一千六百五十平方公尺者，得由財政部國有財產局辦理標售。面積在一千六百五十平方公尺以上者，不得標售。 ／ 第54條：非公用財產類之不動產，使用人無租賃關係或不合第四十二條第一項第二款之規定者，應收回標售或自行利用。 其有左列情形之一者，得經財政部核准辦理現狀標售： 一、經財政部核准按現狀接管處理者。 二、接管時已有墳墓或已作墓地使用者。 三、使用情形複雜，短期間內無法騰空辦理標售，且因情形特殊，急待處理者。 前項標售，由財政部國有財產局辦理之。 ／ 第55條：非公用財產類之動產不堪使用者，得予標售，或拆卸後就其殘料另予改裝或標售。 前項標售或拆卸、改裝，由財政部國有財產局報經財政部，按其權責核轉審計機關報廢後為之。 ／ 第57條：第三條第一項第四款財產上權利之處分，應分別按其財產類別，經主管機關或財政部核定之。 ／ 第61條：國有財產之檢查，除審計機關依審計法令規定隨時稽察外，主管機關對於各管理機關或國外代管機構有關公用財產保管、使用、收益及處分情形，應為定期與不定期之檢查。 ／ 第66條：財政部應於每一會計年度開始前，對於公用財產及非公用財產，就第六十四條及第六十五條所擬之計畫加具審查意見，呈報行政院；其涉及處分事項，應列入中央政府年度總預算。 ／ 第73條：國有財產漏未接管，經舉報後發現，或被人隱匿經舉報後收回，或經舉報後始撈取、掘獲者，給予舉報人按財產總值一成以下之獎金。
L27,law,政府資訊公開法,法務部,現行版本,https://law.moj.gov.tw/LawClass/LawAll.aspx?pcode=I0020026,資料取得;研究倫理,政府資訊公開法,verified,2026-09-28,申請審議紀錄與火調資料,申請|限制公開|不予提供|學術|研究|個人,第4條：本法所稱政府機關，指中央、地方各級機關及其設立之實（試）驗、研究、文教、醫療及特種基金管理等機構。 受政府機關委託行使公權力之個人、法人或團體，於本法適用範圍內，就其受託事務視同政府機關。 ／ 第5條：政府資訊應依本法主動公開或應人民申請提供之。 ／ 第7條：下列政府資訊，除依第十八條規定限制公開或不予提供者外，應主動公開： 一、條約、對外關係文書、法律、緊急命令、中央法規標準法所定之命令、法規命令及地方自治法規。 二、政府機關為協助下級機關或屬官統一解釋法令、認定事實、及行使裁量權，而訂頒之解釋性規定及裁量基準。 三、政府機關之組織、職掌、地址、電話、傳真、網址及電子郵件信箱帳號。 四、行政指導有關文書。 五、施政計畫、業務統計及研究報告。 六、預算及決算書。 七、請願之處理結果及訴願之決定。 八、書面之公共工程及採購契約。 九、支付或接受之補助。 十、合議制機關之會議紀錄。 前項第五款所稱研究報告，指由政府機關編列預算委託專家、學者進行之報告或派赴國外從事考察、進修、研究或實習人員所提出之報告。 第一項第十款所稱合議制機關之會議紀錄，指由依法獨立行使職權之成員組成之決策性機關，其所審議議案之案由、議程、決議內容及出席會議成員名單。 ／ 第9條：具有中華民國國籍並在中華民國設籍之國民及其所設立之本國法人、團體，得依本法規定申請政府機關提供政府資訊。持有中華民國護照僑居國外之國民，亦同。 外國人，以其本國法令未限制中華民國國民申請提供其政府資訊者為限，亦得依本法申請之。 ／ 第10條：向政府機關申請提供政府資訊者，應填具申請書，載明下列事項： 一、申請人姓名、出生年月日、國民身分證統一編號及設籍或通訊地址及聯絡電話；申請人為法人或團體者，其名稱、立案證號、事務所或營業所所在地；申請人為外國人、法人或團體者，並應註明其國籍、護照號碼及相關證明文件。 二、申請人有法定代理人、代表人者，其姓名、出生年月日及通訊處所。 三、申請之政府資訊內容要旨及件數。 四、申請政府資訊之用途。 五、申請日期。 前項申請，得以書面通訊方式為之。其申請經電子簽章憑證機構認證後，得以電子傳遞方式為之。 ／ 第11條：申請之方式或要件不備，其能補正者，政府機關應通知申請人於七日內補正。不能補正或屆期不補正者，得逕行駁回之。 ／ 第12條：政府機關應於受理申請提供政府資訊之日起十五日內，為准駁之決定；必要時，得予延長，延長之期間不得逾十五日。 前項政府資訊涉及特定個人、法人或團體之權益者，應先以書面通知該特定個人、法人或團體於十日內表示意見。但該特定個人、法人或團體已表示同意公開或提供者，不在此限。 前項特定個人、法人或團體之所在不明者，政府機關應將通知內容公告之。 第二項所定之個人、法人或團體未於十日內表示意見者，政府機關得逕為准駁之決定。 ／ 第13條：政府機關核准提供政府資訊之申請時，得按政府資訊所在媒介物之型態給予申請人重製或複製品或提供申請人閱覽、抄錄或攝影。其涉及他人智慧財產權或難於執行者，得僅供閱覽。 申請提供之政府資訊已依法律規定或第八條第一項第一款至第三款之方式主動公開者，政府機關得以告知查詢之方式以代提供。 ／ 第14條：政府資訊內容關於個人、法人或團體之資料有錯誤或不完整者，該個人、法人或團體得申請政府機關依法更正或補充之。 前項情形，應填具申請書，除載明第十條第一項第一款、第二款及第五款規定之事項外，並載明下列事項： 一、申請更正或補充資訊之件名、件數及記載錯誤或不完整事項。 二、更正或補充之理由。 三、相關證明文件。 第一項之申請，得以書面通訊方式為之；其申請經電子簽章憑證機構認證後，得以電子傳遞方式為之。 ／ 第15條：政府機關應於受理申請更正或補充政府資訊之日起三十日內，為准駁之決定；必要時，得予延長，延長之期間不得逾三十日。 第九條、第十一條及第十二條第二項至第四項之規定，於申請政府機關更正或補充政府資訊時，準用之。 ／ 第16條：政府機關核准提供、更正或補充政府資訊之申請時，除當場繳費取件外，應以書面通知申請人提供之方式、時間、費用及繳納方法或更正、補充之結果。 前項應更正之資訊，如其內容不得或不宜刪除者，得以附記應更正內容之方式為之。 政府機關全部或部分駁回提供、更正或補充政府資訊之申請時，應以書面記明理由通知申請人。 申請人依第十條第二項或第十四條第三項規定以電子傳遞方式申請提供、更正或補充政府資訊或申請時已註明電子傳遞地址者，第一項之核准通知，得以電子傳遞方式為之。 ／ 第17條：政府資訊非受理申請之機關於職權範圍內所作成或取得者，該受理機關除應說明其情形外，如確知有其他政府機關於職權範圍內作成或取得該資訊者，應函轉該機關並通知申請人。 ／ 第18條：政府資訊屬於下列各款情形之一者，應限制公開或不予提供之： 一、經依法核定為國家機密或其他法律、法規命令規定應秘密事項或限制、禁止公開者。 二、公開或提供有礙犯罪之偵查、追訴、執行或足以妨害刑事被告受公正之裁判或有危害他人生命、身體、自由、財產者。 三、政府機關作成意思決定前，內部單位之擬稿或其他準備作業。但對公益有必要者，得公開或提供之。 四、政府機關為實施監督、管理、檢（調）查、取締等業務，而取得或製作監督、管理、檢（調）查、取締對象之相關資料，其公開或提供將對實施目的造成困難或妨害者。 五、有關專門知識、技能或資格所為之考試、檢定或鑑定等有關資料，其公開或提供將影響其公正效率之執行者。 六、公開或提供有侵害個人隱私、職業上秘密或著作權人之公開發表權者。但對公益有必要或為保護人民生命、身體、健康有必要或經當事人同意者，不在此限。 七、個人、法人或團體營業上秘密或經營事業有關之資訊，其公開或提供有侵害該個人、法人或團體之權利、競爭地位或其他正當利益者。但對公益有必要或為保護人民生命、身體、健康有必要或經當事人同意者，不在此限。 八、為保存文化資產必須特別管理，而公開或提供有滅失或減損其價值之虞者。 九、公營事業機構經營之有關資料，其公開或提供將妨害其經營上之正當利益者。但對公益有必要者，得公開或提供之。 政府資訊含有前項各款限制公開或不予提供之事項者，應僅就其他部分公開或提供之。 ／ 第19條：前條所定應限制公開或不予提供之政府資訊，因情事變更已無限制公開或拒絕提供之必要者，政府機關應受理申請提供。 ／ 第20條：申請人對於政府機關就其申請提供、更正或補充政府資訊所為之決定不服者，得依法提起行政救濟。 ／ 第22條：政府機關依本法公開或提供政府資訊時，得按申請政府資訊之用途，向申請人收取費用；申請政府資訊供學術研究或公益用途者，其費用得予減免。 前項費用，包括政府資訊之檢索、審查、複製及重製所需之成本；其收費標準，由各政府機關定之。
L28,law,個人資料保護法,法務部,現行版本,https://law.moj.gov.tw/LawClass/LawAll.aspx?pcode=I0050021,研究倫理,個人資料保護法,verified,2026-09-28,保留姓名的依據與公開前的揭露檢視,學術研究|公共利益|蒐集|處理|利用|公開|去識別|姓名|無從識別,第1條：為規範個人資料之蒐集、處理及利用，以避免人格權受侵害，並促進個人資料之合理利用，特制定本法。 ／ 第2條：本法用詞，定義如下： 一、個人資料：指自然人之姓名、出生年月日、國民身分證統一編號、護照號碼、特徵、指紋、婚姻、家庭、教育、職業、病歷、醫療、基因、性生活、健康檢查、犯罪前科、聯絡方式、財務情況、社會活動及其他得以直接或間接方式識別該個人之資料。 二、個人資料檔案：指依系統建立而得以自動化機器或其他非自動化方式檢索、整理之個人資料之集合。 三、蒐集：指以任何方式取得個人資料。 四、處理：指為建立或利用個人資料檔案所為資料之記錄、輸入、儲存、編輯、更正、複製、檢索、刪除、輸出、連結或內部傳送。 五、利用：指將蒐集之個人資料為處理以外之使用。 六、國際傳輸：指將個人資料作跨國（境）之處理或利用。 七、公務機關：指依法行使公權力之中央或地方機關或行政法人。 八、非公務機關：指前款以外之自然人、法人或其他團體。 九、當事人：指個人資料之本人。 ／ 第3條：當事人就其個人資料依本法規定行使之下列權利，不得預先拋棄或以特約限制之： 一、查詢或請求閱覽。 二、請求製給複製本。 三、請求補充或更正。 四、請求停止蒐集、處理或利用。 五、請求刪除。 ／ 第4條：受公務機關或非公務機關委託蒐集、處理或利用個人資料者，於本法適用範圍內，視同委託機關。 ／ 第5條：個人資料之蒐集、處理或利用，應尊重當事人之權益，依誠實及信用方法為之，不得逾越特定目的之必要範圍，並應與蒐集之目的具有正當合理之關聯。 ／ 第6條：有關病歷、醫療、基因、性生活、健康檢查及犯罪前科之個人資料，不得蒐集、處理或利用。但有下列情形之一者，不在此限： 一、法律明文規定。 二、公務機關執行法定職務或非公務機關履行法定義務必要範圍內，且事前或事後有適當安全維護措施。 三、當事人自行公開或其他已合法公開之個人資料。 四、公務機關或學術研究機構基於醫療、衛生或犯罪預防之目的，為統計或學術研究而有必要，且資料經過提供者處理後或經蒐集者依其揭露方式無從識別特定之當事人。 五、為協助公務機關執行法定職務或非公務機關履行法定義務必要範圍內，且事前或事後有適當安全維護措施。 六、經當事人書面同意。但逾越特定目的之必要範圍或其他法律另有限制不得僅依當事人書面同意蒐集、處理或利用，或其同意違反其意願者，不在此限。 依前項規定蒐集、處理或利用個人資料，準用第八條、第九條規定；其中前項第六款之書面同意，準用第七條第一項、第二項及第四項規定，並以書面為之。 ／ 第7條：第十五條第二款及第十九條第一項第五款所稱同意，指當事人經蒐集者告知本法所定應告知事項後，所為允許之意思表示。 第十六條第七款、第二十條第一項第六款所稱同意，指當事人經蒐集者明確告知特定目的外之其他利用目的、範圍及同意與否對其權益之影響後，單獨所為之意思表示。 公務機關或非公務機關明確告知當事人第八條第一項各款應告知事項時，當事人如未表示拒絕，並已提供其個人資料者，推定當事人已依第十五條第二款、第十九條第一項第五款之規定表示同意。 蒐集者就本法所稱經當事人同意之事實，應負舉證責任。 ／ 第8條：公務機關或非公務機關依第十五條或第十九條規定向當事人蒐集個人資料時，應明確告知當事人下列事項： 一、公務機關或非公務機關名稱。 二、蒐集之目的。 三、個人資料之類別。 四、個人資料利用之期間、地區、對象及方式。 五、當事人依第三條規定得行使之權利及方式。 六、當事人得自由選擇提供個人資料時，不提供將對其權益之影響。 有下列情形之一者，得免為前項之告知： 一、依法律規定得免告知。 二、個人資料之蒐集係公務機關執行法定職務或非公務機關履行法定義務所必要。 三、告知將妨害公務機關執行法定職務。 四、告知將妨害公共利益。 五、當事人明知應告知之內容。 六、個人資料之蒐集非基於營利之目的，且對當事人顯無不利之影響。 ／ 第9條：公務機關或非公務機關依第十五條或第十九條規定蒐集非由當事人提供之個人資料，應於處理或利用前，向當事人告知個人資料來源及前條第一項第一款至第五款所列事項。 有下列情形之一者，得免為前項之告知： 一、有前條第二項所列各款情形之一。 二、當事人自行公開或其他已合法公開之個人資料。 三、不能向當事人或其法定代理人為告知。 四、基於公共利益為統計或學術研究之目的而有必要，且該資料須經提供者處理後或蒐集者依其揭露方式，無從識別特定當事人者為限。 五、大眾傳播業者基於新聞報導之公益目的而蒐集個人資料。 第一項之告知，得於首次對當事人為利用時併同為之。 ／ 第10條：公務機關或非公務機關應依當事人之請求，就其蒐集之個人資料，答覆查詢、提供閱覽或製給複製本。但有下列情形之一者，不在此限： 一、妨害國家安全、外交及軍事機密、整體經濟利益或其他國家重大利益。 二、妨害公務機關執行法定職務。 三、妨害該蒐集機關或第三人之重大利益。 ／ 第11條：公務機關或非公務機關應維護個人資料之正確，並應主動或依當事人之請求更正或補充之。 個人資料正確性有爭議者，應主動或依當事人之請求停止處理或利用。但因執行職務或業務所必須，或經當事人書面同意，並經註明其爭議者，不在此限。 個人資料蒐集之特定目的消失或期限屆滿時，應主動或依當事人之請求，刪除、停止處理或利用該個人資料。但因執行職務或業務所必須或經當事人書面同意者，不在此限。 違反本法規定蒐集、處理或利用個人資料者，應主動或依當事人之請求，刪除、停止蒐集、處理或利用該個人資料。 因可歸責於公務機關或非公務機關之事由，未為更正或補充之個人資料，應於更正或補充後，通知曾提供利用之對象。 ／ 第15條：公務機關對個人資料之蒐集或處理，除第六條第一項所規定資料外，應有特定目的，並符合下列情形之一者： 一、執行法定職務必要範圍內。 二、經當事人同意。 三、對當事人權益無侵害。 ／ 第16條：公務機關對個人資料之利用，除第六條第一項所規定資料外，應於執行法定職務必要範圍內為之，並與蒐集之特定目的相符。但有下列情形之一者，得為特定目的外之利用： 一、法律明文規定。 二、為維護國家安全或增進公共利益所必要。 三、為免除當事人之生命、身體、自由或財產上之危險。 四、為防止他人權益之重大危害。 五、公務機關或學術研究機構基於公共利益為統計或學術研究而有必要，且資料經過提供者處理後或經蒐集者依其揭露方式無從識別特定之當事人。 六、有利於當事人權益。 七、經當事人同意。 ／ 第17條：公務機關應將下列事項公開於電腦網站，或以其他適當方式供公眾查閱；其有變更者，亦同： 一、個人資料檔案名稱。 二、保有機關名稱及聯絡方式。 三、個人資料檔案保有之依據及特定目的。 四、個人資料之類別。 ／ 第19條：非公務機關對個人資料之蒐集或處理，除第六條第一項所規定資料外，應有特定目的，並符合下列情形之一者： 一、法律明文規定。 二、與當事人有契約或類似契約之關係，且已採取適當之安全措施。 三、當事人自行公開或其他已合法公開之個人資料。 四、學術研究機構基於公共利益為統計或學術研究而有必要，且資料經過提供者處理後或經蒐集者依其揭露方式無從識別特定之當事人。 五、經當事人同意。 六、為增進公共利益所必要。 七、個人資料取自於一般可得之來源。但當事人對該資料之禁止處理或利用，顯有更值得保護之重大利益者，不在此限。 八、對當事人權益無侵害。 蒐集或處理者知悉或經當事人通知依前項第七款但書規定禁止對該資料之處理或利用時，應主動或依當事人之請求，刪除、停止處理或利用該個人資料。 ／ 第20條：非公務機關對個人資料之利用，除第六條第一項所規定資料外，應於蒐集之特定目的必要範圍內為之。但有下列情形之一者，得為特定目的外之利用： 一、法律明文規定。 二、為增進公共利益所必要。 三、為免除當事人之生命、身體、自由或財產上之危險。 四、為防止他人權益之重大危害。 五、公務機關或學術研究機構基於公共利益為統計或學術研究而有必要，且資料經過提供者處理後或經蒐集者依其揭露方式無從識別特定之當事人。 六、經當事人同意。 七、有利於當事人權益。 非公務機關依前項規定利用個人資料行銷者，當事人表示拒絕接受行銷時，應即停止利用其個人資料行銷。 非公務機關於首次行銷時，應提供當事人表示拒絕接受行銷之方式，並支付所需費用。 ／ 第25條：非公務機關有違反本法規定之情事者，主管機關除依本法規定裁處罰鍰外，並得為下列處分： 一、禁止蒐集、處理或利用個人資料。 二、命令刪除經處理之個人資料檔案。 三、沒入或令銷毀違法蒐集之個人資料。 四、公布違法情形，及其姓名或名稱與負責人。 主管機關為前項處分時，應於防制違反本法規定情事之必要範圍內，採取對該非公務機關權益損害最少之方法為之。 ／ 第28條：公務機關違反本法規定，致個人資料遭不法蒐集、處理、利用或其他侵害當事人權利者，負損害賠償責任。但損害因天災、事變或其他不可抗力所致者，不在此限。 被害人雖非財產上之損害，亦得請求賠償相當之金額；其名譽被侵害者，並得請求為回復名譽之適當處分。 依前二項情形，如被害人不易或不能證明其實際損害額時，得請求法院依侵害情節，以每人每一事件新臺幣五百元以上二萬元以下計算。 對於同一原因事實造成多數當事人權利受侵害之事件，經當事人請求損害賠償者，其合計最高總額以新臺幣二億元為限。但因該原因事實所涉利益超過新臺幣二億元者，以該所涉利益為限。 同一原因事實造成之損害總額逾前項金額時，被害人所受賠償金額，不受第三項所定每人每一事件最低賠償金額新臺幣五百元之限制。 第二項請求權，不得讓與或繼承。但以金額賠償之請求權已依契約承諾或已起訴者，不在此限。 ／ 第29條：非公務機關違反本法規定，致個人資料遭不法蒐集、處理、利用或其他侵害當事人權利者，負損害賠償責任。但能證明其無故意或過失者，不在此限。 依前項規定請求賠償者，適用前條第二項至第六項規定。 ／ 第48條：非公務機關有下列情事之一者，由主管機關令其限期改正，屆期未改正者，按次處新臺幣二萬元以上二十萬元以下罰鍰： 一、違反第八條或第九條規定。 二、違反第十條、第十一條或第十三條規定。 三、違反第十二條第一項或依第四項所定辦法中有關通知之內容、方式或時限之規定。 四、違反第二十條第二項或第三項規定。 非公務機關違反第十二條第二項、第三項或依第四項所定辦法中有關通報之內容、方式、時限、應變措施、紀錄保存之規定者，由主管機關處新臺幣二萬元以上二十萬元以下罰鍰，並令其限期改正，屆期未改正者，按次處罰。 非公務機關有下列情事之一者，由主管機關處新臺幣二萬元以上二百萬元以下罰鍰，並令其限期改正，屆期未改正者，按次處新臺幣十五萬元以上一千五百萬元以下罰鍰： 一、違反第二十條之一第一項規定。 二、違反依第二十條之一第二項所定辦法中有關個人資料檔案安全維護事項、管理機制、應採取措施之規定。 三、未依第五十一條之一第三項訂定個人資料檔案安全維護計畫或業務終止後個人資料處理方法。 四、違反第五十一條之一第四項所定辦法中有關計畫或處理方法應具備之內容、執行方式或基準之規定。 非公務機關有前項各款情事之一，其情節重大者，由主管機關處新臺幣十五萬元以上一千五百萬元以下罰鍰，並令其限期改正，屆期未改正者，按次處罰。 ／ 第51條：有下列情形之一者，不適用本法規定： 一、自然人為單純個人或家庭活動之目的，而蒐集、處理或利用個人資料。 二、於公開場所或公開活動中所蒐集、處理或利用之未與其他個人資料結合之影音資料。 公務機關及非公務機關，在中華民國領域外對中華民國人民個人資料蒐集、處理或利用者，亦適用本法。 ／ 第51-1條：第二十二條第一項、第三項至第七項、第二十三條至第二十六條、第四十七條至第五十條所定對非公務機關之監督管理事項，於主管機關成立之日起六年內，由主管機關報請行政院公告一定範圍之非公務機關，仍由中央目的事業主管機關或直轄市、縣（市）政府管轄。 主管機關應每二年會商相關機關後，報請行政院調整減列前項公告所定一定範圍之非公務機關。 中央目的事業主管機關得指定前二項公告範圍之非公務機關訂定個人資料檔案安全維護計畫或業務終止後個人資料處理方法。 前項計畫、處理方法應具備之內容、執行方式或基準及其他相關事項之辦法，由中央目的事業主管機關比照主管機關依第二十條之一第二項訂定之辦法定之；並得為更嚴格之規定。 ／ 第54條：本法中華民國九十九年五月二十六日修正公布之條文施行前，非由當事人提供之個人資料，於本法一百零四年十二月十五日修正之條文施行後為處理或利用者，應於處理或利用前，依第九條規定向當事人告知。 前項之告知，得於本法中華民國一百零四年十二月十五日修正之條文施行後首次利用時併同為之。 未依前二項規定告知而利用者，以違反第九條規定論處。
L29,law,檔案法,國家發展委員會,現行版本,https://law.moj.gov.tw/LawClass/LawAll.aspx?pcode=A0030134,資料取得,檔案法,verified,2026-09-28,申請應用機關檔案（早年審議與火調資料）,申請|應用|閱覽|限制|學術|研究,第6條：檔案管理以統一規劃、集中管理為原則。 檔案中有可供陳列鑑賞、研究、保存、教化世俗之器物，得交有關機構保管之。 ／ 第8條：檔案應依檔案中央主管機關規定之分類系統及編目規則分類編案、編製目錄。 各機關應將機關檔案目錄定期送交檔案中央主管機關。 檔案中央主管機關應彙整國家檔案目錄及機關檔案目錄定期公布之，並附目錄使用說明。 檔案中央主管機關應設置研究部門，加強檔案整理與研究，並編輯出版檔案資料。 ／ 第17條：申請閱覽、抄錄或複製檔案，應以書面敘明理由為之，各機關非有法律依據不得拒絕。 ／ 第18條：檔案有下列情形之一者，各機關得拒絕前條之申請： 一、有關國家機密者。 二、有關犯罪資料者。 三、有關工商秘密者。 四、有關學識技能檢定及資格審查之資料者。 五、有關人事及薪資資料者。 六、依法令或契約有保密之義務者。 七、其他為維護公共利益或第三人之正當權益者。 ／ 第19條：各機關對於第十七條申請案件之准駁，應自受理之日起三十日內，以書面通知申請人。其駁回申請者，並應敘明理由。 ／ 第20條：閱覽或抄錄檔案應於各機關指定之時間、處所為之，並不得有下列行為： 一、添註、塗改、更換、抽取、圈點或污損檔案。 二、拆散已裝訂完成之檔案。 三、以其他方法破壞檔案或變更檔案內容。 ／ 第21條：申請閱覽、抄錄或複製檔案經核准者，各機關得依檔案中央主管機關所定標準收取費用。 ／ 第22條：國家檔案至遲應於三十年內開放應用，其有特殊情形者，得經立法院同意，延長期限。 ／ 第26條：違反第二十條規定者，各機關得停止其閱覽或抄錄。其涉及刑事責任者，移送該管檢察機關偵辦。
L30,law,土地登記規則,內政部,現行版本,https://law.moj.gov.tw/LawClass/LawAll.aspx?pcode=D0060003,產權與管理;地號,土地登記規則,verified,2026-09-28,地籍謄本與地籍異動（分割、合併）,分割|合併|謄本|標示變更|重測|重劃|地號|閱覽,第17條：登記簿就登記機關轄區情形按鄉（鎮、市、區）或地段登記之，並應於簿面標明某鄉（鎮、市、區）某地段土地或建物登記簿冊次及起止地號或建號，裏面各頁蓋土地登記之章。 同一地段經分編二冊以上登記簿時，其記載方式與前項同。 ／ 第18條：登記簿應按地號或建號順序，採用活頁裝訂之，並於頁首附索引表。 ／ 第24條：申請閱覽、抄寫、複印或攝影登記申請書及其附件者，以下列之一者為限： 一、原申請案之申請人、代理人。 二、登記名義人。 三、與原申請案有利害關係之人，並提出證明文件。 ／ 第27條：下列登記由權利人或登記名義人單獨申請之： 一、土地總登記。 二、建物所有權第一次登記。 三、因繼承取得土地權利之登記。 四、因法院、行政執行分署或公正第三人拍定、法院判決確定之登記。 五、標示變更登記。 六、更名或住址變更登記。 七、消滅登記。 八、預告登記或塗銷登記。 九、法定地上權登記。 十、依土地法第十二條第二項規定回復所有權之登記。 十一、依土地法第十七條第二項、第三項、第二十條第三項、第七十三條之一、地籍清理條例第十一條、第三十七條或祭祀公業條例第五十一條規定標售或讓售取得土地之登記。 十二、依土地法第六十九條規定更正之登記。 十三、依土地法第一百三十三條規定取得耕作權或所有權之登記。 十四、依民法第五百十三條第三項規定抵押權之登記。 十五、依民法第七百六十九條、第七百七十條或第七百七十二條規定因時效完成之登記。 十六、依民法第八百二十四條之一第四項規定抵押權之登記。 十七、依民法第八百五十九條之四規定就自己不動產設定不動產役權之登記。 十八、依民法第八百七十條之一規定抵押權人拋棄其抵押權次序之登記。 十九、依民法第九百零六條之一第二項規定抵押權之登記。 二十、依民法第九百十三條第二項、第九百二十三條第二項或第九百二十四條但書規定典權人取得典物所有權之登記。 二十一、依民法第一千一百八十五條規定應屬國庫之登記。 二十二、依直轄市縣（市）不動產糾紛調處委員會設置及調處辦法作成調處結果之登記。 二十三、法人合併之登記。 二十四、其他依法律得單獨申請登記者。 ／ 第28條：下列各款應由登記機關逕為登記： 一、建物因行政區域調整、門牌整編或基地號因重測、重劃或依法逕為分割或合併所為之標示變更登記。 二、依第一百四十三條第三項規定之國有登記。 三、依第一百四十四條規定之塗銷登記。 四、依第一百五十三條規定之住址變更登記。 五、其他依法律得逕為登記者。 登記機關逕為登記完畢後，應將登記結果通知登記名義人。但登記機關依登記名義人之申請登記資料而逕為併案辦理，及因政府機關辦理行政區域調整、門牌整編而逕為辦理之住址變更或建物標示變更登記，不在此限。 ／ 第29條：政府機關遇有下列各款情形之一時，得囑託登記機關登記之： 一、因土地徵收或撥用之登記。 二、照價收買土地之登記。 三、因土地重測或重劃確定之登記。 四、依土地法第五十二條規定公有土地之登記。 五、依土地法第五十七條、第六十三條第二項、第七十三條之一第五項或地籍清理條例第十八條第二項規定國有土地之登記。 六、依強制執行法第十一條或行政執行法第二十六條準用強制執行法第十一條規定之登記。 七、依破產法第六十六條規定之登記。 八、依稅捐稽徵法第二十四條第一項規定之登記。 九、依原國民住宅條例施行細則第二十三條第三項規定法定抵押權之設定及塗銷登記。 十、依第一百四十七條但書規定之塗銷登記。 十一、依第一百五十一條規定之公有土地管理機關變更登記。 十二、其他依法規得囑託登記機關登記。 ／ 第35條：有下列情形之一者，得免提出前條第一項第三款之文件： 一、因徵收、區段徵收、撥用或照價收買土地之登記。 二、因土地重劃或重測確定之登記。 三、登記原因證明文件為法院權利移轉證書或確定判決之登記。 四、法院囑託辦理他項權利塗銷登記。 五、依法代位申請登記。 六、遺產管理人之登記。 七、法定地上權之登記。 八、依原國民住宅條例規定法定抵押權之設定及塗銷登記。 九、依土地法第三十四條之一第一項至第三項規定辦理之登記，他共有人之土地所有權狀未能提出。 十、依民法第五百十三條第三項規定之抵押權登記。 十一、依本規則規定未發給所有權狀或他項權利證明書。 十二、祭祀公業或神明會依祭祀公業條例第五十條或地籍清理條例第二十四條規定成立法人，所申請之更名登記。 十三、其他依法律或由中央地政機關公告免予提出。 ／ 第38條：代理申請登記檢附之委託書具備特別授權之要件者，委託人得免於登記申請書內簽名或蓋章。 前項委託書應載明委託事項及委託辦理登記之土地或建物權利之坐落、地號或建號與權利範圍。 ／ 第41條：申請登記時，有下列情形之一者，當事人得免親自到場： 一、依第二十七條第四款規定，得由權利人單獨申請登記。 二、登記原因證明文件及同意書經依法公證、認證。 三、與有前款情形之案件同時連件申請辦理，而登記義務人同一，且其所蓋之印章相同。 四、登記原因證明文件經依法由地政士簽證。 五、登記義務人為無行為能力人或限制行為能力人，其法定代理人已依第三十九條規定辦理並親自到場。 六、登記義務人依土地登記印鑑設置及使用作業要點於土地所在地之登記機關設置土地登記印鑑。 七、外國人或旅外僑民授權第三人辦理土地登記，該授權書經我駐外館處驗證。 八、大陸地區人民或香港、澳門居民授權第三人辦理土地登記，該授權書經行政院設立或指定之機構或委託之民間團體驗證。 九、祭祀公業土地授權管理人處分，該契約書依法經公證或認證。 十、檢附登記原因發生日期前一年以後核發之當事人印鑑證明。 十一、土地合併時，各所有權人合併前後應有部分之價值差額在一平方公尺公告土地現值以下。 十二、建物所有權第一次登記協議書與申請書權利人所蓋印章相符。 十三、依第四十三條第三項規定辦理更正登記所提出之協議書，各共有人更正前後應有部分之價值差額在一平方公尺公告土地現值以下。 十四、依第一百零四條規定以籌備人公推之代表人名義申請登記提出協議書。 十五、應用憑證進行網路身分驗證，辦理線上聲明登錄相關登記資訊。 十六、其他由中央地政機關規定得免由當事人親自到場。 ／ 第45條：登記規費，係指土地法所規定之登記費、書狀費、工本費及閱覽費。 ／ 第46條：土地登記，應依土地法規定繳納登記規費。登記費未滿新臺幣一元者，不予計收。但有下列情形之一者，免繳納： 一、抵押權設定登記後，另增加一宗或數宗土地權利為共同擔保時，就增加部分辦理設定登記。 二、抵押權次序讓與、拋棄或變更登記。 三、權利書狀補（換）給登記。 四、管理人登記及其變更登記。 五、其他法律規定免納。 以郵電申請發給登記簿或地籍圖謄本或節本者，應另繳納郵電費。 登記規費之收支應依預算程序辦理。 ／ 第65條：土地權利於登記完畢後，除權利書狀所載內容未變更、本規則或其他法規另有規定外，登記機關應即發給申請人權利書狀。但得就原書狀加註者，於加註後發還之。 有下列情形之一，經申請人於申請書記明免繕發權利書狀者，得免發給之，登記機關並應於登記簿其他登記事項欄內記明之： 一、建物所有權第一次登記。 二、共有物分割登記，於標示變更登記完畢。 三、公有土地權利登記。 登記機關逕為辦理土地分割登記後，應通知土地所有權人換領土地所有權狀；換領前得免繕發。 ／ 第70條：政府因實施土地重劃、區段徵收及依其他法律規定，公告禁止所有權移轉、變更、分割及設定負擔之土地，登記機關應於禁止期間內，停止受理該地區有關登記案件之申請。但因繼承、強制執行、徵收、法院判決確定或其他非因法律行為，於登記前已取得不動產物權而申請登記者，不在此限。 ／ 第81條：區分所有建物所屬共有部分，除法規另有規定外，依區分所有權人按其設置目的及使用性質之約定情形，分別合併，另編建號，單獨登記為各相關區分所有權人共有。 區分所有建物共有部分之登記僅建立標示部及加附區分所有建物共有部分附表，其建號、總面積及權利範圍，應於各專有部分之建物所有權狀中記明之，不另發給所有權狀。 ／ 第85條：土地總登記後，因分割、合併、增減及其他標示之變更，應為標示變更登記。 ／ 第86條：一宗土地之部分合併於他土地時，應先行申請辦理分割。 ／ 第87條：一宗土地之部分已設定地上權、永佃權、不動產役權、典權或農育權者，於辦理分割登記時，應先由土地所有權人會同他項權利人申請勘測確定權利範圍及位置後為之。但設定時已有勘測位置圖且不涉及權利位置變更者，不在此限。 ／ 第88條：二宗以上所有權人不同之土地辦理合併時，各所有權人之權利範圍依其協議定之。 設定有地上權、永佃權、不動產役權、典權、耕作權或農育權之土地合併時，應先由土地所有權人會同他項權利人申請他項權利位置圖勘測。但設定時已有勘測位置圖且不涉及權利位置變更者，不在此限。 前項他項權利於土地合併後仍存在於合併前原位置之上，不因合併而受影響。 設定有抵押權之土地合併時，該抵押權之權利範圍依土地所有權人與抵押權人之協議定之。 ／ 第89條：申請建物基地分割或合併登記，涉及基地號變更者，應同時申請基地號變更登記。建物與基地所有權人不同時，得由基地所有權人代為申請或由登記機關查明後逕為辦理變更登記。 前項登記，除建物所有權人申請登記者外，登記機關於登記完畢後，應通知建物所有權人換發或加註建物所有權狀。 ／ 第90條：設定有他項權利之土地申請分割或合併登記，於登記完畢後，應通知他項權利人換發或加註他項權利證明書。 ／ 第91條：因土地重劃辦理權利變更登記時，應依據地籍測量結果釐正後之重劃土地分配清冊重造土地登記簿辦理登記。 土地重劃前已辦竣登記之他項權利，於重劃後繼續存在者，應按原登記先後及登記事項轉載於重劃後分配土地之他項權利部，並通知他項權利人。 重劃土地上已登記之建物未予拆除者，應逕為辦理基地號變更登記。 ／ 第92條：因地籍圖重測確定，辦理變更登記時，應依據重測結果清冊重造土地登記簿辦理登記。 建物因基地重測標示變更者，應逕為辦理基地號變更登記。 重測前已設定他項權利者，應於登記完畢後通知他項權利人。 ／ 第93條：土地總登記後，土地所有權移轉、分割、合併、增減或消滅時，應為變更登記。 ／ 第97條：申請土地權利移轉登記時，依民法物權編施行法第八條之五第三項、第五項、土地法第三十四條之一第四項、農地重劃條例第五條第二款、第三款或文化資產保存法第三十二條規定之優先購買權人已放棄優先購買權者，應附具出賣人之切結書，或於登記申請書適當欄記明優先購買權人確已放棄其優先購買權，如有不實，出賣人願負法律責任字樣。 依民法第四百二十六條之二、第九百十九條、土地法第一百零四條、第一百零七條、耕地三七五減租條例第十五條或農地重劃條例第五條第一款規定，優先購買權人放棄或視為放棄其優先購買權者，申請人應檢附優先購買權人放棄優先購買權之證明文件；或出賣人已通知優先購買權人之證件並切結優先購買權人接到出賣通知後逾期不表示優先購買，如有不實，願負法律責任字樣。 依前二項規定申請之登記，於登記完畢前，優先購買權人以書面提出異議並能證明確於期限內表示願以同樣條件優先購買或出賣人未依通知或公告之條件出賣者，登記機關應駁回其登記之申請。 ／ 第100條：依據法院判決申請共有物分割登記者，部分共有人得提出法院確定判決書及其他應附書件，單獨為全體共有人申請分割登記，登記機關於登記完畢後，應通知他共有人。其所有權狀應俟登記規費繳納完畢後再行繕發。 ／ 第100-1條：依民法第八百二十四條第三項規定申請共有物分割登記時，共有人中有應受金錢補償者，申請人應就其補償金額，對於補償義務人所分得之土地，同時為應受補償之共有人申請抵押權登記。但申請人提出應受補償之共有人已受領或為其提存之證明文件者，不在此限。 前項抵押權次序優先於第一百零七條第一項但書之抵押權；登記機關於登記完畢後，應將登記結果通知各次序抵押權人及補償義務人。 ／ 第105條：共有物分割應先申請標示變更登記，再申辦所有權分割登記。但無須辦理標示變更登記者，不在此限。 ／ 第106條：數宗共有土地併同辦理共有物分割者，不以同一地段、同一登記機關為限。 ／ 第107條：分別共有土地，部分共有人就應有部分設定抵押權者，於辦理共有物分割登記時，該抵押權按原應有部分轉載於分割後各宗土地之上。但有下列情形之一者，該抵押權僅轉載於原設定人分割後取得之土地上： 一、抵押權人同意分割。 二、抵押權人已參加共有物分割訴訟。 三、抵押權人經共有人告知訴訟而未參加。 前項但書情形，原設定人於分割後未取得土地者，申請人於申請共有物分割登記時，應同時申請該抵押權之塗銷登記。登記機關於登記完畢後，應將登記結果通知該抵押權人。 ／ 第114-2條：以一宗或數宗土地權利為擔保之抵押權，因擔保債權分割而申請抵押權分割登記，應由抵押權人會同抵押人及債務人申請之。 ／ 第119條：申請繼承登記，除提出第三十四條第一項第一款及第三款之文件外，並應提出下列文件： 一、載有被繼承人死亡記事之戶籍謄本。 二、繼承人現在戶籍謄本。 三、繼承系統表。 四、遺產稅繳（免）納證明書或其他有關證明文件。 五、繼承人如有拋棄繼承，應依下列規定辦理： （一）繼承開始時在中華民國七十四年六月四日以前者，應檢附拋棄繼承權有關文件；其向其他繼承人表示拋棄者，拋棄人應親自到場在拋棄書內簽名。 （二）繼承開始時在中華民國七十四年六月五日以後者，應檢附法院准予備查之證明文件。 六、其他依法律或中央地政機關規定應提出之文件。 前項第二款之繼承人現在戶籍謄本，於部分繼承人申請登記為全體繼承人公同共有時，未能會同之繼承人得以曾設籍於國內之戶籍謄本及敘明未能檢附之理由書代之。 第一項第一款、第二款之戶籍謄本，能以電腦處理達成查詢者，得免提出。 第一項第三款之繼承系統表，由申請人依民法有關規定自行訂定，註明如有遺漏或錯誤致他人受損害者，申請人願負法律責任，並簽名。 因法院確定判決申請繼承登記者，得不提出第一項第一款、第三款及第五款之文件。 ／ 第132條：土地權利經登記機關辦理信託登記後，應就其信託契約或遺囑複印裝訂成信託專簿，提供閱覽或申請複印，其提供資料內容及申請人資格、閱覽費或複印工本費之收取，準用第二十四條之一及土地法第七十九條之二規定。 信託專簿，應自塗銷信託登記或信託歸屬登記之日起保存十五年。 ／ 第155-1條：共有人依民法第八百二十六條之一第一項規定申請登記者，登記機關應於登記簿標示部其他登記事項欄記明收件年月日字號及共有物使用、管理、分割內容詳共有物使用管理專簿。 共有人依民法第八百二十條第一項規定所為管理之決定或法院之裁定，申請前項登記時，應於登記申請書適當欄記明確已通知他共有人並簽名；於登記後，決定或裁定之內容有變更，申請登記時，亦同。 ／ 第155-3條：登記機關依前二條規定辦理登記後，應就其約定、決定或法院裁定之文件複印裝訂成共有物使用管理專簿或土地使用收益限制約定專簿，提供閱覽或申請複印，其提供資料內容及申請人資格、閱覽費或複印工本費之收取，準用第二十四條之一及土地法第七十九條之二規定。
L31,law,不動產經紀業管理條例,內政部,現行版本,https://law.moj.gov.tw/LawClass/LawAll.aspx?pcode=D0060066,地價,不動產經紀業管理條例,verified,2026-09-28,實價登錄的另一法源,實際資訊|申報登錄|實價,第24-1條：經營仲介業務者，對於居間或代理成交之租賃案件，應於簽訂租賃契約書之日起三十日內，向直轄市、縣（市）主管機關申報登錄成交案件實際資訊（以下簡稱申報登錄資訊）。 經營代銷業務，受起造人或建築業委託代銷預售屋者，應於簽訂、變更或終止委託代銷契約之日起三十日內，將委託代銷契約相關書件報請所在地直轄市、縣（市）主管機關備查；並應於簽訂買賣契約書之日起三十日內，向直轄市、縣（市）主管機關申報登錄資訊。 前二項申報登錄資訊，除涉及個人資料外，得提供查詢。 已登錄之不動產交易價格資訊，在相關配套措施完全建立並完成立法後，始得為課稅依據。 第一項、第二項申報登錄資訊類別、內容與第三項提供之內容、方式、收費費額及其他應遵行事項之辦法，由中央主管機關定之。 直轄市、縣（市）主管機關為查核申報登錄資訊，得向交易當事人或不動產經紀業要求查詢、取閱有關文件或提出說明；中央主管機關為查核疑有不實之申報登錄價格資訊，得向相關機關或金融機構查詢、取閱價格資訊有關文件。受查核者不得規避、妨礙或拒絕。 前項查核，不得逾確保申報登錄資訊正確性目的之必要範圍。 第一項、第二項受理及第六項查核申報登錄資訊，直轄市、縣（市）主管機關得委任所屬機關辦理。 本條例中華民國一百零九年十二月三十日修正之條文施行前，以區段化、去識別化方式提供查詢之申報登錄資訊，於修正施行後，應依第三項規定重新提供查詢。 ／ 第29條：經紀業違反本條例者，依下列規定處罰之： 一、違反第七條第六項、第十一條、第十七條、第十九條第一項、第二十一條第一項、第二項或第二十二條第一項規定，由直轄市、縣（市）主管機關處新臺幣六萬元以上三十萬元以下罰鍰。 二、違反第二十四條之一第二項規定，未依限申報登錄資訊或申報登錄價格、交易面積資訊不實，由直轄市、縣（市）主管機關按戶（棟）處新臺幣三萬元以上十五萬元以下罰鍰，並令其限期改正；屆期未改正者，按次處罰。經處罰二次仍未改正者，按次處新臺幣三十萬元以上一百萬元以下罰鍰。 三、違反第二十四條之一第二項規定，未依限將委託代銷契約相關書件報備查，或違反第二十四條之一第六項規定，規避、妨礙或拒絕查核，或違反第二十四條之二規定，由主管機關處新臺幣三萬元以上十五萬元以下罰鍰。 四、違反第十二條、第十八條、第二十條或第二十七條規定，直轄市、縣（市）主管機關應令其限期改正；屆期未改正，處新臺幣三萬元以上十五萬元以下罰鍰。 五、違反第二十四條之一第一項規定，未依限申報登錄資訊、申報登錄租金或面積資訊不實，由直轄市、縣（市）主管機關處新臺幣一萬元以上五萬元以下罰鍰。 六、違反第二十四條之一第一項或第二項規定，申報登錄租金、價格及面積以外資訊不實，直轄市、縣（市）主管機關應令其限期改正；屆期未改正，處新臺幣六千元以上三萬元以下罰鍰。 七、違反第七條第三項、第四項或第八條第四項規定，直轄市、縣（市）主管機關應予停止營業處分，其期間至補足營業保證金為止。但停止營業期間達一年者，應廢止其許可。 經紀業經依前項第一款、第三款至第六款處罰鍰者，主管機關並應令其限期改正；屆期未改正者，按次處罰。 金融機構、交易當事人違反第二十四條之一第六項規定，規避、妨礙或拒絕查核者，由主管機關處新臺幣三萬元以上十五萬元以下罰鍰，並令其限期改正；屆期未改正者，按次處罰。
L32,law,災害防救法,內政部,民國114年05月28日修正,https://law.moj.gov.tw/LawClass/LawAll.aspx?pcode=D0120014,火災,災害防救法,verified,2026-09-28,,火災|文化資產|古蹟|歷史建築,第2條：本法用詞，定義如下： 一、災害：指下列災難所造成之禍害： （一）風災、水災、震災（含土壤液化）、旱災、寒害、土石流及大規模崩塌災害、火山災害等天然災害。 （二）火災、爆炸、公用氣體與油料管線、輸電線路災害、礦災、空難、海難、陸上交通事故、森林火災、毒性及關注化學物質災害、生物病原災害、動植物疫災、輻射災害、工業管線災害、懸浮微粒物質災害等災害。 二、災害防救：指災害之預防、災害發生時之應變及災後之復原重建等措施。 三、災害防救計畫：指災害防救基本計畫、災害防救業務計畫及地區災害防救計畫。 四、災害防救基本計畫：指由中央災害防救會報核定之全國性災害防救計畫。 五、災害防救業務計畫：指由中央災害防救業務主管機關及公共事業就其掌理業務或事務擬訂之災害防救計畫。 六、地區災害防救計畫：指由直轄市、縣（市）、鄉（鎮、市）及直轄市山地原住民區（以下簡稱山地原住民區）災害防救會報核定之直轄市、縣（市）、鄉（鎮、市）及山地原住民區災害防救計畫。 ／ 第3條：各種災害之預防、應變及復原重建，以下列機關為中央災害防救業務主管機關： 一、風災、震災（含土壤液化）、火災、爆炸、火山災害：內政部。 二、水災、旱災、礦災、工業管線災害、公用氣體與油料管線、輸電線路災害：經濟部。 三、寒害、土石流及大規模崩塌災害、森林火災、動植物疫災：農業部。 四、空難、海難、陸上交通事故：交通部。 五、毒性及關注化學物質災害、懸浮微粒物質災害：環境部。 六、生物病原災害：衛生福利部。 七、輻射災害：核能安全委員會。 八、其他災害：依法律規定或由中央災害防救會報指定之中央災害防救業務主管機關。 前項中央災害防救業務主管機關就其主管災害防救業務之權責如下： 一、中央及直轄市、縣（市）政府與公共事業執行災害防救工作等相關事項之指揮、督導及協調。 二、災害防救業務計畫訂定與修正之研擬及執行。 三、災害防救工作之支援、處理。 四、非屬地方行政轄區之災害防救相關業務之執行、協調及違反本法案件之處理。 五、災害區域涉及海域、跨越二以上直轄市、縣（市）行政區，或災情重大且直轄市、縣（市）政府無法因應時之協調及處理。 六、執行災害資源統籌、資訊彙整與防救業務，並應協同教育部及相關機關執行全民防救災教育。 ／ 第37條：為實施災後復原重建，各級政府應依權責實施下列事項，並鼓勵公、私立學校、急救責任醫院、團體、公司、商業、有限合夥主動或協助辦理： 一、災情、受災地區民眾需求之調查、統計、評估及分析。 二、災後復原重建綱領與計畫之訂定及實施。 三、志工之登記及分配。 四、捐贈物資、款項之分配與管理及救助金之發放。 五、傷亡者之善後照料、受災地區民眾之安置及受災地區秩序之維持。 六、衛生醫療、防疫及心理輔導。 七、學校廳舍及其附屬公共設施之復原重建。 八、受災學生之就學及寄讀。 九、古蹟、歷史建築、紀念建築及聚落建築群搶修、修復計畫之核准或協助擬訂。 十、古蹟、歷史建築、紀念建築及聚落建築群受災情形調查、緊急搶救、加固等應變處理措施。 十一、受損建築物之安全評估及處理。 十二、住宅、公共建築物之復原重建、都市更新及地權處理。 十三、水利、水土保持、環境保護、電信、電力、自來水、油料、氣體等設施之修復及民生物資供需之調節。 十四、鐵路、道路、橋梁、大眾運輸、航空站、港埠及農漁業之復原重建。 十五、環境消毒與廢棄物之清除及處理。 十六、受災民眾之就業服務及產業重建。 十七、災害事故原因之調查。 十八、其他有關災後復原重建事項。 前項所定復原重建事項，各級政府應列入各該災害防救計畫。 公共事業應依其災害防救業務計畫，實施有關災後復原重建事項。
L33,law,學位授予法,教育部,民國107年11月28日修正,https://law.moj.gov.tw/LawClass/LawAll.aspx?pcode=H0030010,碩士論文標準,學位授予法,verified,2026-09-29,第 7 條碩士學位須提出論文並經學位考試；第 17 條論文造假、變造、抄襲、代寫應撤銷學位,論文,第7條：大學修讀碩士學位之學生，依法修業期滿，修滿應修學分，符合畢業條件並提出論文，經碩士學位考試委員會考試通過者，授予碩士學位。 藝術類、應用科技類或體育運動類碩士班，其學生碩士論文得以作品、成就證明連同書面報告或以技術報告代替；各該類科之認定基準，由各校經教務相關之校級會議通過後實施。 碩士班屬專業實務者，其學生碩士論文得以專業實務報告代替；專業實務之認定基準，由各校經教務相關之校級會議通過後實施。 前二項之各該類科，得以作品、成就證明連同書面報告、技術報告或專業實務報告，代替碩士論文之認定範圍、資料形式、內容項目及其他相關事項之準則，由主管機關定之。 ／ 第9條：大學修讀博士學位之學生，具有下列條件者，得為博士學位候選人： 一、修滿應修學分。 二、通過博士學位候選人資格考核。 博士學位候選人依法修業期滿，符合畢業條件並提出論文，經博士學位考試委員會考試通過者，授予博士學位。 藝術類、應用科技類或體育運動類博士班，其學生博士論文得以作品、成就證明連同書面報告或以技術報告代替；各該類科之認定基準，由各校經教務相關之校級會議通過後實施。 前項之各該類科，得以作品、成就證明連同書面報告或技術報告，代替博士論文之認定範圍、資料形式、內容項目及其他相關事項之準則，由主管機關定之。 ／ 第11條：經申請准予逕修讀博士學位之學生，依第九條第一項規定通過博士學位候選人資格考核後，未通過博士學位考試，其論文、作品、成就證明連同書面報告或技術報告，經博士學位考試委員會決定合於碩士學位標準者，得授予碩士學位。 ／ 第12條：已於國內、境外取得學位之論文、作品、成就證明、書面報告、技術報告或專業實務報告，不得作為第七條、第九條第二項或第三項之論文、作品、成就證明、書面報告、技術報告或專業實務報告。但國內學校經由學術合作，與境外學校共同指導論文，並分別授予學位者，不在此限。 ／ 第16條：取得博士、碩士學位者，應將其取得學位之論文、書面報告、技術報告或專業實務報告，經由學校以文件、錄影帶、錄音帶、光碟或其他方式，連同電子檔送國家圖書館及所屬學校圖書館保存之。 國家圖書館保存之博士、碩士論文、書面報告、技術報告或專業實務報告，應提供公眾於館內閱覽紙本，或透過獨立設備讀取電子資料檔；經依著作權法規定授權，得為重製、透過網路於館內或館外公開傳輸，或其他涉及著作權之行為。但涉及機密、專利事項或依法不得提供，並經學校認定者，得不予提供或於一定期間內不為提供。 前二項圖書館之保存或提供，對各該博士、碩士論文、書面報告、技術報告或專業實務報告之著作權不生影響。 ／ 第17條：學校授予之學位，有下列情事之一者，應予撤銷，並公告註銷其已頒給之學位證書；有違反其他法令規定者，並依相關法令規定處理： 一、入學資格或修業情形有不實或舞弊情事。 二、論文、作品、成就證明、書面報告、技術報告或專業實務報告有造假、變造、抄襲、由他人代寫或其他舞弊情事。 該管學校主管機關發現學校就前項情事之處理有違法或不當之疑義者，應通知學校限期改正；屆期未改正者，主管機關得予糾正。 學校經主管機關糾正後仍未就第一項違法或不當之情事妥為處理者，主管機關得邀集學者專家、學校代表組成審查委員會，對於違反情形作具體處分認定及建議，由學校據以辦理；屆期未辦理者，主管機關得予糾正，並減少各項獎補助及招生名額。 學校依第一項規定撤銷學位後，應通知當事人繳還該學位證書，並將撤銷及註銷事項，通知其他專科學校、大學及相關機關（構）。 ／ 第18條：有下列情形之一者，處行為人或負責人新臺幣三十萬元以上一百萬元以下罰鍰，並得按次處罰： 一、以廣告、口述、宣播或其他方式，引誘代寫（製）論文、作品、成就證明、書面報告、技術報告或專業實務報告。 二、實際代寫（製），或以口述、影像等舞弊方式供抄寫（製）論文、作品、成就證明、書面報告、技術報告或專業實務報告。 前項罰鍰之處罰，由主管機關為之。
L34,law,中華民國刑法沿革,法務部,歷次修正,https://law.moj.gov.tw/LawClass/LawHistory.aspx?pcode=C0000001,RQ2;懲罰,中華民國刑法,verified,2026-09-30,P7 法定刑度以火災當時的條文版本為準（第 173–176 條罰金數額等修正）,*,沿革58：中華民國一百十五年七月二十二日總統華總一義字第 11500067801 號令修正公布第 80 條條文 ／ 沿革57：中華民國一百十五年三月十三日總統華總一義字第 11500025171 號 令修正公布第 79-1 條條文；增訂第 78-1、78-2 條條文；並自一百 十五年三月十四日施行 ／ 沿革56：中華民國一百十四年八月一日總統華總一義字第 11400076421 號令 修正公布第 286 條條文；增訂第 272-1 條條文 ／ 沿革55：中華民國一百十四年五月二十八日總統華總一義字第 11400053681 號令修正公布第 161 條條文；增訂第 161-1、172-1～172-3 條條 文及第二編第十章之一章名 ／ 沿革54：中華民國一百十三年七月三十一日總統華總一義字第 11300068331 號令修正公布第 286 條條文 ／ 沿革53：中華民國一百十三年六月二十四日總統華總一義字第 11300056391 號令增訂公布第 141-1 條條文及第二編第五章之一章名 ／ 沿革52：中華民國一百十二年十二月二十七日總統華總一義字第 11200113021 號令修正公布第 185-3 條條文 ／ 沿革51：中華民國一百十二年五月三十一日總統華總一義字第 11200045431 號令修正公布第 303、339-4 條條文；增訂第 302-1 條條文 ／ 沿革50：中華民國一百十二年二月八日總統華總一義字第 11200007241 號令 修正公布第 10、91-1 條條文；增訂第 319-1～319-6 條條文及第二 編第二十八章之一章名；除第 91-1 條條文自一百十二年七月一日施 行外，自公布日施行 ／ 沿革49：中華民國一百十一年二月十八日總統華總一義字第 11100014971 號 令修正公布第 87、98 條條文 ／ 沿革48：中華民國一百十一年一月二十八日總統華總一義字第 11100012101 號令修正公布第 185-3 條條文 ／ 沿革47：中華民國一百十一年一月十二日總統華總一義字第 11100001931 號 令修正公布第 78、79、140、141、266 條條文 ／ 沿革46：中華民國一百十年六月十六日總統華總一義字第 11000055341 號令 修正公布第 245 條條文；刪除第 239 條條文 ／ 沿革45：中華民國一百十年六月九日總統華總一義字第 11000052971 號令修 正公布第 222 條條文 ／ 沿革44：中華民國一百十年五月二十八日總統華總一義字第 11000050241 號 令修正公布第 185-4 條條文 ／ 沿革43：中華民國一百十年一月二十日總統華總一義字第 11000004241 號令 修正公布第 135、136 條條文 中華民國一百十年一月二十日總統華總一義字第 11000004171 號令 修正公布第 240、241 條條文 ／ 沿革42：中華民國一百零九年一月十五日總統華總一義字第 10900004101 號 令修正公布第 149、150 條條文 中華民國一百零九年一月十五日總統華總一義字第 10900004141 號 令修正公布第 251、313 條條文 ／ 沿革41：中華民國一百零八年十二月三十一日總統華總一義字第 10800142761 號令修正公布第 83、85 條條文 ／ 沿革40：中華民國一百零八年十二月二十五日總統華總一義字第 10800140641 號令修正公布第 108、110、117、118、127、129、132、133、135～ 137、140、141、144、147、148、149、150、153、154、158～160、 163、164、165、171、173～175、177～181、185、185-2、186、 186-1、187-2、188、189-1、190、191、192～194、195～199、201 ～204、206～208、212、214、215、233～235、240、241、243、246 、252～255、256～260、262、263、266、268、269、288、290、292 、293、298、300、302、304～307、309、310、312、313、315、317 ～318-1、328、335～337、346、352、354～356、358～360、362 條 條文 ／ 沿革39：中華民國一百零八年六月十九日總統華總一義字第 10800061131 號 令修正公布第 185-3 條條文 ／ 沿革38：中華民國一百零八年五月二十九日總統華總一義字第 10800053451 號令修正公布第 10、61、80、98、139、183、184、189、272、274 ～279、281～284、286、287、315-2、320、321 條條文；刪除第 91 、285 條條文 ／ 沿革37：中華民國一百零八年五月十日總統華總一義字第 10800048581 號令 修正公布第 113 條條文；增訂第 115-1 條條文 ／ 沿革36：中華民國一百零七年六月十三日總統華總一義字第 10700064061 號 令修正公布第 190-1 條條文 ／ 沿革35：中華民國一百零七年五月二十三日總統華總一義字第 10700056041 號令修正公布第 121、122、131、143 條條文 ／ 沿革34：中華民國一百零五年十一月三十日總統華總一義字第 10500146931 號令修正公布第 5 條條文 ／ 沿革33：中華民國一百零五年六月二十二日總統華總一義字第 10500063131 號令修正公布第 38-3 條條文；並自一百零五年七月一日施行 ／ 沿革32：中華民國一百零四年十二月三十日總統華總一義字第 10400153651 號令修正公布第 2、11、36、38、40、51、74、84 條條文；增訂第 37-1、37-2、38-1～38-3、40-2 條條文及第一編第五章之一章名、 第五章之二章名；刪除第 34、39、40-1、45、46 條條文；並自一百 零五年七月一日施行 ／ 沿革31：中華民國一百零三年六月十八日總統華總一義字第 10300093721 號 令修正公布第 251、285、339～339-3、341～344、347、349 條條文 ；增訂第 339-4、344-1 條條文；並自公布日施行 ／ 沿革30：中華民國一百零三年一月十五日總統華總一義字第 10300004831 號 令修正公布第 315-1 條條文；並自公布日施行 ／ 沿革29：中華民國一百零二年六月十一日總統華總一義字第 10200111611 號 令修正公布第 185-3、185-4 條條文；並自公布日施行 ／ 沿革28：中華民國一百零二年一月二十三日總統華總一義字第 10200012451 號令修正公布第 50 條條文；並自公布日施行 ／ 沿革27：中華民國一百零一年十二月五日總統華總一義字第 10100269321 號 令修正公布第 286 條條文；並自公布日施行 ／ 沿革26：中華民國一百年十一月三十日總統華總一義字第 10000263911 號令 修正公布第 185-3 條條文；並自公布日施行 ／ 沿革25：中華民國一百年一月二十六日總統華總一義字第 10000015561 號令 修正公布第 321 條條文；並自公布日施行 ／ 沿革24：中華民國九十九年一月二十七日總統華總一義字第 09900020031 號 令修正公布第 295 條條文、並增訂第 294-1 條條文；並自公布日 施行 ／ 沿革23：中華民國九十八年十二月三十日總統華總一義字第 09800325491 號 令修正公布第 41、42-1 條條文；並自公布日施行 ／ 沿革22：中華民國九十八年六月十日總統華總一義字第 09800141551 號令修 正公布第 42、44、74～75-1 條條文；增訂第 42-1 條條文；其中第 42 條條文自公布日施行；第 42-1、44、74～75-1 條條文自九十八 年九月一日施行 ／ 沿革21：中華民國九十八年一月二十一日總統華總一義字第 09800015611 號 令修正公布第 41 條條文；並自九十八年九月一日施行 ／ 沿革20：中華民國九十七年一月二日總統華總一義字第 09600177841 號令修 正公布第 185-3 條條文 ／ 沿革19：中華民國九十六年一月二十四日總統華總一義字第 09600010791 號 令修正公布第 146 條條文 ／ 沿革18：中華民國九十五年五月十七日總統華總一義字第 09500069701 號令 修正公布第 333、334 條條文 ／ 沿革17：中華民國九十四年二月二日總統華總一義字第 09400014901 號令修 正公布第 1～3、5、10、11、15、16、19、25～27、28～31、33～38 、40～42、46、47、49、51、55、57～59、61～65、67、68、74～80 、83～90、91-1、93、96、98、99、157、182、220、222、225、 229-1、231、231-1、296-1、297、315-1、315-2、316、341、343 條條文及第一編第四章章名；增訂第 40-1、75-1 條條文；刪除第 56、81、94、97、267、322、327、331、340、345、350 條條文；並 自九十五年七月一日施行 ／ 沿革16：中華民國九十二年六月二十五日總統華總一義字第 09200116220 號 令修正公布第 323、352 條條文；並增訂第 358～363 條條文及第二 編第三十六章章名 ／ 沿革15：中華民國九十一年一月三十日總統（91）華總一義字第 09100015110 號令修正公布第 328、330～332、347、348 條條文；並增訂第 334 -1、348-1 條條文 ／ 沿革14：中華民國九十年十一月七日總統（90）華總一義字第 9000217630 號 令修正公布第 131 條條文 ／ 沿革13：中華民國九十年六月二十日總統（90）華總一義字第 9000120760 號 令修正公布第 204、205 條條文；並增訂第 201-1 條條文 ／ 沿革12：中華民國九十年一月十日總統（90）華總一義字第 9000003800 號令 修正公布第 41 條條文 ／ 沿革11：中華民國八十八年四月二十一日總統（88）華總一義字第 880008397 0 號令修正公布第 10、77、221、222、224～236、240、241、243、 298、300、319、332、334、348 條條文及第二編第十六章章名；增 訂第 91-1、185-1～185-4、186-1、187-1～187-3、189-1、189-2、 190-1、191-1、224-1、226-1、227-1、229-1、231-1、296-1、 315-1～315-3 條條文及第二編第十六章之一章名；並刪除第 223 條條文 ／ 沿革10：中華民國八十八年二月三日總統（88）華總一義字第 8800024750 號 令修正公布第 340、343 條條文 ／ 沿革9：中華民國八十六年十一月二十六日總統（86）華總（一）義字第 86002 51000 號令修正公布第 77、79、79-1 條條文 ／ 沿革8：中華民國八十六年十月八日總統（86）華總（一）義字第 8600219090 號令修正公布第 220、315、323、352 條條文；並增訂第 318-1、318- 2、339-1～339-3 條條文 ／ 沿革7：中華民國八十三年一月二十八日總統（83）華總（一）義字第 0525 號 令修正公布第 77～79 條條文；並增訂第 79-1 條條文 ／ 沿革6：中華民國八十一年五月十六日總統令修正公布第 100 條條文 ／ 沿革5：中華民國五十八年十二月二十六日總統令修正公布第 235 條條文 ／ 沿革4：中華民國四十三年十月二十三日總統令修正公布第 160 條第 1 項條 文 ／ 沿革3：中華民國四十三年七月二十一日總統令修正公布第 77 條條文 ／ 沿革2：中華民國三十七年十一月七日總統令修正公布第 5 條條文 ／ 沿革1：中華民國二十四年一月一日國民政府制定公布全文 357 條；並自二十 四年七月一日起施行 ::: 最新訊息 中央法規 司法解釋 條約協定 兩岸協議 綜合查詢 跨機關檢索 法治宣導專區 智慧查找 法律扶助 創意教案 法律時事漫談 網站使用說明 網站使用手冊 會員服務介紹 網站單元簡介 法規資料檢索範圍 資料更新頻率說明 資訊服務 全國法規連結圖示 全國法規作業要點 法規名稱
L35,law,行政罰法,法務部,現行版本,https://law.moj.gov.tw/LawClass/LawAll.aspx?pcode=A0030210,RQ2;懲罰,行政罰法,verified,2026-09-30,第 7 條：故意或過失皆可處罰鍰；P7 法定刑度矩陣中過失毀損歷史建築、紀念建築（文資法第 106 條）的依據,非出於故意或過失,第7條：違反行政法上義務之行為非出於故意或過失者，不予處罰。 法人、設有代表人或管理人之非法人團體、中央或地方機關或其他組織違反行政法上義務者，其代表人、管理人、其他有代表權之人或實際行為之職員、受僱人或從業人員之故意、過失，推定為該等組織之故意、過失。
L36,law,著作權法,經濟部,現行版本,https://law.moj.gov.tw/LawClass/LawAll.aspx?pcode=J0070017,研究倫理;產出規格,著作權法,verified,2026-09-30,第 52 條：為研究之必要，在合理範圍內得引用已公開發表之著作；第 64 條：應明示出處。成果報告只做必要的短引並註明出處，公開資料不含新聞全文,得引用已公開發表之著作|明示其出處,第52條：為報導、評論、教學、研究或其他正當目的之必要，在合理範圍內，得引用已公開發表之著作。 ／ 第64條：依第四十四條至第四十七條、第四十八條之一至第五十條、第五十二條、第五十三條、第五十五條、第五十七條、第五十八條、第六十條至第六十三條規定利用他人著作者，應明示其出處。 前項明示出處，就著作人之姓名或名稱，除不具名著作或著作人不明者外，應以合理之方式為之。
G01,guideline,國家科學及技術委員會補助大專學生研究計畫作業要點,國家科學及技術委員會,現行版本,https://law.nstc.gov.tw/LawContent.aspx?id=GL000114,計畫規範,大專學生研究計畫,verified,2026-09-28,申請資格、期程、格式與學術倫理教育,*,第一點：國家科學及技術委員會（以下簡稱本會）為提早培育儲備基礎科學、應用科學、人文社會科學之優秀研究人才，鼓勵公私立大專院校學生執行研究計畫，俾儘早接受研究訓練，體驗研究活動、學習研究方法，並加強實驗、實作之能力，特訂定本要點。 ／ 第二點：申請機構（即指導教授任職機構）須為依本會受補助單位申請作業要點，經核定納為本會補助單位者。 ／ 第三點：申請研究計畫之學生及指導教授之資格如下： (一)學生：已獲得指導教授承諾指導研究，學業成績優良，且須具備下列資格之一者： 1.公私立大學院校二年級（含學士後學系一年級、科技大學或技術學院二年制一年級）以上在學學生。但不包括碩士班及博士班研究生。 2.公私立專科學校五專制三年級以上或二專制一年級以上在學學生。 (二)指導教授： 1.符合本會專題研究計畫主持人資格，且願意提供研究設備（含儀器設備及圖書設備等）指導學生從事研究工作者。但曾指導學生執行本項研究計畫而未繳交研究成果報告者，不得擔任指導教授。 2.指導教授每年度以指導二位學生為限。 同一件計畫僅限一位學生提出申請，每位學生同一年度以申請一件計畫為限。 學生曾執行研究計畫未繳交研究成果報告者，不得再次提出申請。 學生及指導教授除應符合第一項資格外，其相互間不得有配偶或三親等以內血親、姻親之關係。 ／ 第四點：申請機構應依本會規定之期限提出申請，逾期不予受理。 ／ 第五點：研究期間自每年七月一日起至次年二月底止，計八個月。 ／ 第六點：研究計畫範圍為學生自發性研究構想之嘗試性題目，該題目須與指導教授專長相符。 ／ 第七點：學生及指導教授應至本會網站線上製作下列文件後，將申請案送至申請機構，經申請機構審核通過後送出，並造具申請名冊函送本會申請；文件不全或不符合規定，經限期補正逾期未完成補正者，不予受理： (一)大專學生研究計畫申請書。 (二)指導教授初評意見表。 (三)指導教授個人資料表(含近五年著作目錄)。 (四)學生歷年成績證明。 ／ 第八點：補助經費項目： (一)研究助學金：每位學生每月新臺幣六千元，八個月計新臺幣四萬八千元。 (二)耗材、物品、圖書及雜項費用：依研究計畫實際需要擇優補助，每一計畫最高以補助新臺幣二萬元為限。 ／ 第九點：研究計畫之審查方式、審查重點及審查作業期間如下： (一)審查方式：依本會研究計畫審查機制及審查委員遴選作業要點規定辦理。 (二)審查重點：包括研究主題之重要性、研究方法及步驟之可行性、學生相關學科成績、指導教授學術研究及指導能力等。 (三)審查作業期間：自申請案截止收件之次日起四個月內完成，並核定公布；必要時，得予延長。 ／ 第十點：研究計畫經本會核定補助後應確實執行，除特殊情形並於執行期間內檢具相關資料報經本會同意者外，均不得變更。 學生因資格不符或因故無法執行研究計畫，或指導教授因資格不符或因故無法指導研究計畫而辦理計畫註銷或終止者，申請機構應即停止核發計畫補助經費，並將剩餘款項繳回本會。 ／ 第十一點：研究計畫之補助經費請款事宜依本會核定通知函規定辦理。 ／ 第十二點：學生應於計畫執行期滿後一個月內，至本會網站線上繳交研究成果報告；繳交報告時，須經指導教授確認，逾期繳交及經本會同意註銷或終止計畫仍繳交之報告，不列入研究創作獎之評獎範圍，研究成果報告至遲須於計畫執行期滿後三個月內完成線上繳交。 研究成果報告，應供立即公開查詢，但涉及專利、其他智慧財產權、論文尚未發表者，得延後公開，最長以計畫執行期滿日起算二年為限。其延後公開完整報告者，應繳交可立即公開之精簡報告。延後公開期滿後，完整報告將自動公開。 ／ 第十三點：研究成果報告經審查後評定為成績優良而有創意者，由本會頒發研究創作獎。 (一)獲獎人數每年以二百名為限。 (二)獲獎學生由本會頒發獎金新臺幣二萬元及獎狀一紙，並頒發獎牌一座予其指導教授，以資表揚。 (三)獲獎人名單自研究成果報告繳交截止收件之次日起三個月內完成，並核定公布。 ／ 第十四點：申請機構應於計畫執行期滿後三個月內檢附大專學生研究計畫收支明細報告表一份函送本會辦理經費結報，如有結餘者，應如數繳回。 申請機構對補助款項之各項支用單據，應依政府支出憑證處理要點規定辦理，並按補助項目，整理審核裝訂成冊，依有關規定妥善存管備查，本會得派員或陪同審計人員前往實地查核，如發現未依規定妥善保存，致有毀損、滅失等情事，依情節輕重酌減嗣後補助款或停止補助一年至五年。 ／ 第十五點：申請機構未依規定期限辦理經費結報或繳交研究成果報告，經本會催告仍未完成結案者，本會得追繳該計畫補助經費或於申請機構下期計畫所撥款項內將未結案之補助經費扣除。經費結報或研究成果報告不合規定，經本會限期改正，屆期不改正者，亦同。 ／ 第十六點：其他注意事項如下： (一)申請機構應切實審查學生及指導教授之資格是否符合規定及線上申請文件是否完備，符合規定始得造具申請名冊，並經有關人員簽章。 (二)指導教授任職機構與學生就讀學校不同者，學生須獲得就讀學校系主任同意，始得申請。 (三)研究計畫之構想、執行或成果呈現階段涉有違反學術倫理情事者，依本會學術倫理案件處理及審議要點規定處理。 (四)申請研究計畫之學生應於申請機構函送本會申請研究計畫之日前，完成至少六小時之學術倫理教育課程訓練並檢附相關證明文件送申請機構備查。 ／ 第十七點：本要點未盡事宜，準用本會補助專題研究計畫作業要點相關規定辦理。 回上方
G02,guideline,國科會學術補助獎勵查詢（大專學生研究計畫歷年核定清單）,國家科學及技術委員會,線上查詢系統（隨年度更新）,https://wsts.nstc.gov.tw/STSWeb/Award/AwardMultiQuery.aspx,計畫規範,大專學生研究計畫,verified,2026-09-29,核對已通過的相關領域題目,,
G03,guideline,NFPA 921 Guide for Fire and Explosion Investigations,National Fire Protection Association,,https://www.nfpa.org/codes-and-standards/nfpa-921-standard-development/921,火災,NFPA 921,verified,2026-09-28,起火原因認定的國際準則；用於判斷原因確認程度,,
G04,guideline,國家科學及技術委員會對研究人員學術倫理規範,國家科學及技術委員會,民國111年07月28日修正,https://law.nstc.gov.tw/LawContent.aspx?id=GL000282,計畫書撰寫;學術倫理,研究人員學術倫理規範,verified,2026-09-29,違反態樣：造假、變造、抄襲、重複發表、未適當引註；研究計畫不得將已完成的成果當作將要進行的研究（前導研究要標明已完成）,抄襲|引註|造假|變造|重複發表|已發表,第2點：違反學術倫理的行為：研究上的不當行為包含範圍甚廣，本規範主要涵蓋核心的違反學術倫理行為，即造假、變造、抄襲、研究成果重複發表或未適當引註、以違法或不當手段影響論文審查、不當作者列名等。 ／ 第6點：註明他人的貢獻：如引用他人資料或論點時，必須尊重智慧財產權，註明出處，避免誤導使人過度認定自己的創見或貢獻。如有相當程度地引用他人著述卻未引註而足以誤導者，將被視為抄襲。此節有以下四點補充： (1) 如抄襲部分非著作中核心部分，例如背景介紹、一般性的研究方法敘述，或不足以對其原創性構成誤導，應依該領域之慣例判斷其嚴重性。 (2) 未遵守學術慣例或不嚴謹之引註，也許是撰寫者草率粗疏，其行為應受學術社群自律（或由本會學術處去函指正），雖不至於需受本會處分，但應極力避免，並應習得正確學術慣例及引註方式。 (3) 同一成果如為多人共同研究且共同發表，當然可算做各人的研究成果。如為多人共同研究成果但分別發表（例如同樣調查數據，但以不同方法或角度分析），則應註明其他人的貢獻（例如註明調查數據的來源），如未註明則有誤導之嫌。 (4) 共同發表之論文、共同申請之研究計畫、整合型計畫總計畫與子計畫，皆可視為共同著作（全部或部分），對共同著作之引用不算抄襲。如依該領域慣例所指導學生論文由老師及學生共同發表，則指導老師可視為所指導學生論文之共同作者，但援用時應註明學生之貢獻。 ／ 第7點：自我抄襲的制約：研究計畫或論文均不應抄襲自己已發表之著作。研究計畫中不應將已發表之成果當作將要進行之研究。論文中不應隱瞞自己曾發表之相似研究成果，而誤導審查人對其貢獻與創見之判斷。自我抄襲是否嚴重，應視抄襲內容是否為著作中創新核心部分，亦即是否有誤導誇大創新貢獻之嫌而定。此節亦有以下兩點補充： (1) 某些著作應視為同一件（例如研討會論文或計畫成果報告於日後在期刊發表），不應視為抄襲。計畫、成果報告通常不被視為正式發表，亦無自我引註之需要。研討會報告如於該領域不被視為正式發表，亦無自我引註之必要。 (2) 同一研究成果以不同語文發表，依領域特性或可解釋為針對不同讀者群而寫，但後發表之論文應註明前文。如未註明前文，且均列於著作目錄，即顯易誤導為兩篇獨立之研究成果，使研究成果重複計算，應予避免，但此應屬學術自律範圍。
G05,guideline,國家科學及技術委員會學術倫理案件處理及審議要點,國家科學及技術委員會,現行版本,https://law.nstc.gov.tw/LawContent.aspx?id=FL044283,計畫書撰寫;學術倫理,學術倫理案件處理及審議要點,verified,2026-09-29,作業要點第十六點：違反學術倫理依本要點處理,抄襲|未適當引註|造假|變造|學生|處分,第三點：(研究人員違反學術倫理之行為類型) 本要點所稱違反學術倫理，指研究人員有下列情形之一者： (一)造假：虛構不存在之申請資料（含各類應檢附文件）、研究資料或研究成果。 (二)變造：不實變更申請資料（含各類應檢附文件）、研究資料或研究成果。 (三)抄襲：援用他人之申請資料、研究資料或研究成果未註明出處。註明出處不當情節重大者，以抄襲論。 (四)自我抄襲：研究計畫或論文未適當引註自己已發表之著作。 (五)重複發表：重複發表而未經註明。 (六)代寫：由計畫不相關之他人代寫論文、計畫申請書或研究成果報告。 (七)以違法或不當手段影響論文審查。 (八)其他違反學術倫理行為，經本會學術倫理審議會議決通過。 ／ 第七點：(學術倫理審議會之開會及決議方式) 學術倫理審議會之決議，應有全體委員三分之二以上出席及出席委員三分之二以上同意行之。但決議依第十三點第二款作成終身停權之處分建議者，應有出席委員四分之三以上同意行之。 教育部代表，因故未能出席時，得指派代表出席。代表人員列入出席人數，並得發言及參與表決。 前二項人員依第十七點規定應行迴避者，於決議時不計入該案件出席人數。 學術倫理審議會得邀請第九點第一項第一款初審人員、學者專家或其他相關人員列席說明。 ／ 第九點：(處理程序) 學術倫理案件經依前點初步檢核後認須受理者，採初審及複審二階段審查： (一)初審： 1.相關領域之業務單位應邀集相關學者專家至少三人組成審查小組。 2.審查小組如認有涉嫌違反學術倫理之虞時，應交請學校或機關（構）先行查處。但相關事證資料，本會可自行取得且其證據明確者，得自為審查。 3.交請先行查處之案件，學校或機關（構）應依查處期限完成調查報告書及相關事證資料送交本會。 4.審查小組應就相關事證資料、學校或機關（構）調查報告書提出審查意見；必要時，得請學校或機關（構）代表說明。 5.審查小組審查結果認定涉嫌違反學術倫理案件須提交學術倫理審議會者，審查結果須詳列事證、審查方式、違反學術倫理類型、具體處分建議等。 (二)複審：就初審結果認定違反學術倫理者，提送學術倫理審議會審議。 學校或機關（構）先行查處、本會審查小組自為審查或就調查報告書提出審查意見之初審階段，認有違反學術倫理之虞者，應予當事人書面答辯；必要時，應予到場陳述意見之機會。 學校或機關（構）無正當理由遲延案件進行或查處不完備者，相關領域之業務單位得自為審查、退回重審或請求補充之。 第一項第一款第三目調查報告書應包括以下項目： (一)案由說明（含檢舉項目及處理程序等）。 (二)當事人答辯資料（含公文來往紀錄，應載明是否到場說明等）。 (三)調查方法（含分析軟體工具等）。 (四)對應檢舉項目之調查結果（依檢舉項目分別敘明結果，及所涉及之違反行為態樣）。 (五)學校或機關（構）處分決定（查處結果認定違反學術倫理，且已作成處分決定者，始須填送）。 (六)相關佐證資料。 ／ 第十三點：(處分方式) 學術倫理審議會就違反學術倫理行為證據確切者，得按其情節輕重對當事人作成下列一款或數款之處分建議： (一)書面告誡。 (二)停止申請及執行補助計畫、申請及領取獎勵（費）一年至十年，或終身停權。 (三)追回部分或全部補助費用、獎勵（費）、獎金或獎勵金。 (四)撤銷所獲相關獎項。 停權期間禁止擔任本會各項獎勵及補助案件之審查人。 十三之一、(加重處置事由) 違反學術倫理行為有下列情事之一，經審議會認定確屬情節重大者，除應予以停權至少五年外，均應併予追回部分或全部補助費用、獎勵（費）、獎金或獎勵金，並撤銷所獲相關獎項： (一)大規模或重複違反學術倫理之行為。 (二)涉及國際學術聲譽或嚴重影響社會觀感。 (三)其他具體事證足以認定違反情節重大。 ／ 第十四點：(資訊公開) 學術倫理案件經學術倫理審議會審議作成處分建議者，除情節輕微者外，以公開為原則。 前項所稱情節輕微，指依前點第二款處分建議其停止申請及執行補助計畫、申請及領取獎勵（費）二年以下。 ／ 第十五點：(處分之通知) 違反學術倫理案件之處分，應以書面通知檢舉人、受處分人及其所屬學校或機關（構），並要求該受處分人所屬學校或機關（構）提出說明及檢討改進，並就受處分人違反學術倫理行為之處理情形副知本會。
G06,guideline,東海大學政治學系博碩士班論文格式,東海大學政治學系,102 學年度起適用版,https://politics.thu.edu.tw/upload/politics/files/A8.pdf,成果報告;碩士論文標準,緒論,verified,2026-09-29,東海社會科學系所的學位論文格式範例（章節次序、註釋與參考書目寫法）；實際以指導教授所屬系所規範為準,,
G07,guideline,生成式AI應用於教學與研究（教育部臺灣學術倫理教育資源中心）,教育部臺灣學術倫理教育資源中心,持續更新,https://ethics.moe.edu.tw/packagepost/detail/5/,計畫書撰寫;學術倫理,生成式AI應用於教學與研究,verified,2026-09-29,國科會查無大專生計畫使用生成式 AI 的專門規定；依本中心彙整的大學指引，揭露使用並由作者負全責,,
G08,guideline,國家科學及技術委員會專題研究計畫報告撰寫格式,國家科學及技術委員會（臺師大研發處轉載）,現行版本,https://www.acad.ntnu.edu.tw/uploads/asset/data/6576826bc898dfad379f975f/2783_094c7e96.pdf,成果報告;產出規格,報告撰寫格式,verified,2026-09-30,報告依序為封面、目錄、中英文摘要及關鍵詞、報告內容（前言、研究目的、文獻探討、研究方法、結果與討論，含結論與建議、執行計畫過程遇到之困難或阻礙）、參考文獻、附錄；完整報告不得少於 10 頁；立即公開。大專生成果報告依此格式（G09 引國科會 Q&A）,,
G09,guideline,國科會大專學生研究計畫經驗分享座談會（胡博崴）,臺北醫學大學,簡報,https://inief.tmu.edu.tw/xhr/announcements/file/674589724f4d121858653223/%E5%A4%A7%E5%B0%88%E7%94%9F%E7%A0%94%E7%A9%B6%E8%A8%88%E7%95%AB%E6%92%B0%E5%AF%AB%E5%88%86%E4%BA%AB_%E8%83%A1%E5%8D%9A%E5%B4%B4.pdf,計畫書撰寫;審查重點,大專學生研究計畫,verified,2026-09-30,列出 7 項審查重點（內容完整性、主題明確性、重要性、創新性、文獻掌握、方法可行性、學科成績）；「大小適中的議題」；文獻回顧放入初步研究結果；預期結果與研究問題相互呼應、條列；研究步驟流程圖；大專生成果報告依專題研究計畫成果報告格式（引國科會 Q&A）。屬校內經驗分享，不是官方規定,,
G10,guideline,科技部大專生研究計畫申請即將開跑 工學院邀榮譽生教戰,淡江時報第 1054 期,2018-04-22,https://tkutimes.az.tku.edu.tw/fpdf/46776.pdf,計畫書撰寫;審查重點,大專學生研究,verified,2026-09-30,摘要必須寫清楚、格式清楚、多用流程圖；經驗分享，不是官方規定,,
G11,guideline,政大社會系 112 年國科會大專生研究計畫獲獎助名單,國立政治大學社會學系,2023-07,https://sociology.nccu.edu.tw/upload/10/doc/23555/112%E5%B9%B4%E5%BA%A6%E5%9C%8B%E7%A7%91%E6%9C%83%E5%A4%A7%E5%B0%88%E7%94%9F%E8%A8%88%E7%95%AB.pdf,計畫書撰寫;範圍比較,大專生研究計畫,verified,2026-09-30,社會學類核定題目的範圍參考：5 件都聚焦一個概念或一組對立論述，例如「跨性別政策正反兩方之論述與策略」（全國性論述分析，與本研究同型）,,
G12,guideline,東海大學社會科學學院社會學系賀榮貞女士大學生專題研究獎助學金執行辦法,東海大學社會學系,民國114年04月28日系務會議通過,https://soc.thu.edu.tw/wp-content/uploads/20250428%E8%B3%80%E6%A6%AE%E8%B2%9E%E5%A5%B3%E5%A3%AB%E5%A4%A7%E5%AD%B8%E9%83%A8%E5%B0%88%E9%A1%8C%E7%A0%94%E7%A9%B6%E7%8D%8E%E5%8A%A9%E5%AD%B8%E9%87%91.pdf,計畫書撰寫;成果報告,專題研究,verified,2026-09-30,系上對大學部專題研究的計畫書與結案報告格式都寫「比照國科會補助大專學生研究計畫」，沒有另訂格式；國科會未通過者可申請（每名 2 萬元，需未獲通過證明、參加成果發表會）,,
G13,guideline,東海大學社會科學院社會學系碩士班修業及考試辦法,東海大學社會學系,民國113年08月29日系務會議修訂,https://soc.thu.edu.tw/wp-content/uploads/20240829%E7%A2%A9%E5%A3%AB%E7%8F%AD%E4%BF%AE%E6%A5%AD%E5%8F%8A%E8%80%83%E8%A9%A6%E8%BE%A6%E6%B3%95.pdf,計畫書撰寫;碩士論文標準,相似度,verified,2026-09-30,第十條：學位論文以 Turnitin 與華藝比對，相似度不得超過 25%（法律條文、官方文書、理論文獻回顧、研究方法不在限制內）；本研究比照作為自我要求,,
G14,guideline,東海大學高齡健康與運動科學研究所碩士學位論文參考用論文格式（說明）,東海大學高齡健康與運動科學研究所,2026-03-12 版,https://swss.thu.edu.tw/upload/swss/sitemap/208_%E5%8F%83%E8%80%83%E7%94%A8%E8%AB%96%E6%96%87%E6%A0%BC%E5%BC%8F(%E8%AA%AA%E6%98%8E)20260312%E7%89%88.pdf,成果報告;碩士論文標準,筆劃,verified,2026-09-30,中文文獻以作者姓氏筆劃依次排列，英文文獻以英文字母順序排列；APA 格式,,
G15,guideline,碩士論文格式撰寫參考手冊（第一版）,東海大學企業管理學系,2021,https://ba.thu.edu.tw/userfiles/files/20211013030028866.pdf,成果報告;碩士論文標準,筆畫,verified,2026-09-30,依 APA 手冊；中文以作者姓名筆畫順序、英文以作者姓字母順序排列，中文在前,,
G16,guideline,國家科學及技術委員會研究計畫審查機制及審查委員遴選作業要點,國家科學及技術委員會（中央大學研發處轉載）,民國111年07月28日修正,https://ncu.edu.tw/rd/upload/nstc/%E5%9C%8B%E5%AE%B6%E7%A7%91%E5%AD%B8%E5%8F%8A%E6%8A%80%E8%A1%93%E5%A7%94%E5%93%A1%E6%9C%83%E7%A0%94%E7%A9%B6%E8%A8%88%E7%95%AB%E5%AF%A9%E6%9F%A5%E6%A9%9F%E5%88%B6%E5%8F%8A%E5%AF%A9%E6%9F%A5%E5%A7%94%E5%93%A1%E9%81%B4%E9%81%B8%E4%BD%9C%E6%A5%AD%E8%A6%81%E9%BB%9E.pdf,計畫書撰寫;審查流程,初審,verified,2026-09-30,第三至五點：初審書面審查、每件不少於二人；複審由學門審查會綜整初審意見後建議核定；大專生計畫依此辦理（G01 第九點）,,
P39,literature,Social Problems Submissions,Society for the Study of Social Problems,線上投稿規定,https://www.sssp1.org/index.cfm/pageID/88,文獻;成果形式比較,Social Problems,verified,2026-09-30,"最多 35 頁（約 10,000 字，含參考文獻）；投稿費 25 美元；內部初審 2–3 週，送外審平均 3 個月；只審一輪（修改後不是拒絕就是有條件接受）；匿名審查。Best & Horiuchi 1985（P16）刊於此刊",,
P40,literature,台灣社會學 投稿須知,台灣社會學（中央研究院社會學研究所）,第 38 期所附,https://www.airitilibrary.com/jnltitledo/P20161123001-n.pdf,文獻;成果形式比較,投稿須知,verified,2026-09-30,研究論文中文 3 萬字內、英文 1 萬字內；依編輯委員會審查辦法審查；不接受一稿數投；不另致稿酬,,
D40,data,CNS11643中文標準交換碼全字庫（全字庫）,國家發展委員會,2026-08-05 更新,https://data.gov.tw/dataset/5961,成果報告;參考文獻排序,全字庫,verified,2026-09-30,屬性資料集的筆畫數（臺灣標準）與 Unicode 對照表，產生 data/cjk_strokes.tsv 供中文參考文獻依筆畫排序,,
LR01,local_rule,臺中市古蹟歷史建築紀念建築聚落建築群史蹟文化景觀補助作業要點,臺中市政府,民國115年04月13日發布,https://law.taichung.gov.tw/LawContent.aspx?id=GL004769,火災後軌跡;政策事件,臺中市古蹟歷史建築紀念建築聚落建築群史蹟文化景觀補助作業要點,verified,2026-09-29,文資修復與管理維護補助；火災後修復經費來源,火|災|燒|毀|滅失|閒置|拆除|緊急|修復|再利用|重建|容積|地價|減免|減徵|補助|所有人|管理維護|審議|廢止|古蹟|歷史建築,第一點：臺中市政府（以下簡稱本府）為鼓勵及補助臺中市指定、登錄之古蹟、歷史建築、紀念建築、聚落建築群、史蹟、文化景觀之所有人、使用人或管理人，積極辦理保存、管理維護、教育推廣講習、修復及活化再利用等，特訂定本要點。 ／ 第二點：補助對象及資格條件：（一）公有古蹟、歷史建築、紀念建築、聚落建築群、史蹟、文化景觀管理機關（構）。（二）公司行號及其他營利之法人或非法人團體。（三）財團法人、社團法人、同鄉會、祭祀公業、私立學校及其他非營利之法人或非法人團體。（四）自然人。 ／ 第三點：補助項目：（一）古蹟、歷史建築、紀念建築、聚落建築群、史蹟、文化景觀修復及再利用之工程、規劃設計、監造、工作報告書等經費（資本門）。（二）古蹟、歷史建築、紀念建築、聚落建築群、史蹟、文化景觀保存、管理維護及活化利用計畫者（經常門）：指非工程之勞務執行計畫，如修復及再利用計畫、調查研究出版計畫、測繪計畫、資料庫建檔及維護計畫、日常管理維護計畫、教育培訓計畫或宣導推廣計畫等。（三）其他經臺中市政府文化局（以下簡稱文化局）審查同意補助者。 ／ 第四點：申請人應於文化局每年函文通知之期限內，檢附下列文件，送達或以掛號郵寄方式寄送文化局提出申請（以郵戳時間為憑）。但有特殊情形，經文化局專案核准者，不在此限：（一）修復及再利用工程經費者（資本門）： 1.書函。 2.申請表。 3.計畫目的及內容。 4.計畫期程及執行方式。 5.預算明細總表（須註明自籌款之比率、經費來源、支用分配，如獲其他機關團體補助或尚在申請中，亦請一併註明）。 6.計畫發包之工程圖說、預算書及施工規範等資料。如為規劃設計類，得視情形僅檢附經費概算表。 7.歷年受補助情形。 8.其他。（二）管理維護及活化利用計畫者（經常門）： 1.書函。 2.申請表。 3.計畫目的及內容。 4.計畫期程及執行方式。 5.預算明細總表（須註明自籌款之比率、經費來源、支用分配，如獲其他機關團體補助或尚在申請中，亦請一併註明）。 6.預計計畫成果。 7.歷年受補助情形。 8.其他。申請文件有欠缺或不符規定而得補正者，文化局應通知申請人限期補正。不能補正、逾期未補正或補正後仍未符合規定者，不予受理。申請人檢送之申請文件資料，無論補助與否，均不發還。 ／ 第六點：補助基本原則及自籌比率：（一）私有文化資產申請人應至少自籌百分之五，且自籌款比率愈高者，優先予以補助。（二）公有文化資產申請人應自行籌編預算作為配合款，配合款比率依補助經費來源單位之規定辦理。如無規定，應自行籌編計畫總金額百分之八十以上之配合款。 ／ 第七點：補助款使用原則：（一）為確保計畫品質，受補助者應積極執行核定之補助金額。未達計畫書所載經費者，文化局依實際執行金額，按原補助比率重新計算補助金額。（二）補助款應專款專用，不得任意變更用途。受補助之申請案應依計畫內容執行，如因計畫變更或因故無法履行，應即函報文化局核准。（三）補助款涉及個人所得者，受補助者應依規扣繳所得稅。（四）受補助經費中涉及採購事項，且符合政府採購法第四條情形者，應依政府採購法相關規定辦理。 ／ 第八點：受補助者應於計畫執行完畢後一個月內，檢附下列文件送文化局辦理核銷結案：（一）受補助額度之契約書或決標紀錄影本。（二）領據或統一發票。（三）請款明細表。（四）納入預算證明。（五）未重複接受補助切結書。（六）計畫收入明細表。（七）計畫支出明細表（應詳列支出用途及全部實支經費總額，同一案件由二個以上機關補助者，應列明各機關實際補助金額）。（八）支用單據。（九）成果報告書及其電子檔。（十）文化資產計畫資料管理資訊平台計畫成果資料上傳明細表。（十一）著作權相關授權文件及不行使著作人格權約定書。（十二）相關結算證明。受補助者於工程完工驗收後，應檢附下列工程結算資料，送文化局備查：（一）工程結算明細表。（二）工程結算總表。（三）竣工圖。（四）修復前、施工中及修復後照片。（五）相關施工紀錄(含光碟片)。補助案件結案時如有結餘款，應按原補助比率繳回；計畫因故無法繼續執行時，除應以書面敘明原因外，已請領但未執行部分之款項應予繳回。受補助經費產生之利息或其他衍生收入，亦應一併繳回。支用單據得於文化局審查後退還受補助者，受補助者應依有關規定妥善保存。如未依規定妥善保存各項支用單據，致有毀損、滅失等情事，應敘明原因及處理情形，函報文化局，文化局得依情節輕重對該補助案件或受補助者酌減嗣後補助款或停止補助一年至五年。 ／ 第九點：經費撥付方式：（一）勞務類：補助款依核定計畫書或契約採分期撥付方式辦理，尾款於結案後，按實際支出經費依補助比率撥付。（二）修復再利用工程類： 1.第一期款：工程招標後，檢附契約與領據，撥付補助款百分之二十。 2.第二期款：執行進度達百分之五十時，檢附請款明細表、各期工程估驗紀錄及估驗計價表等相關資料，按實際支出經費依補助比率，並扣除第一期已撥付補助款後撥付差額。 3.第三期款：結案後，按實際支出經費依補助比率撥付尾款。 4.文化局得視預算控管情形，依實際工程進度撥付分攤補助經費。 5.文化局得於撥付補助款項前辦理現地勘查，確認受補助者符合工程及估驗進度。補助經費來源如涉及中央補助款者，文化局得俟中央補助款核撥後，再行撥付予受補助者。 ／ 第十點：督導及考核：（一）為瞭解補助效益，文化局得就實際執行情況、作業品質、成果效益等事項，不定時派員查核及指導監督，考核結果作為日後文化局補助之參考。（二）下列情形為成果考核之重要參據： 1.確實依計畫內容執行。 2.計畫變更應於計畫辦理前函報文化局核准。 3.應於規定期限內繳交補助案成果報告書結案。（三）有關工程類補助案，應於工程開工日、停工日、復工日、竣工日後十四日內，函報文化局知悉。（四）受補助之申請案應將文化局列為補助、指導或主辦單位，並註明於有關之文宣品或出版品。 ／ 第十一點：受補助之申請案有下列情形之一者，文化局得視情節輕重，撤銷、變更或廢止原同意之補助，並依法追回全部或部分補助款，且得停止補助：（一）申請、核銷資料或其附件有虛報、浮報、隱匿、虛偽等情事。如涉違法，應自負相關民、刑事法律責任。（二）經查核發現成效不佳或拒絕接受查核、評鑑。（三）未經文化局核准，擅自變更計畫而未依計畫內容執行或因故無法執行。（四）未依補助用途支用或不當挪用補助經費。（五）不履行補助條件。（六）核銷結案之時程遲延。（七）其他違背法令之行為。 ／ 第十二點：受補助案之成果資料，受補助者應無償授權本府，為不限方式、時間、次數及地域之非營利使用。本府並得再授權第三人為上述使用，受補助者並同意不對本府或再授權之第三人行使著作人格權。 ／ 第十三點：各年度補助預算如遭議會刪減、凍結或其他不可歸責於本府之事由，致無法執行時，本府或受補助者得停止辦理。
LR02,local_rule,臺中市都市更新自治條例,臺中市政府,民國111年01月20日修正,https://law.taichung.gov.tw/LawContent.aspx?id=GL000968,政策事件,臺中市都市更新自治條例,verified,2026-09-29,都更程序與實施者；RQ2 政策事件定義,古蹟|歷史建築|文化資產|紀念建築|聚落|容積|獎勵|更新單元|劃定|拆除|危險|窳陋|老舊|閒置|火|災|公益|審議|權利變換,第四條：本市實施都市更新事業計畫範圍內須拆除或遷移土地改良物、動力機具、設備、人口及營業損失等之拆遷補償費及獎勵標準，由臺中市政府（以下簡稱本府）另定之。都市更新事業准由私人或團體辦理時，不得低於前項標準。 ／ 第七條：本府訂定都市更新權利變換最小分配面積單元基準時，應考量下列因素：一、都市發展之型態。二、人口結構。三、產業特性。四、權利變換計畫規定之最小建築單元面積及其對應之土地所有權持分面積。五、最小建築單元之建築物與土地總價值。前項基準之最小建築單元面積，扣除公用部分、雨遮、露台及陽台等面積後不得小於四十六平方公尺。但有下列情形之一者，不在此限：一、社會住宅。二、權利變換後分配之建築物登記總面積不小於都市更新事業計畫報核日前之合法建築物登記總面積。 ／ 第八條：都市更新單元之劃定，應符合下列規定之一：一、完整之都市計畫街廓。二、面積一千平方公尺以上。三、基地情況特殊，經敘明理由，提報臺中市都市更新及爭議處理審議會(以下簡稱審議會)審議通過。更新單元內全部以整建或維護方式處理者，得不受前項規定之限制。 ／ 第九條：都市更新單元之劃定，在都市計畫、都市更新計畫或其他相關法規中訂有規定者，依該規定辦理。未規定者，依臺中市都市更新單元劃定基準規定辦理。都市計畫內劃定都市更新地區或單元應於層報核定機關時，並送審議會備查。 ／ 第十條：依本條例第七條、第八條規定劃定或變更之更新地區，取得耐震標章或通過新建住宅性能評估之結構安全性能者，其建蔽率及建築物高度比得酌予放寬。依前項規定申請實施都市更新事業者，應與本府簽訂協議書，納入都市更新事業計畫，並於期限內完成下列事項：一、於領得使用執照前依都市更新建築容積獎勵辦法第十八條第二項規定繳納保證金。二、於領得使用執照之日起二年內取得耐震標章或通過新建住宅性能評估之結構安全性能。三、於領得標章或通過評估之日起三個月內報本府備查。依前項第三款規定取得標章或通過評估且報本府備查者，保證金無息退還；未依規定取得標章或通過評估且報備查者，保證金不予退還。第一項建蔽率之放寬，以住宅區之基地為限，且不得超過原建蔽率；第一項高度比，係指建築物各部分高度與自各該部分起，量至臨接道路對側道路境界線之最小水平距離，其放寬以該建築基地面臨計畫道路或現有巷道之寬度應達八公尺以上，或自對側道路境界線退縮留設深度達八公尺以上，且臨路總長度應達二十公尺以上。該退縮地應提供公眾通行，且該高度比放寬後其比例不得超過二。 ／ 第十一條：依其他法令規定申請建築容積獎勵者，應將相關計畫納入都市更新事業計畫，且申請獎勵項目之性質不得重複。 ／ 第十二條：依前條規定經核定之獎勵後總容積，為該都市更新事業計畫申請建造執照時之最大允許建築容積。 ／ 第十三條：更新後提供社區使用之公益設施免計容積，其項目如下：一、區民活動中心或里民活動中心。二、圖書館、博物館、藝術中心等文化展演設施。三、青少年、兒童、老人活動等社會福利設施。四、大眾運輸場站設施及設備空間。五、其他經審議會審議通過者。前項各款樓地板面積應在一百平方公尺以上，且具有獨立出入口。公益設施樓地板面積合計不得超過法定容積之百分之三十，超過部分應計入容積。第一項免計容積之公益設施所有權人或管理人得向使用者酌收必要之費用。但應於建築執照中註記為公益設施且不得變更其使用。都市更新建築容積獎勵辦法第七條規定，都市更新事業計畫申請經本府指定額外提供之公益設施建築容積獎勵，相關作業要點由本府另定之。 ／ 第十四條：實施者協助開闢都市計畫道路者，其用地地上物之拆遷補償經費應由實施者負擔，並由本府協助辦理地上物公告、拆除與執行。 ／ 第十五條：申請都市更新建築容積獎勵達一定規模者，應由都市更新實施者提出都市環境友善計畫送審議會審議。但情形特殊者不在此限。前項所稱一定規模、都市環境友善計畫應記載事項及特殊情形等都市更新審議規範由本府另定之。
LR03,local_rule,臺中市文化資產處補助私有文化資產經費要點,臺中市政府,民國115年07月24日修正,https://law.taichung.gov.tw/LawContent.aspx?id=GL003265,火災後軌跡;政策事件,臺中市文化資產處補助私有文化資產經費要點,verified,2026-09-29,私有文資補助：所有人誘因,火|災|燒|毀|滅失|閒置|拆除|緊急|修復|再利用|重建|容積|地價|減免|減徵|補助|所有人|管理維護|審議|廢止|古蹟|歷史建築,第一點：臺中市文化資產處（以下簡稱文資處）為辦理管理維護、教育推廣講習、修復與活化利用臺中市（以下簡稱本市）私有古物及考古遺址之補助；並鼓勵民間辦理無形文化資產之調查、記錄、保存維護、教育傳習、推廣及人才養成等工作，特訂定本要點。 ／ 第二點：補助類別：（一）第一類：經臺中市政府（以下簡稱本府）依文化資產保存法第六十七條規定公告之私有古物。（二）第二類：符合文化資產保存法第五十七條所定本市之疑似考古遺址。（三）第三類：符合文化資產保存法第三條第二款或第九十五條第二項所定文化資產保存技術及保存者，並經本府登錄。 ／ 第四點：補助項目：（一）第一類：管理維護、教育推廣講習、修復及活化利用。（二）第二類：辦理疑似考古遺址之遺址價值及內涵調查評估、研究或保存維護相關因應作業。（三）第三類：辦理無形文化資產之記錄、保存、傳習、維護、推廣及學術研討。（四）第一類所稱管理維護，指下列事項： 1.基本資料建檔。 2.日常管理維護。 3.定期專業檢測記錄。 4.特殊維護及其他應注意事項。 5.防盜、防災及保險。 6.緊急應變計畫之擬定。 ／ 第六點：申請時間：申請人應於文資處第一次通知之日起至前一年度十月底前，或第二次通知之日起至當年度四月底前，填具申請文件並送達或掛號郵寄文資處（以郵戳時間為憑）提出申請。但配合本府政策及緊急應變需要之申請案件，不在此限。 ／ 第七點：申請文件：（一）共同性文件： 1.申請書及申請總表。同一案件向二個以上機關提出申請補（捐）助者，應列明全部經費內容，及向各機關申請補（捐）助之項目及金額。 2.計畫書（一式五份）。若申請項目為管理維護計畫，另須檢附經本府核定之影本。 3.經費概算表。 4.聲明書。（二）第一類： 1.經法院公證之古物所有權切結書（一式一份）。 2.古物所有權人或管理人國民身分證正、反面影本；如為法人、團體應附立案證書影本及負責人國民身分證正、反面影本（一式一份）。 3.申請補助之私有古物屬國寶或重要古物者，申請人應先將計畫書陳報中央主管機關審定。（三）第二類： 1.身分證影本、地籍圖、土地謄本、位置地圖、基地現況照片。 2.開發計畫基本資料（應至少敘明土地所有權人、開發單位、開發目的、開發規模及範圍、下挖深度及其他經主管機關認定必要之相關內容）。 3.委託考古學者專家執行因應本開發計畫之考古遺址價值及內涵調查評估、研究或保存維護相關作業之契約書。 4.其他依個案需求，經主管機關認定必須提供之文件。（四）第三類：身分證明或立案證明影本（一式一份）。所有申請資料及附件，均不予退件，申請人亦不得要求退還。 ／ 第八點：補助額度：（一）補助額度由文資處審查後核定，惟申請人應至少自籌百分之五，且自籌款比例愈高者，先予以補助。（二）同一案件以連續五年申請補助為原則，但情形特殊者，不在此限。 ／ 第十點：請款方式：（一）受補助之申請案應於當年度執行完畢，但有不可歸責之事由或其他特殊原因者，得專案申請核准展延一次，展延期限最長為三個月。（二）受補助者應於計畫執行完畢後一個月內，備齊受補助額度之黏貼憑證用紙、領據、計畫收入明細表、計畫支出明細表、原始支出憑證、成果報告書（一式二份）送文資處辦理核銷結案，審核通過後，核實撥付款項。經費結報時，所檢附之支出憑證應依政府支出憑證處理要點規定辦理，並應詳列支出用途及全部實支經費總額，同一案件由二個以上機關補助者，應列明各機關實際補助金額。（三）前款成果報告書應包含以A4格式製作之書面及電子檔。（四) 為確保計畫品質，補助案件實際執行金額至少應達文資處核定之補助金額以上，否則全部不予補助。如未達計畫書所載經費者，文資處依實際執行金額，按原補助比例重新計算之補助金額核銷、撥款。（五）補助款應專款專用，不得任意變更用途。受補助之申請案應依計畫內容執行，其因計畫變更或因故無法執行者，應即函報各補助機關同意。（六）補助款倘涉及個人所得者，受補助者應依規扣繳所得稅。（七）受補助經費中如涉及採購事項，應依政府採購法等相關規定辦理。（八）受補助經費於補助案件結案時尚有結餘款，應按補助比例繳回，計畫因故無法繼續執行時，除應以書面說明原因外，已請領之款項未執行部分應予繳回。（九）受補助經費產生之利息或其他衍生收入應一併繳回文資處。（十）留存受補助案件之原始憑證，應依會計法規定妥善保存與銷毀，已屆保存年限之銷毀，應函報文資處核轉請審計機關同意。如遇有提前銷毀，或有毀損、滅失等情事時，應敘明原因及處理情形，函報文資處核轉審計機關同意。如經發現未確實辦理者，得依情節輕重對該補助案件或受補者酌減嗣後補助款或停止補助一至五年。（十一）受補助者申請支付款項時，應本誠信原則對所提出支出憑證之支付事實及真實性負責，如有不實，應負相關責任。文資處衡酌受補助者提出支出憑證確有困難或不符效益等特殊情事，得就該部分列明原因，報經主管機關核定後，改以其他佐證資料結報。（十二）倘補助經費涉及中央單位補助款，將俟補助款核撥後再撥付予申請人。 ／ 第十一點：督導及考核: (一)文資處得就受補助之申請案執行內容進行查核，必要時得要求受補助者提出計畫執行狀況之報告。該查核之結果，應列為文資處日後審查申請補助案件之重要參考。 (二)文資處將依個案適當選定下列績效衡量指標，作為辦理補助案件成果考核及效益評估之參據: 1.計畫執行進度達成率 2.預算執行率 3.計畫執行效益 4.行政配合度 (三)受補助之申請案須配合該年度主管機關辦理文化資產相關推廣事宜。 (四)受補助之申請案應將文資處列為補助、指導或主辦單位，並註明於有關之文宣品或出版品。 ／ 第十二點：受補助之申請案有下列情形之一者，文資處得視情節輕重，撤銷、變更或廢止原同意之補助，追回全部或部分補助款，並得對該補助案件停止補助一年至五年： (一)申請、核銷資料或其附件有虛報、浮報、隱匿、虛偽等情事。 (二)經查核發現成效不佳或拒絕接受查核、評鑑。 (三)未經文資處同意，擅自變更計畫而未依計畫內容執行或因故無法執行。 (四)未依補助用途支用或不當挪用補助經費。 (五)不履行補助條件。 (六)核銷結案之時程遲延。 (七)其他違背法令之行為。受補助之申請案經文資處以書面命其限期繳還已領取之補助，屆期未繳還者，依法追繳之。 ／ 第十三點：權利及責任 (一)申請補助者所提計畫內容應擔保絕無侵害任何第三人之智慧財產權或其他權利，如經發現有侵害他人權利者，文資處得撤銷該申請案件。 (二)受補助之申請案成果資料，文資處得為各種方式之永久無償使用權利。 ／ 第十四點：本要點所需經費，由文資處編列預算，補助之總經費以年度預算為限。
LR04,local_rule,臺中市有形文化資產地價稅及房屋稅減徵自治條例,臺中市政府,民國113年09月16日修正,https://law.taichung.gov.tw/LawContent.aspx?id=GL000962,地價;政策事件,臺中市有形文化資產地價稅及房屋稅減徵自治條例,verified,2026-09-29,文資身分與地價稅、房屋稅減徵：所有人的持有成本,火|災|燒|毀|滅失|閒置|拆除|緊急|修復|再利用|重建|容積|地價|減免|減徵|補助|所有人|管理維護|審議|廢止|古蹟|歷史建築,第四條：有形文化資產之地價稅及房屋稅減免，依本自治條例之規定。但其他法令規定較本自治條例更有利者，適用最有利之法令。 ／ 第五條：有形文化資產及其所定著土地自公告日之當年期起，地價稅及房屋稅減徵百分之五十。 ／ 第六條：有形文化資產於公告後三十日內，臺中市政府該管主管機關應將該公告與有形文化資產地址或位置及基地坐落土地面積通知臺中市政府地方稅務局。公告有變更或廢止時亦同。 ／ 第七條：有形文化資產之認定有變更或廢止時，其地價稅及房屋稅自次年期起變更或恢復徵收。 ／ 第八條：本自治條例除第五條有關房屋稅之減徵期間及第七條房屋稅之變更或恢復徵收部分，自中華民國一百十三年七月一日施行外，其餘條文自中華民國一百十二年十二月一日施行。
LR05,local_rule,臺中市重大災害古蹟緊急應變處理小組設置要點,臺中市政府,民國100年02月18日發布,https://law.taichung.gov.tw/LawContent.aspx?id=GL000280,火災後軌跡,臺中市重大災害古蹟緊急應變處理小組設置要點,verified,2026-09-29,重大災害（含火災）後的緊急應變程序,火|災|燒|毀|滅失|閒置|拆除|緊急|修復|再利用|重建|容積|地價|減免|減徵|補助|所有人|管理維護|審議|廢止|古蹟|歷史建築,第一點：臺中市政府（以下簡稱本府）為處理本市重大災害古蹟之應變事宜，特設重大災害古蹟緊急應變處理小組(以下簡稱本小組)，並訂定本要點。 ／ 第四點：本小組於重大災害發生時，視情況需要由召集人召開會議並為會議 ／ 第九點：歷史建築、遺址、聚落及文化景觀重大災害緊急應變處理，得準用本要點規定。
LR06,local_rule,臺中市文化資產認養維護辦法,臺中市政府,民國107年05月16日發布,https://law.taichung.gov.tw/LawContent.aspx?id=GL003452,火災後軌跡,臺中市文化資產認養維護辦法,verified,2026-09-29,閒置文資的認養與管理維護,火|災|燒|毀|滅失|閒置|拆除|緊急|修復|再利用|重建|容積|地價|減免|減徵|補助|所有人|管理維護|審議|廢止|古蹟|歷史建築,第一條：臺中市政府為結合社會資源，鼓勵無償認養臺中市轄內公有文化資產，以提升管理效益，並促進活化再利用，特訂定本辦法。 ／ 第六條：文化局辦理審核或甄選時，得參考下列標準為之: 一、認養標的之整體規劃、管理維護或環境美化構想。二、與文化局或文資處之協調配合機制。三、簡報內容及現場答詢表現。四、其他必要之圖說及相關資料。 ／ 第八條：認養人應依文化資產保存法、文化資產保存法施行細則、古蹟管理維護辦法、古蹟歷史建築紀念建築及聚落建築群重大災害應變處理辦法、考古遺址監管保護辦法及其他相關規定，負責認養標的之管理維護，並盡善良管理人之注意義務。認養人於認養期間內，應自行負擔認養標的之水電及管理維護費用。 ／ 第九條：認養標的或其附屬設施於日常保養或定期維修作業中，發見其主體、構件、文物等有外觀形狀改變、色澤變化、設備損壞、生物危害等異常狀況，有損害文化資產價值之虞時，應予記錄，並立即通報文資處。如遇竊盜時，應同時通報警察機關。前項異常狀況有持續擴大之虞者，應及時就認養標的受損處，採取非侵入式之臨時保護。第一項之情形，認養人得更新改善，或以整體景觀規劃設計為目的進行美化裝修工程。但應提出申請書、設計圖、施工計畫、維護計畫等文件，報經文化局核准後，始得為之。其費用由認養人自行負擔。。前條管理維護或本條改善、裝修所需之費用，認養人如有困難，得申請補助部分經費。 ／ 第十一條：認養人得申請於認養標的之適當地點設置認養標誌牌。認養標誌牌之內容、規格、材質、數量及位置，應報文化局核准，始得設置。認養標誌牌應於認養期間屆滿、認養契約終止或解除之日起十日內，由認養人自行拆除並回復原狀，逾期未移除者，視同廢棄物，得由文化局逕行處理，並得追償所需費用。 ／ 第十二條：認養人應遵守下列規定: 一、認養標的不得封閉，應適度開放大眾參觀。二、認養期間內不得有營利行為。但經文化局事前同意，得舉辦無收益、非商業性之公益活動。三、未經核准，不得於認養標的為擴建、整建或改建。四、不得將認養契約權利義務之全部或一部讓與他人。五、不得有違反法令及善良風俗之行為。六、發現認養標的遭人毀損或占用時，應立即通報文資處。 ／ 第十三條：認養人有下列情形之一者，文化局得終止或解除認養契約，認養人不得請求任何補(賠)償: 一、認養人違反本辦法、認養契約或法令規定。二、考評成績欠佳或經文化局認定管理維護不善，經通知認養人限期改善，屆期仍不改善者。三、文化局有收回自行管理或另依法處理之必要。 ／ 第十四條：文化局於認養期間，就認養標的有管理維護之權，並得隨時檢查、考評認養人之認養情形，其績效優良者，文化局得公開表揚或獎勵。
LR07,local_rule,臺中市歷史老屋再生補助作業要點,臺中市政府,民國113年03月14日修正,https://law.taichung.gov.tw/LawContent.aspx?id=GL004160,母體;火災後軌跡,臺中市歷史老屋再生補助作業要點,verified,2026-09-29,未具文資身分之老屋（事實上的古蹟）補助,火|災|燒|毀|滅失|閒置|拆除|緊急|修復|再利用|重建|容積|地價|減免|減徵|補助|所有人|管理維護|審議|廢止|古蹟|歷史建築,第四點：補助類別、項目及金額上限如下：（一）建築物整修類：歷史老屋之整建或修建，單次補助金額上限為新臺幣一百五十萬元，且不逾核定計畫總經費百分之七十。（二）文化經營類：以歷史老屋從事有助於文化藝術或傳統技藝推廣等文化事業之不動產租金，每月補助上限為新臺幣一萬元。（三）其他類：歷史老屋或其周邊相關保存維護或活化再生之歷史調查、教育推廣及圖文紀錄等事項，每件補助上限為新臺幣八萬元。前項第一款同一申請案已獲文化局補助者，自補助時起三年內，不得再依本要點申請補助。但有特殊情形並經文化局同意者，不在此限。第一項第二款受補助申請案件自公告日起至當年度底止。同一申請人獲補助次數，以連續三年為限，已連續三年獲補助者，第四年不得提出申請。同一補助計畫向二個以上機關提出申請補(捐)助時，應列明全部經費內容，及向各機關申請補(捐)助之項目及金額，送各機關審核。 ／ 第五點：申請人資格為自然人、依法登記設立或立案之民間團體、公司行號、建築師事務所、技師事務所或大專院校。申請補助類別為建築物整修類者，應為申請範圍內土地及合法建築物所有權人，或取得所有權人同意書之使用人或管理人。前項之建築物或其坐落土地為共有者，申請人得取得共有人過半數及其應有部分合計過半數之書面同意行之。但其應有部分合計逾三分之二者，其人數不予計算。如有特殊情形，無法依前項規定取得書面同意者，經文化局同意，得不受其限制。前二項之情形，其他共有人提出異議者，文化局則不予受理申請或核予補助。 ／ 第六點：申請人應於文化局公告申請期間內，檢具申請補助計畫書及相關文件，向文化局提出申請，逾期不予受理。 ／ 第七點：申請案之審查作業如下：（一）由文化局視需要邀請本府相關局處及專家學者協助審查。（二）涉及特殊議題需跨局處協調者，文化局得專簽本府層級長官召開跨局處專案會議審查。（三）審查結果及核准補助金額，文化局應以書面通知申請人。 ／ 第八點：文化局依前點核准補助之經費不得使用於違章建築範圍。 ／ 第九點：申請案補助金額由文化局視年度計畫經費及對整體保存活化再生效益酌予補助。文化局得依申請案性質分期或一次撥付補助款項。第四點第一款受補助之建築物完工後，應至少保存三年。 ／ 第十點：受補助者應依文化局所定期限，檢具下列文件辦理核銷程序：（一）成果報告書（如為分期撥付，各期應檢附執行進度報告及相關佐證資料）。（二）領據（申請租金補助者，須檢附租賃契約副本佐證）。（三）經費支出明細表（同一申請案由二個以上機關補助者，應加附列明各機關補助經費分攤明細表）。前項文件有欠缺者，文化局應通知受補助者限期補正；屆期未補正或補正不完全者，視同放棄請領。結案時尚有結餘款者，應按補助比例繳回；計畫因故無法繼續執行時，除應以書面說明原因外，已請領之款項未執行部分應予繳回。受補助經費中如涉及採購事項，受補助者應依政府採購法等相關規定辦理。 ／ 第十一點：申請案有下列情形之一者，文化局得撤銷或廢止全部或部分補助，受補助者應繳回全部或部分補助款項：（一）受補助者違反本要點及相關法令規定，經文化局通知限期改善，屆期仍未完成改善。（二）受補助者未依核准之內容執行。（三）受補（捐）助對象對於退還及自行保存之各項支用單據，應依有關規定妥善保存；各機關應建立控管機制，並作成相關紀錄，如發現受補（捐）助對象未依規定妥善保存各項支用單據，致有毀損、滅失等情事，應依情節輕重對該補（捐）助案件或受補（捐）助團體酌減嗣後補（捐）助款或停止補（捐）助一年至五年。 ／ 第十二點：受補助者應配合文化局辦理相關宣導、展示或活動。 ／ 第十三點：督導及考核事項如下：（一）經核定之申請案，應依計畫內容確實執行，文化局並得要求受補助者於計畫執行過程提出書面進度報告。（二）文化局得於計畫執行過程派員或邀請學者專家實地訪視輔導。（三）文化局得依受補助者成果報告、相關督導及考核紀錄，作為下次補助申請之審查依據。
LR08,local_rule,臺中市古蹟歷史建築聚落及文化景觀審議委員會設置要點,臺中市政府,已廢止（民國107年04月02日）；民國100年02月18日發布,https://law.taichung.gov.tw/LawContent.aspx?id=GL000276,文資程序,臺中市古蹟歷史建築聚落及文化景觀審議委員會設置要點,verified,2026-09-29,2011–2018 年間文資審議的組織依據；該期間的審議事件,火|災|燒|毀|滅失|閒置|拆除|緊急|修復|再利用|重建|容積|地價|減免|減徵|補助|所有人|管理維護|審議|廢止|古蹟|歷史建築,第一點：臺中市政府為管理維護臺中市（以下簡稱本市）古蹟、歷史建築、聚落及文化景觀，設臺中市古蹟歷史建築聚落及文化景觀審議委員會（以下簡稱本委員會），並訂定本要點。 ／ 第二點：本委員會之任務如下：（一）本市古蹟之指定、變更及廢止之審議。（二）本市歷史建築之登錄、變更及廢止之審議。（三）本市聚落之登錄、變更及廢止之審議。（四）本市文化景觀之登錄、變更及廢止之審議。（五）本市古蹟、歷史建築、聚落及文化景觀獎勵與處罰之審議。（六）本市古蹟、歷史建築、聚落及文化景觀法規修訂之建議事項。（七）其他有關本市古蹟、歷史建築、聚落及文化景觀之管理維護事項。 ／ 第三點：本委員會置委員十五人，其中一人為主任委員，由市長指派副市長兼任；一人為副主任委員，由臺中市政府文化局局長兼任；其餘委員，由市長就下列人員聘（派）兼之：（一）機關代表三人。（二）具有古蹟、歷史建築、聚落及文化景觀專業之學者專家十人。前項委員任期為二年，期滿得續聘（派）之。委員如出缺得隨時補聘之，但機關代表委員隨其本職進退。 ／ 第五點：本委員會應有二分之一以上委員出席始得開會。審議會議召開時，應邀請古蹟、歷史建築、聚落或文化景觀所有人、使用人、管理人或其他利害關係人陳述意見。 ／ 第七點：為執行本委員會任務，本委員會之委員得偕同相關業務單位進行實地勘查、研擬意見，提供本委員會審議相關案件之參考。
LR09,local_rule,臺中市辦理都市更新拆遷補償及獎勵金發放作業自治條例,臺中市政府,民國100年06月29日發布,https://law.taichung.gov.tw/LawContent.aspx?id=GL000967,政策事件;火災後軌跡,臺中市辦理都市更新拆遷補償及獎勵金發放作業自治條例,verified,2026-09-29,都更拆遷補償：原址建物滅失與補償的關係,古蹟|歷史建築|文化資產|紀念建築|聚落|容積|獎勵|更新單元|劃定|拆除|危險|窳陋|老舊|閒置|火|災|公益|審議|權利變換,第一條：臺中市為辦理都市更新須拆除或遷移土地改良物、動力機具、設備、人口及營業損失等之拆遷補償費及獎勵金發放，特制定本自治條例。 ／ 第三條：本自治條例，用詞定義如下：一、土地改良物：指建築改良物及農作改良物二種。附著於土地之建築物或工事，為建築改良物。附著於土地之農作物及其他植物與水利土壤之改良，為農作改良物。二、土地改良物拆遷補償費︰指依都市更新條例第三十六條規定，因權利變換而拆除或遷移之土地改良物，其價值或建築物之殘餘價值。 ／ 第五條：依前條而拆除或遷移之土地改良物，配合本府公告日期前自動拆遷者，除依前條領取補償費外，得按土地改良物拆遷補償費金額百分之六十發給土地改良物自動拆遷獎勵金。 ／ 第九條：都市更新單元核定發布實施日六個月前設有戶籍之人口，因辦理都市更新必須遷移者，依下列規定發放人口遷移費。但因結婚、出生、收養或認領而設籍者，不受六個月期限之限制：一、建物全部拆除之人口遷移費：（一）單身者每戶新臺幣三萬二千元。（二）二人者每戶新臺幣三萬八千元。（三）三人者每戶新臺幣四萬八千元。（四）四人者每戶新臺幣六萬四千元。（五）五人者每戶新臺幣八萬元。（六）六人以上者每戶新臺幣九萬六千元。二、建物部分拆除之人口暫行遷移費：（一）單身者每戶新臺幣二萬五千元。（二）二人者每戶新臺幣二萬五千元。（三）三人者每戶新臺幣三萬八千元。（四）四人者每戶新臺幣五萬一千元。（五）五人者每戶新臺幣六萬四千元。（六）六人以上者每戶新臺幣七萬六千元。前項人口遷移費包含傢俱遷移費用。 ／ 第十條：依本自治條例申請發給土地改良物自動拆遷獎勵金、遷移動力機具、生產原料或經營設備之費用及營業損失補償費者，應檢附自動拆除前後之照片、斷水、斷電及斷瓦斯之相關證明後，始得發給。
LR10,local_rule,臺中市都市更新建築容積獎勵辦法,臺中市政府,民國109年11月03日發布,https://law.taichung.gov.tw/LawContent.aspx?id=GL003931,政策事件;地價,臺中市都市更新建築容積獎勵辦法,verified,2026-09-29,都更容積獎勵（含文資保存相關獎勵）,古蹟|歷史建築|文化資產|紀念建築|聚落|容積|獎勵|更新單元|劃定|拆除|危險|窳陋|老舊|閒置|火|災|公益|審議|權利變換,第三條：申請都市更新建築容積獎勵，其原建築容積之認定，應經依法登記開業之建築師簽證，並由建築主管機關認定之。 ／ 第四條：臺中市都市更新建築容積獎勵項目、評定基準、額度及其他應遵行事項，依附表規定辦理。本條例第八條劃定或變更策略性更新地區，依本條例第十二條第一項規定方式辦理；更新單元面積達一萬平方公尺以上者，依前項附表所定獎勵額度二倍核予容積獎勵。
LR11,local_rule,臺中市都市更新單元劃定基準,臺中市政府,民國114年09月17日修正,https://law.taichung.gov.tw/LawContent.aspx?id=GL002117,政策事件,臺中市都市更新單元劃定基準,verified,2026-09-29,更新單元劃定條件（老舊、窳陋、危險建物）,古蹟|歷史建築|文化資產|紀念建築|聚落|容積|獎勵|更新單元|劃定|拆除|危險|窳陋|老舊|閒置|火|災|公益|審議|權利變換,第一點：臺中市政府(以下簡稱本府)為執行都市更新條例(以下簡稱本條例)第二十二條及第二十三條規定，使更新單元之劃定依據明確化，特訂定本基準。 ／ 第二點：本基準所稱自行劃定更新單元，係指除本府依本條例第十二條第一項規定實施都市更新事業外之自行申請劃定更新單元案件。 ／ 第三點：自行劃定之更新單元，不得位於農業區及保護區。前項劃定之更新單元，不得涉及都市計畫主要計畫之擬定或變更。但僅涉及主要計畫局部性之修正不違背其原規劃意旨，而符合都市更新條例施行細則第二十一條所定情形者，或僅涉及細部計畫之擬定、變更者，不在此限。 ／ 第四點：申請依本條例第二十三條規定自行劃定更新單元並採重建方式實施都市更新事業者，應符合臺中市都市更新自治條例第八條第一項規定。其更新單元內應有屋齡三十年以上或經結構安全性能評估結果未達最低等級之合法建築物，及不得有空地過大之情形，且建築物及地區環境應符合附表一所列狀況之ㄧ，並將相關事項載明於更新事業概要。逕行擬具都市更新事業計畫者，應於都市更新事業計畫內載明更新單元劃定。第一項所稱空地過大，係指更新單元內既有合法建築之基地面積及違章建築之建築面積，小於同一更新單元總面積之三分之一。但位於山坡地者，其既有合法建築物之基地面積及違章建築之建築面積，小於更新單元總面積之二分之一。基地是否空地過大應由建築師依附表二所列項目簽證確認之。自行劃定更新單元如致街廓內相鄰土地無法劃定更新單元者，除該相鄰土地上合法建築物屋齡未逾三十年外，實施者應於依本條例第二十二條或第三十二條規定舉辦公聽會時，一併通知前述相鄰土地及其合法建築物所有權人參與，並徵詢其參與都市更新之意願及進行協調。但有下列情形之一，並經臺中市都市更新及爭議處理審議會同意者，不在此限： (一)該毗鄰土地或合法建築物所有權人經協調後仍不願參與。 (二)有客觀事實足認協調困難。 ／ 第五點：申請依本條例第二十二條規定自行劃定更新單元並採重建方式實施都市更新事業者，不受前點第一項附表一規定之限制。 ／ 第六點：臺中市都市更新自治條例第八條第一項第三款所稱基地情況特殊，係指下列各款之一者： (一)為避免重大災害之發生，經本府同意。 (二)合法建築物因地震、風災、水災、火災、爆炸或其他等不可抗力之重大事變而遭受損害，亟需重建。 (三)臺中市高氯離子混凝土建築物、輻射汙染建築物，經建築主管機關認定有危險之虞，應立即拆除或應予修繕補強。 (四)符合附表一之建築物基地未達一千平方公尺且無鄰地可合併辦理都市更新。前項除第四款外，得不受第四點合法建築物屋齡、結構安全性能評估結果、空地過大及附表一規定之限制。 ／ 第七點：合法建築物及違章建築面積，依下列規定認定： (一)合法建築物基地面積： 1.依使用執照、建物登記謄本或相關合法建物證明文件載明之基地面積計之。 2.未領有使用執照之合法建築物： (1)經本府依臺中市建築管理自治條例規定，認定為合法建築物之基地面積計之。 (2)實施建築管理前建造之建物，無使用執照者，應提出建築主管機關或區公所之證明文件或實施建築管理前有關該建物之曾於該建物設籍之戶籍謄本、門牌編釘證明、繳納房屋稅憑證或稅籍證明、繳納水費憑證、繳納電費憑證、未實施建築管理地區建物完工證明書、地形圖、都市計畫現況圖、都市計畫禁建圖、航照圖或政府機關測繪地圖及其他足資證明之文件。文件內已記載一樓主建物及騎樓面積者，依其所載認定；未記載面積者，參考航測圖等有關資料以為一樓主建物及騎樓面積之認定證明。 (3)未領有使用執照之合法建築物基地面積，以更新單元之法定建蔽率與合法建築物一樓主建物面積及騎樓面積，反推其基地面積，以該筆宗地面積為上限計算。 (二)違章建築面積： 1.以臺中市(以下簡稱本市)既存違章建築之劃分日期前已存在之違章建築為限，應由建築師依本市既存違章建築之劃分日期以前出版之地形圖、航測圖等相關證明文件及經測量技師簽證之現況實測圖檢討計算違章建築面積，並經違章建築主管單位確認後計入。 2.本市既存違章建築之劃分日期後建造之違章建築面積，視為空地面積計算。 ／ 第八點：更新單元基地有下列情形之一者，其空地面積得不計入更新單元範圍總面積： (一)空地屬產權持分細碎、複雜或土地及建物所有權人眾多致更新推動困難，經敘明理由提報臺中市政府都市更新及爭議處理審議會審議同意。 (二)空地屬現有巷道或道路。 (三)自行劃定更新單元案件納入周邊空地為完整街廓，或自行劃定更新單元案件周邊空地無鄰接道路無法直接指定建築線。
LR12,local_rule,臺中市實施都市計畫容積移轉審查許可條件及作業要點,臺中市政府,民國115年03月05日修正,https://law.taichung.gov.tw/LawContent.aspx?id=GL000213,政策事件;地價,臺中市實施都市計畫容積移轉審查許可條件及作業要點,verified,2026-09-29,古蹟、歷史建築所在土地的容積移轉,古蹟|歷史建築|文化資產|紀念建築|聚落|容積|獎勵|更新單元|劃定|拆除|危險|窳陋|老舊|閒置|火|災|公益|審議|權利變換,第一點：臺中市政府（以下簡稱本府）為審查都市計畫容積移轉申請案件，特依據都市計畫容積移轉實施辦法（以下簡稱本辦法）第四條及古蹟歷史建築紀念建築土地容積移轉辦法第七條規定，訂定本要點。 ／ 第三點：本辦法第六條第一項第一款所稱有保存價值之建築所定著之土地，係指下列各款之土地：（一）經都市計畫劃定為保存區、古蹟保存區者。（二）經目的事業主管機關登錄之文化景觀或聚落所定著者。本辦法第六條第一項第二款之可建築土地，係指下列各款土地：（一）本府中華民國九十六年六月二十八日公告都市更新計畫之九處舊市區更新地區，並經臺中市政府都市設計審議委員會（以下簡稱都設會）認定作為開放空間使用可改善都市環境或景觀者。（二）經依臺中市樹木保護自治條例規定公告為受保護樹木之必要生育地環境範圍者。 ／ 第四點：本辦法第六條第一項第三款之私有都市計畫公共設施保留地，係指下列經本府各目的事業主管機關同意贈與本市之各款土地：（一）公園用地、兒童遊樂場用地、綠地用地、人行廣場用地、廣場用地、停車場用地、排水道用地、溝渠用地、河道用地或其他類似用地。（二）道路用地、人行步道用地、園道用地。（三）前二款公共設施用地兼供(作)其他使用之用地。（四）細部計畫書已有規定或配合本市都市發展政策經本府公告指定者。前項第二款送出基地合計可移出容積不得超過接受基地基準容積百分之二十。但其劃設年限至申請容積移轉日止已逾二十五年以上者，不在此限。 ／ 第五點：依古蹟歷史建築紀念建築土地容積移轉辦法得申請容積移轉者，應符合本要點第七點、第九點至第十二點及第十五點至第十八點規定。前項經檢討地區發展密度、發展總量、建築基地面積、臨接道路功能及寬度、周邊公共設施服務水準、景觀及公共安全等條件，提本市都市計畫委員會審議通過者，得不適用本要點第十八點規定。 ／ 第六點：申請送出基地之容積移轉，應與接受基地之建造執照或都市設計審議併同提出申請。 ／ 第七點：下列各款土地不得為接受基地：（一）位於農業區、河川區、風景區、保護區或其他非都市發展用地。（二）都市計畫公共設施用地。但捷運系統用地，不在此限。（三）中華民國九十九年十二月二十五日改制前原臺中市轄區內之第一種住宅區。（四）臨接已開闢寬度未滿八公尺之道路者。（五）臨接已開闢寬度八公尺以上道路之面寬未滿八公尺者。（六）臨接本辦法第六條第一項第一款規定之土地。（七）依水土保持法第三條第一項第三款規定之山坡地。（八）未依臺中市建築物補辦建築執照辦法規定辦理補辦建築執照，而擅自建造之建築物所坐落之建築基地。（九）各都市計畫規定禁止容積移轉地區之土地。（十）因公共設施服務水準低落、居住或活動人口密度擁擠，經臺中市都市計畫委員會或都設會決議，並由本府公告禁止容積移轉地區之土地。（十一）其他相關法令規定列為禁限建區域之土地。 ／ 第八點：臺中市建築物補辦建築執照辦法所規定之擅自建造之建築物或已領有使用執照之建築物因取消停車空間，現況使用容積超出允建容積加計已核准之容積，得申請辦理容積移轉併同補辦建築執照或變更使用執照，其申請容積移轉上限不得超過接受基地基準容積之百分之三十。前項接受基地應提出結構安全鑑定報告書或建築物補強計畫，且建築物補強計畫應於領得使用執照前完成施作。中華民國九十四年六月三十日前已擅自建造完成之建築物申請補辦建築執照者或本要點修正發布前已領有使用執照之建築物，其基地應符合都市計畫土地使用管制規定之最小建築面積。但不受前點第四款、第五款、第七款及第十五點規定之限制。 ／ 第九點：「臺中市都市計畫（舊有市區及一至五期市地重劃地區）細部計畫」及「臺中市都市計畫（後庄里地區）細部計畫」，依本辦法申請移入容積數量，加計都市更新條例、都市計畫法或其他法規規定給予之獎勵容積總量，超過其基準容積百分之四十者，應提送都設會審議通過，始得辦理容積移轉。其他細部計畫地區依本辦法申請移入容積數量，加計都市更新條例、都市計畫法或其他法規規定給予之獎勵容積總量，超過其基準容積百分之六十者，應提送都設會審議通過，始得辦理容積移轉。接受基地之移入容積超過三千平方公尺，或整體開發地區各單元細部計畫區之土地申請容積移轉量達基準容積之百分之二十者，應經都設會審議通過，始得辦理容積移轉。第一項、第二項申請案件總增加容積上限依各細部計畫書中所載相關規定；未載明者，其總增加容積上限依下列規定辦理，實際核准許可移入容積總量應以都設會審定內容為準。（一）總增加容積上限： 1.舊市區細部計畫地區C=(40%+C1)×基準容積。 2.其他地區C=(70%+C2)×基準容積。（二）C：提出外部性服務設施及景觀提升計畫，經都設會審查核可准予移入後之總增加容積上限容積量，C1最高為20%，C2最高為10%，其額度得另訂基準表，供都設會審議參考。前項外部性服務設施及景觀提升計畫項目不得重複核計其他容積獎勵規定。 ／ 第十一點：新市政中心專用區及水湳機場原址整體開發區等細部計畫地區，接受基地建築物之每一建築單元(區分所有權之專有部分)樓地板面積應大於一百平方公尺。其他細部計畫地區，接受基地建築物之每一建築單元(區分所有權之專有部分)樓地板面積應大於八十平方公尺。但細部計畫書另有規定者，從其規定。符合下列條件之一者，得不受前二項規定之限制：（一）除住宅單元外，其他各種建築單元如經都設會審議同意者。（二）除新市政中心專用區細部計畫及水湳機場原址整體開發區文化商業專用區等地區外，接受基地符合下列條件之一者： 1.臨接已開闢寬度達二十公尺之計畫道路，且臨接該計畫道路之面寬達十公尺。 2.臨接已開闢寬度達十五公尺之計畫道路，且臨接該計畫道路之面寬達十公尺，依本辦法申請移入容積數量，加計都市更新條例、都市計畫法或其他法規規定給予之獎勵容積總量，未超過基準容積百分之六十，且增設至少五十部且不低於法定停車位百分之二十之公共停車位開放供不特定公眾使用，且經都設會審議同意其配置者。 3、位於經本府公告之大眾捷運場站或鐵路車站指定範圍內，增設不低於法定停車位百分之十之公共停車位開放供不特定公眾使用，且經都設會審議同意其配置者。 ／ 第十三點：接受基地移入容積方式，以下列各款為限：（一）依第三點、第四點規定辦理。（二）繳納容積代金。 ／ 第十四點：前點第二款之容積代金，其金額由本府委託三家以上專業估價者查估，並經公會協審後採中位數評定；其所需費用，由接受基地所有權人或公有土地地上權人負擔。前項協審公會，應將協審人員及機制報都發局備查。異動時亦同。依前點第二款規定辦理者，價格日期為都發局收件日。有下列情形之一者，應重新依第一項規定辦理：（一）建造執照基地範圍異動與接受基地範圍不一致。（二）未於通知評定後30日內申請開立繳款書。依前項規定辦理者，價格日期以變更設計或併建造執照重新申請容積移轉案件向都發局建造管理科掛件後，建造管理科會辦容積移轉審查科室之日期為準。 ／ 第十五點：接受基地應自基地境界線（不含經指定為建築線之基地線）至少退縮淨寬三公尺後建築。前項三公尺退縮地除下列設施外，應予淨空，不得設置任何構造物：（一）地下或地面層停車場出入車道。（二）設置於建築物第二、三樓層、與鄰地連接並供開放公眾通行之人工地盤或架空走廊，並經都設會審議通過者。（三）依建築基地圍牆設置原則及細部計畫規定設置圍牆。（四）高度一點二公尺以下不計入建築面積之構造設施，及距離地界二公尺以上之地下室進排風口。（五）深度五十公分以內之雨遮。（六）其他經都設會或臺中市政府建造執照預審委員會審議通過之設施。第一項三公尺退縮地與建築退縮地重疊者，應以建築退縮地之規定為主。設置第二項第三款之圍牆者，應自圍牆投影線後再退縮三公尺建築。 ／ 第十六點：申請容積移轉案件應由接受基地所有權人或公有土地地上權人填具申請書，並檢附下列文件乙式二份提出：（一）送出基地所有權人及權利關係人同意書。（二）接受基地所有權人委託書。（三）本府都市計畫容積移轉審查許可計算表。（四）送出基地所有權人及接受基地所有權人身份證明文件影本。（五）送出基地及接受基地之地籍圖謄本、土地登記謄本、現場照片、都市計畫位置圖、鑑界成果圖。（六）送出基地及接受基地之土地使用分區證明書。（七）接受基地之建築線指示（定）圖(或免指示建築線圖位置標示)。（八）外部性服務設施及景觀提升計畫書(依本要點第九點規定應檢附者)。（九）送出基地測量現況成果圖與地籍套繪圖（應經執業測量技師簽證，並應檢附輸出圖面及電腦檔案）。都發局得就爭議或抽查案件，通知申請人與測量單位配合辦理現場勘查。（十）送出基地之土地改良物如符合相關規定得予現況保留，應檢附送出基地目的事業主管機關之同意文件。（十一）其他證明文件。採容積代金辦理者，免檢附前項送出基地相關文件。 ／ 第十八點：接受基地可移入容積量與其臨接已開闢道路寬度之規定如下：（一）整體開發地區：八公尺以上未滿十二公尺之道路，可移入容積量為基準容積之百分之十；十二公尺以上未滿十五公尺之道路，可移入容積量為基準容積之百分之二十；十五公尺以上之道路，可移入容積量為基準容積之百分之四十。（二）整體開發以外地區：八公尺以上未滿十二公尺之道路，可移入容積量為基準容積之百分之十；十二公尺以上未滿十五公尺之道路，可移入容積量為基準容積之百分之十五；十五公尺以上未滿二十公尺之道路，可移入容積量為基準容積之百分之二十；二十公尺以上之道路，可移入容積量為基準容積之百分之三十。前項接受基地臨接已開闢道路寬度認定，應檢附道路主管機關函文或依前點規定標示現況道路寬度之測量成果圖。接受基地臨接第一項道路，應連續臨接長度達二十五公尺或達基地周長之六分之一。接受基地依臺中市都市計畫住宅區變更為商業區回饋要點辦理者，於本要點修正發布二年後，可移入容積數量，加計都市更新條例、都市計畫法或其他法規規定給予之獎勵容積總量，不得超過基準容積之一點四倍。 ／ 第十九點：經本府審查合格所核發之容積移轉確認函，其有效期間為自發文日起三個月，申請人應於有效期間內辦畢本辦法第十七條規定之各款事項，並檢附相關資料申請核發容積移轉許可函。逾期之容積移轉確認函失效。須經都設會審查以確認容積移轉數量者，其容積移轉確認函之有效期間延長為六個月，必要時得申請展延一次，展延期間不得超過六個月。
LR13,local_rule,都市計畫法臺中市施行自治條例,臺中市政府,民國115年05月26日修正,https://law.taichung.gov.tw/LawContent.aspx?id=GL002020,政策事件,都市計畫法臺中市施行自治條例,verified,2026-09-29,都市計畫變更與使用分區：RQ2 計畫變更事件,古蹟|歷史建築|文化資產|紀念建築|聚落|容積|獎勵|更新單元|劃定|拆除|危險|窳陋|老舊|閒置|火|災|公益|審議|權利變換,第五條：都市計畫擬定、變更案件應於本法第十九條規定之公開展覽期間內辦理說明會，並於公開展覽期滿三十日內提請臺中市都市計畫委員會（以下簡稱都委會）審議。 ／ 第七條：依本法第十九條提出書面意見者，應於都委會審議完竣前送達本府。 ／ 第十二條：土地權利關係人依本法第二十五條規定向內政部請求處理者，應同時將副本連同附件送達本府，本府自收到副本之日起十五日內將拒絕理由及有關文件送內政部審議。審議經決議土地權利關係人有理由者，本府應自收到內政部通知之日起三十日內提請都委會予以審議，並將審議結果函送內政部及通知土地權利關係人。如經審議決定受理者，應依本法第十九條至第二十一條、第二十三條及第二十八條之規定辦理。 ／ 第十七條：都市計畫地區內土地得視實際發展情形，劃定下列各種使用分區，分別限制其使用：一、住宅區。二、商業區。三、工業區：（一）特種工業區。（二）甲種工業區。（三）乙種工業區。（四）零星工業區。四、行政區。五、文教區。六、體育運動區。七、風景區。八、保存區。九、保護區。十、農業區。十一、其他使用分區。前項使用分區外，必要時得劃定特定專用區。各使用分區限制使用之規定有疑義時，由各該目的事業主管機關認定之。 ／ 第十八條：住宅區為保護居住環境而劃定，除本自治條例另有規定者外，不得為下列建築物及土地之使用：一、第二十一條規定限制之建築物及土地之使用。二、使用電力及氣體燃料（使用動力不包括空氣調節、抽水機及其附屬設備）超過六匹馬力，電熱超過六十瓩（附屬設備與電熱不得流用於作業動力）、作業廠房樓地板面積合計超過一百五十平方公尺或其地下層無自然通風口（開窗面積未達廠房面積七分之一）者。三、經營下列事業：（一）使用乙炔從事焊切等金屬之工作者。（二）噴漆作業者。（三）使用動力以從事金屬之乾磨者。（四）使用動力以從事軟木、硬橡皮或合成樹脂之碾碎或乾磨者。（五）從事搓繩、製袋、碾米、製針、印刷等使用動力超過零點七五瓩者。（六）彈棉作業者。（七）醬、醬油或其他調味品之製造者。（八）沖壓金屬板加工或金屬網之製造者。（九）鍛冶或翻砂者。（十）汽車或機車修理業者。但設置地點面臨十二公尺以上道路，且未從事汽車板金及塗裝者，不在此限。（十一）液化石油氣之分裝、儲存、販賣及礦油之儲存、販賣者。但僅供辦公室、聯絡處所使用，不作為經營實際商品之交易、儲存或展示貨品者，不在此限。（十二）塑膠類之製造者。（十三）土石方資源堆置處理。（十四）成人用品零售業。四、汽車拖吊場、客貨運行業、裝卸貨物場所、棧房及調度站。但僅供辦公室、聯絡處所使用者或計程車客運業、小客車租賃業之停車庫、運輸業停車場、客運停車站及貨運寄貨站設置地點面臨十二公尺以上道路者，不在此限。五、加油（氣）站、客貨運業停車場附設加儲油或加儲氣設施。六、探礦、採礦。七、各種廢料或建築材料之堆棧或堆置場、廢棄物資源回收貯存及處理場所。但僅供辦公室、聯絡處所使用者或資源回收站者，不在此限。八、殯儀館、殯葬服務業（殯葬設施經營業、殯葬禮儀服務業）、壽具店。但僅供辦公室、聯絡處所使用，不作為經營實際商品之交易、儲存或展示貨品者，不在此限。九、毒性化學物質、爆竹煙火之販賣及貯存者。但農業資材、農藥或環境用藥販售業經本府實地勘查認為符合安全隔離者，不在此限。十、戲院、電影片（映演、拍攝）業、視聽歌唱場、錄影帶節目播映業、電子遊戲場、遊樂場、動物園、機械式遊樂場、歌廳、保齡球館、高爾夫球場、汽車駕駛訓練場、攤販集中場、零售市場及旅館。但汽車駕駛訓練場及旅館經目的事業主管機關核准者，不在此限。十一、舞廳（場）、酒家、酒吧（廊）、飲酒店業、夜店業、特種咖啡茶室、三溫暖、一般浴室、性交易場所或其他類似之營業場所。但經目的事業主管機關認定確有發展溫泉浴池使用，並訂定使用面積、使用條件及有關維護事項者，不在此限。十二、樓地板面積超過一千平方公尺之商場（店）或樓地板面積超過五百平方公尺之飲食店（以下簡稱大型商場（店）及飲食店）。十三、樓地板面積超過五百平方公尺之證券及期貨業。十四、樓地板面積超過一千平方公尺之金融業分支機構、票券業及信用卡公司。十五、人造或合成纖維或其中間物之製造者。十六、合成染料或其中間物、顏料或塗料之製造者。十七、從事以醱酵作業產製味精、氨基酸、檸檬酸或水產品加工製造者。十八、肥料製造者。十九、紡織染整工業。二十、拉線、拉管或用滾筒壓延金屬者。二十一、金屬表面處理業。二十二、資訊休閒業。二十三、室內溜冰場、室內球類運動場、室內機械遊樂場、室內兒童樂園、保健館、健身房、健身服務場所、室內操練場、撞球場、室內體育場所、少年服務機構（供休閒、育樂之服務設施）、室內高爾夫球練習場、釣蝦（魚）場、健身休閒中心、美容瘦身中心等健身休閒場所。 ／ 第二十一條：商業區為促進商業發展而劃定，不得為下列建築物及土地之使用：一、第二十三條至第二十五條規定限制之建築及使用。二、作業廠房之樓地板面積合計超過三百平方公尺者。三、經營下列事業：（一）製造爆竹或煙火類物品者。（二）使用乙炔，其熔接裝置容量在三十公升以上及壓縮氣或電力從事焊切金屬工作者。（三）賽璐珞或其他易燃性塑膠類之加熱、加工或使用鋸機加工者。（四）印刷油墨或繪圖用顏料製造者。（五）使用動力超過零點七五瓩之噴漆作業者。（六）使用氣體亞硫酸漂白物者。（七）骨炭或其他動物質炭之製造者。（八）毛羽類之洗滌洗染或漂白者。（九）碎布、紙屑、棉屑、絲屑、毛屑及其他同類物品之消毒、揀選、洗滌或漂白者。（十）使用動力合計超過零點七五瓩從事彈棉、翻棉、起毛或製氈者。（十一）使用動力合計超過三點七五瓩從事削切木作者。（十二）使用動力鋸割或乾磨骨、角、牙或蹄者。（十三）使用動力合計超過二點二五瓩從事研磨機乾磨金屬者。（十四）使用動力合計超過三點七五瓩從事碾碎礦物、岩石、土砂、硫磺、金屬玻璃、磚瓦、陶瓷器、骨類或貝殼類者。（十五）煤餅、機製煤餅或木炭之製造者。（十六）使用熔爐鎔鑄之金屬加工者。但印刷所之鉛字鑄造，不在此限。（十七）使用動力超過三點七五瓩從事磚瓦、陶瓷器、人造磨石、坩鍋、搪瓷器之製造或使用動力之水泥加工者。（十八）玻璃或機製毛玻璃製造者。（十九）使用機器錘之鍛冶者。四、殯葬設施、動物屍體焚化場。但單獨設置禮廳及靈堂者，不在此限。五、廢棄物貯存、處理、轉運場、屠宰場。但廢棄物貯存場經目的事業主管機關核准者，不在此限。六、公共危險物品、高壓氣體及毒性化學物質分裝、儲存。但加油（氣）站附設之地下油（氣）槽，不在此限。七、馬廄、牛、羊、豬及家禽等畜禽舍。八、乳品工廠、堆肥舍。九、土石方資源堆置場。十、賽車場。十一、環境用藥微生物製劑製造業、釀（製）酒業。 ／ 第二十三條：乙種工業區以供公害輕微之工廠及其必要附屬設施、工業發展有關設施、公共服務設施及公用事業設施為限，並不得為下列建築物及土地之使用：一、第二十六條規定限制之建築及使用。二、經營下列事業之工業：（一）火藥類、雷管類、氯酸鹽類、過氯酸鹽類、亞氯酸鹽類、次氯酸鹽類、硝酸鹽類、黃磷、赤磷、硫化磷、金屬鉀、金屬鈉、金屬鎂、過氧化氫、過氧化鉀、過氧化鈉、過氧化鋇、過氧化丁酮、過氧化二苯甲醯、二硫化碳、甲醇、乙醇、乙醚、苦味酸、苦味酸鹽類、醋酸鹽類、過醋酸鹽類、硝化纖維、苯、甲苯、二甲苯、硝基苯、三硝基苯、三硝基甲苯、松節油之製造者。（二）火柴、賽璐珞及其他硝化纖維製品之製造者。（三）使用溶劑製造橡膠物品或芳香油者。（四）使用溶劑或乾燥油製造充皮紙布或防水紙布者。（五）煤氣或炭製造者。（六）壓縮瓦斯或液化石油氣之製造者。（七）高壓氣體之製造、儲存者。但氧、氮、氬、氦、二氧化碳之製造與高壓氣體之混合、分裝及倉儲行為，經目的事業主管機關核准者，不在此限。（八）氯、溴、碘、硫磺、氯化硫、氟氫酸、鹽酸、硝酸、硫酸、磷酸、氫氧化鈉、氫氧化鉀、氨水、碳酸鉀、碳酸鈉、純碱、漂白粉、亞硝酸鉍、亞硫酸鹽類、硫化硫酸鹽類、鉀化合物、汞化合物、鉛化合物、銅化合物、鋇化合物、氰化合物、三氯甲烷、四氯化碳、甲醛、丙酮、縮水乙碸、魚骸脂磺、酸銨、石碳酸、安息香酸、鞣酸、乙醯苯銨（胺）、合成防腐劑、農藥之調配加工分裝、農藥工業級原體之合成殺菌劑、滅鼠劑、環境衛生用藥、醋硫酸鉀、磷甲基酚、炭精棒及其他毒性化學物質之製造者。但生物農藥、生物製劑及微生物製劑等以生物為主體之發酵產物之製造者，不在此限。（九）油、脂或油脂之製造者。但食用油或脂之製造者及其他油、脂或油脂以摻配、攪拌、混合等製程之製造者，不在此限。（十）屠宰場。（十一）硫化油膠或可塑劑之製造者。（十二）製紙漿及造紙者。（十三）製革、製膠、毛皮或骨之精製者。（十四）瀝青之精煉者。（十五）以液化瀝青、煤柏油、木焦油、石油蒸餾產物之殘渣為原料之物品製造者。（十六）電氣用炭素之製造者。（十七）水泥、石膏、消石灰或電石之製造者。（十八）石棉採礦或以石棉為主要原料之加工業。（十九）鎳、鎘、鉛汞電池製造工業。但鎳氫、鋰氫電池之製造工業，不在此限。（二十）銅、鐵類之煉製者。（二十一）放射性工業（放射性元素分裝、製造、處理）、原子能工業。（二十二）以原油為原料之煉製工業。（二十三）石油化學基本原料之製造工業，包括乙烯、丙烯、丁烯、丁二烯、芳香烴等基本原料之製造工業。（二十四）以石油化學基本原料，產製中間原料或產品之工業。（二十五）以煤為原料煉製焦炭之工業。（二十六）經由聚合反應製造樹脂、塑膠、橡膠產品之工業。但無聚合反應者，不在此限。三、供前款第一目、第二目、第六目及第七目規定之物品、可燃性瓦斯或電石處理者。 ／ 第二十四條：前條所稱工廠必要附屬設施、工業發展有關設施，指下列設施：一、工廠必要附屬設施：（一）研發、推廣、教育解說、實作體驗及服務辦公室（所）。（二）倉庫、生產實驗室、訓練房舍及環境保護設施。（三）員工單身宿舍及員工餐廳。（四）其他經本府經濟發展局（以下簡稱經發局）核准與從事製造、加工或修理業務工廠有關產品或原料之買賣、進出口業務或其他必要之附屬設施。二、工業發展有關設施：（一）有線、無線及衛星廣播電視事業。（二）環境檢驗測定業。（三）消毒服務業。（四）樓地板總面積超過三百平方公尺之大型洗衣業。（五）廢棄物回收、貯存、分類、轉運場及其附屬設施。（六）營造業之施工機具及材料儲放設施。（七）倉儲業相關設施（賣場除外）。（八）冷凍空調工程業。（九）機械設備租賃業。（十）工業產品展示服務業。（十一）剪接錄音工作室。（十二）電影、電視設置及發行業。（十三）公共危險物品、液化石油氣及其他可燃性高壓氣體之容器儲存設施。（十四）汽車運輸業停車場及其附屬設施。（十五）機車、汽車及機械修理業（含汽車、機車定期檢驗及代檢設施）及其附屬設施。（十六）提供產業創意、研究發展、設計、檢驗、測試、品質管理、流程改善、製程改善、自動化、電子化、資源再利用、污染防治、環境保護、清潔生產、能源管理、創業管理等專門技術服務之技術服務業。（十七）經核定之企業營運總部及其相關設施。（十八）經經發局核准之職業訓練、創業輔導、景觀維護及其他工業發展有關設施。 ／ 第二十六條：甲種工業區以供輕工業及無公共危險之重工業為主，不得為下列建築物及土地之使用。但第二十四條及前條第一項之各款設施，不在此限：一、煉油工業：以原油為原料之製造工業。二、放射性工業：包含放射性元素分裝、製造及處理工業。三、易爆物製造儲存業：包括炸藥、爆竹、硝化棉、硝化甘油及其他爆炸性類工業。四、液化石油氣製造分裝業。甲種工業區內設置第二十四條及前條第一項之各款設施者，其使用應符合前條第二項至第四項之規定。 ／ 第二十八條：零星工業區應以下列設施為限：一、合法登記、無污染性，具有相當規模且遷廠不易之工廠。二、前款附屬之辦公室、展售設施、倉庫、生產實驗室、訓練房舍、環境保護設施、單身員工宿舍、員工餐廳及其他經本府核准之必要附屬設施。三、汽車運輸業停車場、客貨運站、機車、汽車及機械修理業與儲配運輸物流業及其附屬設施等。但其使用土地總面積不得超過該零星工業區土地總面積之百分之四十。前項無污染性之工廠，指工廠排放之廢水、廢氣、噪音及其他公害均符合有關管制標準規定，且其使用不包括下列危險性之工業：一、煤氣及易燃性液體製造業。二、劇毒性工業：包括農藥、劇毒性殺蟲劑、滅鼠劑製造業。三、放射性工業：包括放射性元素分裝、製造、處理工業及原子能工業。四、易爆物製造儲存業：包括炸藥、爆竹、硝化棉、硝化甘油及其他爆炸性類工業。五、重化學品製造、調和、包裝業。 ／ 第二十九條：依產業創新條例、原獎勵投資條例或促進產業升級條例規定編定開發之工業區內建築物及土地之使用，得依其有關法令規定辦理，不受第二十三條至第二十七條之限制。 ／ 第三十條：行政區以供政府機關、自治團體、人民團體、紀念性建築物及其他公益上需要之建築物使用為限。 ／ 第三十三條：風景區為保育及開發自然風景而劃定，以供下列之使用為限：一、住宅。二、宗祠及宗教建築。三、招待所。四、旅館。五、飲食店。六、俱樂部。七、遊樂設施。八、農業及農業建築。九、紀念性建築物。十、戶外球類運動場、運動訓練設施。十一、溫泉井及溫泉儲槽。但土地使用面積合計不得超過三十平方公尺。前項使用之建築物，其結構、造型、色彩、位置應無礙於景觀；本府核准其使用前，應會同有關機關審查通過。前項審查作業規定、管理維護及開發義務，於細部計畫訂定。 ／ 第三十四條：保存區供下列之使用：一、名勝古蹟。二、具有歷史、文化、紀念性、藝術或科學價值之建築物及其環境景觀。三、其他經本府認定之特殊景觀。 ／ 第三十五條：保護區為國土保安、水土保持、維護天然資源與保護生態環境，經本府核准得供下列之使用：一、國防所需之各種設施。二、警衛、保安、保防、消防設施。三、臨時性遊憩及露營所需之設施。四、公用事業、社會福利事業所必需之設施。五、水質淨化處理設施及其附屬設施。六、造林及水土保持設施。七、為保護區內地形、地物所為之工程。八、汽車運輸業所需之停車場、客貨運站及其必需之附屬設施。九、中華民國九十四年七月一日溫泉法施行前，已開發使用之溫泉井及溫泉儲槽。但土地使用面積合計不得超過十平方公尺。十、休閒農業設施。十一、自然保育設施。十二、綠能設施。十三、農村再生相關設施。保護區內原有合法建築物拆除後之新建、改建、增建，除寺廟、教堂、宗祠於都市計畫書規定外，應符合下列規定：一、建造後之簷高不得超過十點五公尺並以三層為限，建蔽率最高以百分之六十為限。二、建築物最大基層面積不得超過一百六十五平方公尺，建築總樓地板面積不得超過四百九十五平方公尺。三、土地及建築物除供居住使用及建築物之第一層得作小型商店及飲食店外，不得違反保護區有關土地使用分區之規定。都市計畫發布實施前，原有依法實際供農作、養殖、畜牧生產且未停止其使用者，得準用農業區相關規定及條件，申請建築農舍及農業產銷必要設施。但依規定辦理休耕、休養、停養或有不可抗力等事由，而未實際供農作、養殖、畜牧等使用者，視為未停止其使用。第一項第一款至第九款設施之申請，本府於辦理審查時，應依據地方實際情況，對於其使用面積、使用條件及有關管理維護事項作必要之規定；第一項第十款至第十三款設施之項目及其設置需求由目的事業主管機關依所定相關法令規定認定辦理，且不得擅自變更使用。本自治條例中華民國一百零九年十二月四日修正施行前已於保護區為下列使用者，仍得依相關法令規定為原來合法之使用：一、採礦之必要附屬設施：電力設備、輸送設備及交通運輸設施。二、土石方資源堆置處理場。三、廢棄物資源回收、貯存場及其附屬設施。四、危險物品及高壓氣體儲藏、分裝等。 ／ 第三十六條：保護區內之土地，禁止下列行為。但第一款至第五款之行為，為前條第一項所列各款設施所必需，並經有關主管機關核准者，不在此限：一、砍伐竹木。但經中央目的事業主管機關或本府核准之間伐，不在此限。二、破壞地形或改變地貌。三、破壞或污染水源、堵塞泉源或改變水路及填埋池塘、沼澤。四、採取土石。但經中央目的事業主管機關或本府核准者，不在此限。五、焚毀竹、木、花、草。六、毀損名勝、古蹟及史蹟。 ／ 第三十七條：農業區為保持農業生產而劃定，除保持農業生產及本自治條例另有規定者外，僅得申請下列使用：一、建築農舍。二、農業產銷必要設施。三、休閒農業設施。四、自然保育設施。五、綠能設施。六、農村再生相關公共設施。申請建築農舍應符合下列規定：一、興建農舍之申請人應符合農業用地興建農舍辦法規定。二、高度不得超過四層或十四公尺，建築面積不得超過申請建築農舍之該宗農業用地面積百分之十，建築總樓地板面積不得超過六百六十平方公尺，與都市計畫道路境界線之距離，除合法農舍申請立體增建外，不得小於八公尺。三、農業用地已申請建築者（百分之十農舍面積及百分之九十之農業用地），經臺中市政府都市發展局（以下簡稱都發局）於地籍套繪圖上著色標示者，不論該百分之九十農業用地是否分割，均不得再行申請建築農舍。四、農舍不得擅自變更使用。第一項所定農業產銷必要設施、休閒農業設施、自然保育設施、綠能設施及農村再生相關公共設施之項目及其設置需求由臺中市政府農業局認定，並依農業發展條例、申請農業用地作農業設施容許使用審查辦法及其相關法令規定辦理，且不得擅自變更使用；農業產銷必要設施之建蔽率不得超過百分之六十、休閒農業設施之建蔽率不得超過百分之二十、自然保育設施之建蔽率不得超過百分之四十。農業產銷必要設施，不得供居住、工廠及其他非農業產銷使用。但經核准工廠登記之農業產銷必要設施，不在此限。農舍、農業產銷必要設施、休閒農業設施及自然保育設施，其建蔽率應合併計算，不得超過百分之六十。 ／ 第四十條：農業區土地在都市計畫發布前已為建地目、編定為可供興建住宅使用之建築用地或已建築供居住使用之合法建築物基地者，其建築物及使用，應依下列規定辦理：一、建築物簷高不得超過十四公尺，並以四層為限，建蔽率不得超過百分之六十，容積率不得超過百分之一百八十。二、土地及建築物除作居住使用及建築物之第一層得作樓地板面積五百平方公尺以下之商店、樓地板面積三百平方公尺以下之飲食店、農藥或農業機械設備之零售與簡易維修外，不得違反第三十八條及第三十九條之規定。三、原有建築物超過第一款規定者，僅得就地修建。改建、增建或拆除後新建者，應依第一款之規定。 ／ 第四十一條：電信專用區為促進電信事業之發展而劃定，得為下列之使用：一、經營電信事業所需設施：（一）機房、營業廳、辦公室、料場、倉庫、天線場、展示中心、線路中心及動力室（電力室）。（二）衛星電臺、自立式天線基地、海纜登陸區、基地臺、電信轉播站、移動式拖車機房及其他必要設施。二、電信必要附屬設施：（一）研發、實驗、推廣、檢驗及營運辦公室。（二）教學、訓練、實習房舍（場所）及學員宿舍。（三）員工托育中心、員工幼兒園、員工課輔班、員工餐廳、員工福利社、員工招待所及員工醫務所（室）。（四）其他經本府核准之必要設施。三、與電信運用發展有關設施：（一）網路加值服務業。（二）有線、無線及電腦資訊業。（三）資料處理服務業。四、與電信業務經營有關設施：（一）電子資訊供應服務業。（二）電信器材零售業。（三）電信工程業。（四）金融業派駐機構。五、商業、辦公設施：包括金融保險業、一般批發業、一般零售業、運動服務業、餐飲業、一般商業辦公大樓。前項第五款之設施，以都市計畫書載明者為限，其使用之總樓地板面積，不得超過該電信專用區總樓地板面積之二分之一。 ／ 第四十三條：各使用分區之建蔽率除本自治條例另有規定者外，不得超過下列規定：一、住宅區：百分之六十。二、商業區：百分之八十。三、工業區：百分之七十。四、行政區：百分之六十。五、文教區：百分之六十。六、體育運動區：百分之六十。七、風景區：百分之二十。八、保護區：百分之十。九、農業區：百分之十。十、保存區：百分之六十。但古蹟保存區內原有建築物已超過者，不在此限。十一、車站專用區：百分之七十。十二、加油（氣）站專用區：百分之四十。十三、郵政、電信、變電所專用區：百分之六十。十四、港埠專用區：百分之七十。十五、醫療專用區：百分之六十。十六、露營區：百分之五。十七、青年活動中心區：百分之二十。十八、旅館區：百分之六十。十九、倉庫區：百分之七十。二十、漁業專用區、農會專用區：百分之六十。二十一、再生能源相關設施專用區：百分之七十。二十二、其他使用分區：依都市計畫書規定。前項各使用分區之建蔽率，都市計畫書有較嚴格之規定者，從其規定。 ／ 第四十五條：為使土地合理使用，應依下列規定，於都市計畫書內訂定容積管制規定：一、住宅區及商業區，應依計畫容納人口、居住密度、每人平均居住樓地板面積及公共設施服務水準，訂定平均容積率，並依其計畫特性、區位、面臨道路寬度、鄰近公共設施之配置情形、地形地質、發展現況及限制，分別訂定不同之容積率管制。二、其他使用分區，應視實際發展情形需要及公共設施服務水準訂定。三、實施容積率管制前，符合使用分區之合法建築物，改建時其容積規定與建築物管理事宜，應視實際發展情形需要及公共設施服務水準而訂定。 ／ 第四十六條：各使用分區之容積率，依都市計畫書中所載規定；未載明者，其容積率（以下簡稱法定容積率）不得超過附表一之規定。 ／ 第四十七條：各土地使用分區除依本法第八十三條之一、文化資產保存法第四十一條及第五十條、水利法第八十二條規定可移入容積、增額容積及因大眾捷運系統與地下街設施移設或連通增加之容積外，於法定容積增加建築容積後，不得超過下列規定：一、依都市更新法規實施都市更新事業之地區：建築基地一點五倍之法定容積或各該建築基地零點三倍之法定容積再加其原建築容積。二、前款以外之地區：建築基地一點二倍之法定容積。前項所稱增額容積，指都市計畫擬定機關為引導都市朝向大眾運輸導向發展或配合公共建設計畫之財務需要，於變更都市計畫之指定範圍內增加之容積。已核發之建造執照，除發給使用執照或依法註銷其申請案外，符合下列情形之一，不受第一項規定之限制：一、中華民國一百零四年七月一日前已核發之建造執照，以原核准基地範圍及不增加原核准總容積樓地板面積申請變更設計者。二、相毗鄰之基地申請合併變更設計，應經本府都市設計審議委員會就本府訂定之都市設計審議規範所定事項審議通過者。但不得超過原核准容積獎勵值上限。 ／ 第四十七條：之一依都市危險及老舊建築物加速重建條例實施重建，且同時取得耐震標章或通過新建住宅性能評估結構安全性能，其建蔽率及建築物高度比得酌予放寬。依前項規定實施重建者，應與本府簽訂協議書，並於期限內完成下列事項：一、於領得使用執照前，依都市危險及老舊建築物建築容積獎勵辦法規定繳納保證金。二、於領得使用執照之日起二年內取得耐震標章或通過新建住宅性能評估結構安全性能評估。三、於領得標章或通過評估之日起三個月內報本府備查。依前項第三款規定取得標章或通過評估且報本府備查者，保證金無息退還；未依限取得標章、通過評估或報備查者，保證金不予退還。第一項建蔽率之放寬，以住宅區之基地為限，且不得超過原建蔽率。第一項高度比，係指建築物各部分高度與自各該部分起，量至臨接道路對側道路境界線之最小水平距離。其放寬以該建築基地面臨八公尺以上之計畫道路為限，且該高度比放寬後其比例不得超過二。 ／ 第四十八條：本府擬定或變更都市計畫，得於各都市計畫書內訂定增設供公眾使用停車空間及設置開放空間獎勵容積之規定。建築物增設供公眾使用停車空間及設置開放空間，其回饋方式及管理維護實施事項於都市計畫書規定。建築物因與大眾捷運系統或地下街移設或連通而減少之法定停車空間免予補足，其增建部分免予檢討。 ／ 第四十八條：之一私有土地屬都市更新地區以外之建築物提供六百平方公尺以上容積樓地板面積作社會住宅、幼兒園、社區關懷據點、里民活動中心、長期照顧服務機構，或一百平方公尺以上、三百五十平方公尺以下之托嬰中心使用者（含相對應容積樓地板土地持分），其集中留設，並經本府各該主管機關同意設置接管，且將所有權移轉予本市者，得免計容積。前項設施經都委會審議同意者，依其實際設置容積樓地板面積酌予獎勵，並以一倍為上限，該獎勵容積不受第四十七條第一項容積上限之限制。但不得超過法定容積之一點五倍。第一項提供幼兒園、社區關懷據點、里民活動中心、長期照顧服務機構或托嬰中心使用者，應符合相關設施設備標準規定，且應設有獨立出入口或多戶共用獨立出入口。 ／ 第四十八條：之二以公有土地為建築基地之全部供作社會住宅及其必要附屬設施使用者，該建築基地得增加建築容積至一點五倍法定容積。經都市計畫變更程序者，得再酌予提高。但不得超過法定容積之二倍。公營事業機構所有土地供作社會住宅及其必要附屬設施使用者，準用前項規定。以公有土地為建築基地之建築物提供六百平方公尺以上容積樓地板面積作社會住宅（含相對應容積樓地板土地持分）及其必要附屬設施使用且集中留設者，準用前條第一項及第二項規定。行政法人或機關興辦社會住宅及必要附屬設施之土地，準用第一項規定辦理。依第一項、第二項或前項增加建築容積者，不適用相關容積獎勵及容積移轉規定。 ／ 第四十八條：之三依原獎勵投資條例、原促進產業升級條例或產業創新條例編定，由經濟部或本府管轄之工業區、產業園區，或依科學園區設置管理條例設置之科學園區，法定容積率為百分之二百四十以下，且從事產業創新條例相關規定所指之產業用地(一)之各行業或科學園區設置管理條例所稱之科學事業者，其擴大投資或產業升級轉型之興辦事業計畫經工業主管機關或科技主管機關同意，平均每公頃新增投資金額(不含土地價款)超過新臺幣四億五千萬元者，平均每公頃再增加投資新臺幣一千萬元，得獎勵法定容積百分之一，上限為法定容積百分之十五。前項經工業主管機關或科技主管機關同意之擴大投資或產業升級轉型之興辦事業計畫為提升能源使用效率及設置再生能源發電設備，於取得前項獎勵容積後，並符合下列各款規定之一者，得再增加獎勵容積：一、設置能源管理系統：法定容積百分之二。二、設置太陽光電發電設備於廠房屋頂，且水平投影面積占屋頂可設置區域範圍百分之五十以上：法定容積百分之三。第一項擴大投資或產業升級轉型之興辦事業計畫，得依下列規定申請獎勵容積，上限為法定容積百分之三十：一、捐贈建築物部分樓地板面積，集中留設作產業空間使用者(含相對應容積樓地板土地持分)，並經工業主管機關、科技主管機關或目的事業主管機關核准及同意接管者，得免計入容積，依其捐贈容積樓地板面積給予獎勵容積，並以一倍為上限，且應面臨基地周邊最寬之道路，並應有獨立之出入口。二、依目的事業主管機關法規規定繳納回饋金。依前三項增加之獎勵容積，加計本法第八十三條之一規定可移入容積，不得超過法定容積之一點五倍，不受第四十七條第一項限制。申請第二項第二款所定獎勵容積者，其太陽光電發電設備應於取得使用執照前完成設置。申請第三項所定獎勵容積者，應於取得第一項獎勵容積後始得為之。第一項至第三項獎勵容積之審核，由各該工業主管機關、科技主管機關或產業園區主管機關為之。第一項以外之都市計畫工業區或使用性質相近似之產業專用區，法定容積率為百分之二百四十以下，並經經發局公告認定符合已開闢基本公共設施及具計畫管理者，以其興辦事業計畫供工業或產業及其必要附屬設施使用為限，本府得獎勵容積，該獎勵容積之審核機關為經發局，其獎勵項目、要件、額度及上限，準用第一項、第二項、第三項第一款、第四項及第五項規定。 ／ 第四十九條：擬定細部計畫時，應於都市計畫書中訂定使用分區管制事項；並得就該地區環境之需要訂定都市設計相關事項。前項使用分區管制事項，應包括區內土地及建築物之使用、最小建築基地面積、基地內應保持空地之比率、容積率、綠覆率、透水率、排水逕流平衡、基地內前後側院深度及寬度、建築物附設停車空間、建築物高度與有關交通、景觀、防災及其他管制事項，並依本法第二十三條規定之程序報經核定施行。本府為審查都市設計、公共開放空間配置及管理維護，得組成審議會，並得酌收審查費用，其都市設計審議、收費標準，由本府另定之。第一項使用分區管制事項規定土地及建築物之使用，得視各都市計畫實際發展需要，訂定較本自治條例嚴格之規定。 ／ 第五十條：建築物下列設置，經本府核准者，其法定空地、容積樓地板面積、建築面積及建築物高度計算方式如下：一、建築基地以人工地盤、架空走廊或地下通道連接供公眾使用之通路或場所並提供公眾通行者，得計入法定空地。但該部分不得超過基地面積百分之二十，且實設建蔽率合計不得超過基地面積百分之八十；並得不計入容積樓地板面積。二、依臺中市建築物設置太陽光電發電設備辦法所設置之設備及其他綠能設備所需空間，及本市宜居建築所設置之垂直綠化設施、複層式露臺、雙層遮陽牆體、植生牆體及造型遮陽牆版等設施，得不計入容積樓地板面積、建築面積及建築物高度。三、機車或自行車停車位集中增設二十輛以上者，得以每輛四平方公尺核計免計入容積樓地板面積。前項第二款之垂直綠化設施，其免計容積部分不得超過法定容積率百分之十。第一項第二款本市宜居建築設置相關設施時，應繳交回饋金。第一項第二款及前項本市宜居建築相關設施之設置、回饋金及其他應遵行事項之辦法，由都發局另定之。 ／ 第五十條：之一建築基地屬應經都市設計審議或建造執照預審會議通過者，其建築物屋頂應有三分之一面積以上之綠化或綠能設施（備）。但情況特殊並經都市設計審議或建造執照預審會議審議通過者，不在此限。前項綠化或綠能設施(備)如下：一、屋頂綠化：於屋頂結構鋪設額外生長介質以種植植物，創造綠空間者。二、太陽光電設備：指依設置再生能源設施免請領雜項執照標準之規定，設置於建築物屋頂之太陽光電發電設備。 ／ 第五十一條：公共設施用地建蔽率、容積率，依都市計畫書中所載規定；未載明者，不得超過附表二之規定。 ／ 第五十三條：住宅區、風景區、保護區或農業區內之合法建築物，有下列情形之ㄧ，經本府核准者，得按其原建蔽率、容積率、建築物高度或總樓地板面積，於原都市計畫住宅區、風景區、保護區或農業區之自有土地，辦理重建：一、依行政院核定之相關公共工程拆遷處理規定遷建者。二、因地震毀損經全部拆除而無法於原地重建者。位於九二一震災地區車籠埔斷層線二側各十五公尺建築管制範圍內之建築用地，於震災前已有合法建築物全倒或已自行拆除者，經本府核准，得依前項規定辦理重建。 ／ 第五十四條：合法建築物因政府興辦公共設施拆除後賸餘部分就地整建，經本府核准，其基地因面積、寬度、深度或地形高差等情形而不符建蔽率、容積率、前後院之退縮規定及停車空間之留設時，得不受本自治條例之限制。 ／ 第五十五條：高氯離子鋼筋混凝土建築物經報本府核准拆除重建，得依原規定容積率或原總樓地板面積重建。原未訂定容積率者，得依重建時容積率重建，並酌予提高。但最高以不超過其原規定容積率、重建時容積率或總樓地板面積之百分之三十為限。放射性污染建築物拆除後重建，依放射性污染建築物事件防範及處理辦法規定辦理。
LR14,local_rule,臺中市政府都市更新及爭議處理審議會設置要點,臺中市政府,已廢止（民國109年01月13日）；民國100年01月26日發布,https://law.taichung.gov.tw/LawContent.aspx?id=GL000162,政策事件,臺中市政府都市更新及爭議處理審議會設置要點,verified,2026-09-29,2011–2020 年間都更審議的組織依據,古蹟|歷史建築|文化資產|紀念建築|聚落|容積|獎勵|更新單元|劃定|拆除|危險|窳陋|老舊|閒置|火|災|公益|審議|權利變換,第一點：臺中市政府（以下簡稱本府）為落實都市更新條例第十六條及第三十二條有關審議都市更新事業計畫、權利變換計畫及處理有關爭議，特訂定本要點。 ／ 第二點：本府設都市更新及爭議處理審議會（以下簡稱審議會），辦理下列事項：（一）關於都市更新事業計畫擬定、變更之審議事項。（二）關於權利變換計畫擬定、變更之審議事項。（三）關於權利變換有關爭議之處理事項。（四）其他有關都市更新之交議及研究建議事項。 ／ 第三點：審議會置委員十七人至二十一人，其中一人為主任委員，由本府副市長擔任；二人為副主任委員，由本府秘書長及都市發展局(以下簡稱都發局)局長擔任；其餘委員，由本府分別就下列人員派(聘)之：（一）主管業務及有關機關之代表。（二）具有都市計畫、建築、景觀、社會、法律、交通、財經、土地開發、估價或地政等專門學識經驗之學者、專家。（三）熱心公益人士。前項委員出缺時，得予補派(聘)；補派(聘)委員之任期至原委員任期屆滿之日為止。依第一項第二款聘任之委員，不得少於委員總數二分之一。 ／ 第四點：審議會委員任期為一年，期滿得續派(聘)之。但代表機關出任者，應隨其本職進退。依第三點第一項第二款及第三款聘任之委員，每次改聘不得超過該二款委員人數二分之一。 ／ 第五點：審議會會議由主任委員召集之，並為會議主席；主任委員不克出席會議時，由副主任委員代理之，副主任委員亦不克出席時，由出席委員互推一人代理之。 ／ 第七點：審議會應於開會前三日將議事日程及有關資料送達各委員。但緊急性之臨時會議，不在此限。 ／ 第八點：審議會非有過半數以上委員之出席不得開會，並有出席委員過半數之同意始得決議，可否同數時，由主席裁決。委員應親自出席前項會議。但由機關代表兼任之委員，未能親自出席時，得指派代表出席，並通知審議會。前項指派之代表列入出席人數，並參與會議發言及表決。 ／ 第九點：審議會開會時，得邀請土地及建築物所有權人、權利關係人、管理機關、實施者或其委託之代表列席說明。 ／ 第十點：審議會開會時，有行政程序法第三十二條或第三十三條應迴避事由之委員應自行迴避。 ／ 第十一點：審議會為審議案件或處理有關爭議之需要，得推派委員或調派業務有關人員組成專案小組赴實地調查，並研擬意見，提供會議參考。前項專案小組，並得邀請其他專家或委員提供諮商。 ／ 第十二點：審議會委員及兼職人員均為無給職。但參與會議之專家學者，得依規定酌支給出席費。 ／ 第十三點：審議會所需之經費由本府都市發展局編列預算支應。 ／ 第十四點：審議會決議事項，以本府名義行之。
M01,method,Garwood exact Poisson confidence limits,Garwood F.,Biometrika 1936,https://doi.org/10.1093/biomet/28.3-4.437,前導,Fiducial Limits for the Poisson,verified,2026-09-28,各層級火災率的精確信賴區間,,
M02,method,"Permutation, Parametric and Bootstrap Tests of Hypotheses",Good P.,Springer 2005,https://doi.org/10.1007/b138696,RQ3,Permutation,verified,2026-09-28,置換檢定,,
M03,method,A Simple Sequentially Rejective Multiple Test Procedure（Holm 法）,Sture Holm,"Scandinavian Journal of Statistics 6(2):65–70, 1979",https://www.jstor.org/stable/4615733,前導,Sequentially Rejective,manual,2026-09-29,H1–H3 多重檢定校正；JSTOR 擋程式讀取，2026-09-29 以瀏覽器確認標題、卷期、頁碼,,
M04,method,Matching methods for causal inference,Stuart E. A.,Statistical Science 2010,https://doi.org/10.1214/09-STS313,對照組,Matching Methods,verified,2026-09-28,配對對照組的設計,,
M05,method,Difference-in-differences with multiple time periods,Callaway B.; Sant'Anna P.,Journal of Econometrics 2021,https://doi.org/10.1016/j.jeconom.2020.12.001,前導,Difference-in-Differences,verified,2026-09-28,火災時點不一的事件研究,,
M06,method,What's trending in difference-in-differences,Roth J. et al.,Journal of Econometrics 2023,https://doi.org/10.1016/j.jeconom.2023.03.008,前導,difference-in-differences,verified,2026-09-28,前趨勢檢查與穩健性,,
M07,method,Synthetic control methods for comparative case studies,Abadie A.; Diamond A.; Hainmueller J.,JASA 2010,https://doi.org/10.1198/jasa.2009.ap08746,停用,Synthetic Control,verified,2026-09-28,單一案例的替代比較法（穩健性）,,
M08,method,A practitioner's guide to cluster-robust inference,Cameron A. C.; Miller D. L.,Journal of Human Resources 2015,https://doi.org/10.3368/jhr.50.2.317,前導,Cluster-Robust,verified,2026-09-28,以古蹟點位為群集的標準誤,,
M09,method,Bootstrap-based improvements for inference with clustered errors,Cameron A. C.; Gelbach J.; Miller D. L.,Review of Economics and Statistics 2008,https://doi.org/10.1162/rest.90.3.414,前導,Bootstrap-Based,verified,2026-09-28,群集數少時的 wild cluster bootstrap,,
M10,method,Hedonic prices and implicit markets,Rosen S.,Journal of Political Economy 1974,https://doi.org/10.1086/260169,地價,Hedonic Prices,verified,2026-09-28,地價受區位與特徵影響的理論基礎,,
M11,method,Content Analysis: An Introduction to Its Methodology,Krippendorff K.,SAGE 2019 第4版,https://doi.org/10.4135/9781071878781,RQ1;RQ3,Content Analysis,verified,2026-09-28,「古蹟自燃」報導的內容分析與編碼信度,,
M12,method,Framing: Toward clarification of a fractured paradigm,Entman R. M.,Journal of Communication 1993,https://doi.org/10.1111/j.1460-2466.1993.tb01304.x,RQ1,Framing,verified,2026-09-28,「古蹟自燃」的框架分析,,
M13,method,Process-Tracing Methods,Beach D.; Pedersen R. B.,University of Michigan Press 2019 第2版,https://doi.org/10.3998/mpub.10072208,RQ2,Process-Tracing,verified,2026-09-28,個案比較：火災到開發的因果機制追蹤,,
M14,method,The Case-Crossover Design: A Method for Studying Transient Effects on the Risk of Acute Events,Maclure M.,American Journal of Epidemiology 1991,https://doi.org/10.1093/oxfordjournals.aje.a115853,RQ2;前導,Case-Crossover Design,verified,2026-09-29,RQ2 主分析：同一建物自我對照（火災前窗口 vs 同址其他時點），消除建物本身的混淆,,
M15,method,The case-crossover design for studying sudden events,Lewer D.; Petersen I.; Maclure M.,BMJ Medicine 2022,https://doi.org/10.1136/bmjmed-2022-000214,RQ2;前導,case-crossover design,verified,2026-09-29,對照時窗的選擇與時間變動混淆的處理；適用於車禍等非疾病的突發事件,,
M16,method,"Inference with ""Difference in Differences"" with a Small Number of Policy Changes",Conley T.; Taber C.,Review of Economics and Statistics 2011,https://doi.org/10.1162/rest_a_00049,前導,Small Number of Policy Changes,verified,2026-09-29,少數受處理單位時，用大量未受處理單位推出統計量分布（本研究的同區安慰劑置換即此精神）,,
M17,method,Inference in Differences-in-Differences with Few Treated Groups and Heteroskedasticity,Ferman B.; Pinto C.,Review of Economics and Statistics 2019,https://doi.org/10.1162/rest_a_00759,前導,Few Treated Groups,verified,2026-09-29,受處理單位少且各單位地號數不同（異質變異）時的推論修正；穩健性檢查,,
M18,method,Qualitative Comparative Analysis using Fuzzy Sets (fsQCA),Ragin C. C.,Configurational Comparative Methods (SAGE 2009),https://doi.org/10.4135/9781452226569.n5,停用,Qualitative Comparative Analysis,verified,2026-09-29,17 件火災後軌跡的條件組合分析（探索性）,,
M19,method,The case-time-control design,Suissa S.,Epidemiology 1995,https://doi.org/10.1097/00001648-199505000-00010,RQ2;前導,CASE-TIME-CONTROL DESIGN|case-time-control design,verified,2026-09-29,RQ2 敏感度：以未失火名冊建物扣除全市事件頻率的時間趨勢；有自身假設（Suissa 1998 回應 Greenland 的反例），不取代主分析,,
M20,method,Nested Analysis as a Mixed-Method Strategy for Comparative Research,Lieberman E. S.,American Political Science Review 2005,https://doi.org/10.1017/s0003055405051762,研究設計,Nested Analysis,verified,2026-09-29,全台量化＋臺中深度個案的巢狀設計：量化結果引導個案選擇，個案檢驗量化結果的合理性,,
M21,method,How to Conduct a Mixed Methods Study: Recent Trends in a Rapidly Growing Literature,Small M. L.,Annual Review of Sociology 2011,https://doi.org/10.1146/annurev.soc.012809.102657,研究設計,Mixed Methods,verified,2026-09-29,社會學的混合方法：混合資料蒐集與混合分析策略,,
M22,method,Capture-Recapture Methods in Epidemiology: Methods and Limitations,Hook E. B.; Regal R. R.,Epidemiologic Reviews 1995,https://doi.org/10.1093/oxfordjournals.epirev.a036192,停用;全台案例,Capture-Recapture,verified,2026-09-29,以多份不完整名單的重疊推估案例總數與漏報；名單不獨立時偏誤，只作敏感度,,
T01,technique,A theory for record linkage,Fellegi I. P.; Sunter A. B.,JASA 1969,https://doi.org/10.1080/01621459.1969.10501049,地號;母體,Record Linkage,verified,2026-09-28,地號跨年度與改名段別的比對（以地號＋面積配對）,,
T02,technique,臺中市宗地地號視中心坐標,臺中市政府地政局,開放資料,https://data.gov.tw/dataset/84121,地號,宗地地號視中心坐標,verified,2026-09-28,與 GIS 門牌坐標取最近宗地，可自動推算名冊外案例的候選地號（取代逐筆查地籍圖）,,
T03,technique,臺中市 GIS 門牌號碼（93 年版，原臺中市）,臺中市政府民政局,民國93年,https://data.gov.tw/dataset/121046,地號;母體,GIS門牌號碼,verified,2026-09-28,歷史門牌坐標；另有 91、92、99、101、102 年與 106 年起各季、各月版本,,
T04,technique,Building Chinese Affective Resources in Valence-Arousal Dimensions,Yu L.-C. et al.,NAACL 2016,https://doi.org/10.18653/v1/n16-1066,RQ3,Chinese Affective Resources,verified,2026-09-29,中文效價—喚起詞典（CVAW）；情緒性分析的自動輔助，人工編碼為準,,
D01,data,文化資產局開放資料 API,文化部文化資產局,,https://data.boch.gov.tw/,母體;文資程序,Swagger,verified,2026-09-28,名冊、公告、所有權人、沿革,,
D02,data,臺中市文化資產一覽表,臺中市政府文化局,開放資料,https://data.gov.tw/dataset/83866,母體,文化資產一覽表,verified,2026-09-28,與文資局名冊交叉核對,,
D03,data,臺中市各級古蹟概況,臺中市政府文化局,開放資料,https://data.gov.tw/dataset/87828,母體,古蹟概況,verified,2026-09-28,分母的官方統計,,
D04,data,臺中市歷史建築概況,臺中市政府文化局,開放資料,https://data.gov.tw/dataset/87830,母體,歷史建築概況,verified,2026-09-28,分母的官方統計,,
D05,data,臺中市文化資產處網站,臺中市文化資產處,,https://www.tchac.taichung.gov.tw/,文資程序;火災後軌跡,臺中市文化資產處,verified,2026-09-28,個案頁、審議會紀錄,,
D06,data,115年臺中市公告土地現值及公告地價,臺中市政府地政局,開放資料（另有 95、99–114 年各年資料集）,https://data.gov.tw/dataset/176410,地價,公告土地現值,verified,2026-09-28,歷年公告土地現值的來源；各年度為不同資料集,,
D07,data,95年臺中市公告土地現值,臺中市政府地政局,開放資料,https://data.gov.tw/dataset/177547,地價,95年臺中市公告土地現值,verified,2026-09-28,段小段為代碼、無行政區，需段代碼對照表才能接上,,
D08,data,臺中市公告地價與公告土地現值資料服務,內政部地政司,API,https://data.gov.tw/dataset/163142,地價,公告地價與公告土地現值資料服務,verified,2026-09-28,各段最近一期地價（非歷年）,,
D09,data,臺中市歷年公告土地現值漲跌幅表,臺中市政府地政局,民國101年起,https://data.gov.tw/dataset/147160,地價,漲跌幅,verified,2026-09-28,行政區層級的調整幅度；標準化的交叉檢查,,
D10,data,臺中市地政局地價查詢,臺中市政府地政局,,https://landquery.taichung.gov.tw/query/rwd/valueprice.jsp,地價,公告土地現值,verified,2026-09-28,2000–2009 年逐筆查詢（無開放資料）,,
D11,data,內政部不動產交易實價查詢服務網,內政部地政司,2012 年起,https://lvr.land.moi.gov.tw/,地價,實價查詢,verified,2026-09-28,地價的市場面交叉檢查,,
D12,data,內政部實價登錄開放資料下載,內政部地政司,2012 年起,https://plvr.land.moi.gov.tw/DownloadOpenData,地價,實際資訊,verified,2026-09-28,批次下載,,
D13,data,臺中市不動產實價登錄資訊（106–109 年買賣案件）,臺中市政府地政局,開放資料,https://data.gov.tw/dataset/138834,地價,實價登錄,verified,2026-09-28,另有 110 年後買賣案件（103038）,,
D14,data,臺中市都市計畫圖（GIS）最新版,臺中市政府都市發展局,開放資料,https://data.gov.tw/dataset/126737,建物特徵;政策事件,都市計畫圖,verified,2026-09-28,使用分區、劃設日期、容積率；另有 85 年典藏版（162895）與 105、106 年版,,
D15,data,臺中市都市計畫圖 GIS 檔案（85 年度典藏版）,臺中市政府數位發展局,民國85年,https://data.gov.tw/dataset/162895,建物特徵;政策事件,85年度典藏版,verified,2026-09-28,早年使用分區,,
D16,data,臺中市都市更新重建類案件,臺中市政府都市發展局,開放資料,https://data.gov.tw/dataset/84896,RQ2;政策事件,都市更新,verified,2026-09-28,都更事件時間軸；另有辦理進度（83957）與核定成果（83956）,,
D17,data,臺中市都市更新辦理進度,臺中市政府都市發展局,開放資料,https://data.gov.tw/dataset/83957,RQ2;政策事件,都市更新辦理進度,verified,2026-09-28,,,
D18,data,臺中市重劃區及區段徵收區範圍圖,臺中市政府地政局,開放資料,https://data.gov.tw/dataset/130073,RQ2;政策事件,重劃區,verified,2026-09-28,,,
D19,data,臺中市市地重劃成果表,臺中市政府地政局,開放資料,https://data.gov.tw/dataset/84966,政策事件,市地重劃成果,verified,2026-09-28,,,
D20,data,臺中市都市發展局都市計畫公告,臺中市政府都市發展局,,https://www.ud.taichung.gov.tw/,政策事件,都市發展局,verified,2026-09-28,都市計畫變更逐案公告；逐案資料集也在 data.gov.tw,,
D21,data,臺中市航照正射影像（歷年彙整版）,臺中市政府數位發展局,87、91、94、97 年,https://data.gov.tw/dataset/106638,火災後軌跡;2026使用現況,正射影像,verified,2026-09-28,火災前後原址變化,,
D22,data,國土測繪圖資服務雲,內政部國土測繪中心,,https://maps.nlsc.gov.tw/,火災後軌跡;2026使用現況,國土測繪圖資服務雲,verified,2026-09-28,歷年航照與地形圖,,
D23,data,中央研究院臺中市百年歷史地圖,中央研究院人社中心 GIS 專題中心,,https://gissrv4.sinica.edu.tw/gis/taichung.aspx,建物特徵;火災後軌跡,中央研究院,verified,2026-09-28,日治以來的地圖套疊,,
D24,data,臺中市火災次數按起火原因分,臺中市政府消防局,開放資料,https://data.gov.tw/dataset/88009,前導;火災,起火原因,verified,2026-09-28,全市火災的基準（非古蹟）；另有按起火處所（88008）、分類及時間（117937）、死傷損失（103702）,,
D25,data,臺中市火災次數分類及時間,臺中市政府消防局,開放資料,https://data.gov.tw/dataset/117937,前導;火災,火災次數分類及時間,verified,2026-09-28,,,
D26,data,臺中市政府消防局網站,臺中市政府消防局,,https://www.fire.taichung.gov.tw/,火災,消防局,verified,2026-09-28,原統計頁 statistics1/index.asp 已失效（2026-09-28 回傳錯誤頁）；統計改用 D24、D25 開放資料,,
D27,data,內政部消防署資訊公開,內政部消防署,,https://www.nfa.gov.tw/cht/index.php?code=list&ids=220,火災,消防署,verified,2026-09-28,全國火災統計與起火原因分類,,
D28,data,司法院裁判書查詢,司法院,,https://judgment.judicial.gov.tw/FJUD/default.aspx,火災,裁判書,verified,2026-09-28,放火、失火判決（例如一福堂）,,
D29,data,臺中市議會,臺中市議會,,https://www.tccc.gov.tw/,RQ1;閒置狀態,臺中市議會,verified,2026-09-28,議員質詢與公報,,
D30,data,臺中市建築執照存根查詢系統,臺中市政府都市發展局,,https://mcgbm.taichung.gov.tw/bupic/preLoginFormAction.do,火災後軌跡,建築執照存根查詢系統,verified,2026-09-28,原址重建與拆除,,
D31,data,建築物建造執照及使用執照（全國統計）,內政部國土管理署,開放資料,https://data.gov.tw/dataset/20928,火災後軌跡,建造執照,verified,2026-09-28,,,
D32,data,政府研究資訊系統 GRB,國家科學及技術委員會,,https://www.grb.gov.tw/,計畫規範;文獻,政府研究資訊系統,verified,2026-09-28,已通過的相關研究計畫,,
D33,data,臺灣博碩士論文知識加值系統,國家圖書館,,https://ndltd.ncl.edu.tw/,文獻,博碩士論文,verified,2026-09-28,國內相關論文,,
D34,data,內政部內政統計查詢網：內政統計月報（地政、消防）,內政部,近10年；更早年度見歷史內政統計月報,https://statis.moi.gov.tw/micst/webMain.aspx?k=menum,地價;火災,內政統計月報,verified,2026-09-29,,,
D35,data,臺中市政府資料開放平台,臺中市政府,,https://opendata.taichung.gov.tw/,資料取得,資料開放平臺,verified,2026-09-28,,,
D36,data,聯合知識庫,聯合報系,訂閱制,https://udndata.com/,RQ1;RQ3;2000–2005案例,聯合知識庫,manual,2026-09-30,「古蹟自燃」逐年命中數與早年案例；網站擋程式讀取（403），2026-09-30 以瀏覽器確認首頁標題為聯合知識庫,,
D37,data,台灣文化資產失火、破壞列表（Google 我的地圖）,公開協作地圖（維護者未具名）,2026-09-29 匯出：火災 146、縱火 10、破壞 151 筆；2020 年後幾乎未更新,https://www.google.com/maps/d/kml?mid=11yl4gOQPCqLQGVoHlwjy6zcOK70&forcekml=1,背景;全台案例,文化資產失火,verified,2026-09-29,使用者提供（2026-09-29）；參考欄只有文字沒有連結，逐案要重新查證；2026-09-29 匯出 KML,,
D38,data,全能古蹟燒毀王（圖文不符，2017）,圖文不符,2017,https://shaohui.simpleinfo.cc/more/,RQ2;全台案例,全能古蹟燒毀王,verified,2026-09-29,使用者提供（2026-09-29）；資料來源即 D37 的列表（當時火災 86、破壞 41 件）；原始資料檔 jsoncms.simpleinfo.tw 已無法解析；頁面「古蹟自燃？還不都因為都更！」可作 RQ4 論述樣本,,
D39,data,政府資料開放平臺資料集目錄匯出,國家發展委員會,2026-09-29 匯出,https://data.gov.tw/datasets/export/csv,地價;全台可行性,資料集識別碼,verified,2026-09-29,用來盤點各縣市公告土地現值開放資料的年份涵蓋（全台擴大可行性評估）,,
P01,literature,The impact of historic district designation on property values: an empirical study,,Economic Development Quarterly 1991,https://doi.org/10.1177/089124249100500402,地價;文獻,Historic District Designation,verified,2026-09-28,,,
P02,literature,Gracing the land of Elvis and Beale Street: historic designation and property values in Memphis,,Real Estate Economics 2005,https://doi.org/10.1111/j.1540-6229.2005.00127.x,地價;文獻,Historic Designation,verified,2026-09-28,,,
P03,literature,Substitutability and complementarity of urban amenities: external effects of built heritage in Berlin,Ahlfeldt G.; Maennig W.,Real Estate Economics 2010,https://doi.org/10.1111/j.1540-6229.2010.00268.x,地價;文獻,Built Heritage,verified,2026-09-28,,,
P04,literature,Preserving history or restricting development? Historic districts in New York City,Been V. et al.,Journal of Urban Economics 2016,https://doi.org/10.1016/j.jue.2015.12.002,地價;文獻;H3,Preserving history,verified,2026-09-28,文資身分對開發的限制與地價的異質效果,,
P05,literature,Assessing different measures of fire risk for Cultural World Heritage Sites,Falk M.; Hagsten E.,Heritage Science 2023,https://doi.org/10.1186/s40494-023-01026-y,RQ2;文獻,fire risk for Cultural World Heritage,verified,2026-09-29,346 處歐洲世界遺產的火災風險（Probit／Fractional Probit）；單位數多才可迴歸，本研究只能描述＋精確法,,
P06,literature,"Arson, Urban Economy, and Organized Crime: The Case of Boston",Brady J.,Social Problems 1983,https://doi.org/10.2307/800406,RQ2;文獻,"Arson, Urban Economy",verified,2026-09-29,縱火牟利與銀行、保險政策的連結；RQ2 應蒐集的事件類型（產權、融資、保險）,,
P07,literature,"A synergism of plagues: ""Planned shrinkage,"" contagious housing destruction, and AIDS in the Bronx",Wallace R.,Environmental Research 1988,https://doi.org/10.1016/s0013-9351(88)80018-5,RQ2;文獻,synergism of plagues,verified,2026-09-29,市政服務縮減（計畫性收縮）與住宅火災、棄置的傳染式擴散；政策作為火災的上游條件,,
P08,literature,"Proximity to vacant buildings is associated with increased fire risk in Baltimore, Maryland, homes",Schachterle S. E. et al.,Injury Prevention 2012,https://doi.org/10.1136/injuryprev-2011-040022,RQ2;文獻,vacant buildings,verified,2026-09-29,空屋比例與火災率（隨機效果 Poisson）；閒置是必須控制的混淆變項,,
P09,literature,Temporal and geographic clustering of residential structure fires,Wuschke K.; Clare J.; Garis L.,Fire Safety Journal 2013,https://doi.org/10.1016/j.firesaf.2013.07.003,RQ2;文獻,clustering of residential structure fires,verified,2026-09-29,住宅火災的時空聚集；同址重複火災（台鐵宿舍群）要當同一建物的多次事件處理,,
P10,literature,Rising sea levels and sinking property values: Hurricane Sandy and New York's housing market,Ortega F.; Taşpınar S.,Journal of Urban Economics 2018,https://doi.org/10.1016/j.jue.2018.06.005,前導;文獻,Rising sea levels and sinking property values,verified,2026-09-29,受損與未受損地號分開估計、逐年追蹤；支持加入相鄰地號對照,,
P11,literature,Hurricane Iniki: measuring the long-term economic impact of a natural disaster using synthetic control,Coffman M.; Noy I.,Environment and Development Economics 2012,https://doi.org/10.1017/s1355770x11000350,停用;文獻,Hurricane Iniki,verified,2026-09-29,單一受災單位的合成控制；本研究用於火災前期長的個案,,
P12,literature,Measuring Price Effects from Disasters Using Public Data,Contat J. C.; Doerner W. M.; Renner R. N.; Rogers M. J.,FHFA Staff Working Paper 24-04,https://www.fhfa.gov/document/wp2404.pdf,前導;文獻,Measuring Price Effects from Disasters,verified,2026-09-29,以公開資料做災後價格的事件研究與 DiD 框架,,
P13,literature,Wildfire and house prices: A synthetic control case study of Altadena (Jan 2025),Sun Y.,arXiv 2510.22817 (2025),https://arxiv.org/abs/2510.22817,停用;文獻,Wildfire and house prices,verified,2026-09-29,單一地區火災後房價的合成控制與 RMSPE 比值推論,,
P14,literature,The politics of urban regime contention: A qualitative comparative analysis of 18 Spanish cases,Bua A.,Urban Studies 2026,https://doi.org/10.1177/00420980251405755,停用;文獻,qualitative comparative analysis of 18,verified,2026-09-29,18 個都市個案的 fsQCA；小樣本條件組合分析的應用範例,,
P15,literature,Institutional Collective Actions for Culture and Heritage-Led Urban Regeneration: A Qualitative Comparative Analysis,Piperno A.; Iaione C.; Kappler L.,Sustainability 2023,https://doi.org/10.3390/su15118521,停用;文獻,Heritage-Led Urban Regeneration,verified,2026-09-29,16 個文資導向都市再生個案的 QCA；與本研究主題最接近的 QCA 應用,,
P16,literature,The Razor Blade in the Apple: The Social Construction of Urban Legends,Best J.; Horiuchi G. T.,Social Problems 1985,https://doi.org/10.2307/800777,RQ1;RQ2;文獻,Razor Blade in the Apple,verified,2026-09-29,1958–1983 新聞報導逐年檢視，對照實際案件，說明說法被誇大；RQ4 的直接範本,,
P17,literature,Urban Fortunes: The Political Economy of Place,Logan J. R.; Molotch H. L.,University of California Press（20 週年版 2007）,https://doi.org/10.1525/9780520934573,RQ2;理論,Urban Fortunes,verified,2026-09-29,成長機器理論；使用價值與交換價值的衝突：「古蹟自燃」說法所隱含的機制,,
P18,literature,金權城市：地方派系、財團與臺北都會發展的社會學分析,陳東升,巨流 1995,https://scholars.lib.ntu.edu.tw/handle/123456789/430483,理論;文獻,金權城市,verified,2026-09-29,臺灣土地開發政治的社會學經典；本土化的成長機器分析,,
P19,literature,Constructing Social Problems,Spector M.; Kitsuse J. I.,Routledge 2017 重印（原 1977）,https://doi.org/10.4324/9781315080512,RQ1;理論,Constructing Social Problems,verified,2026-09-29,社會問題建構論：研究宣稱（claims-making）活動本身，而非預設問題的客觀狀態,,
P20,literature,Folk Devils and Moral Panics,Cohen S.,Routledge Classics 2011,https://doi.org/10.4324/9780203828250,RQ3;理論,Folk Devils and Moral Panics,verified,2026-09-29,道德恐慌：情緒化反應、誇大與指認加害者；對照「古蹟自燃」論述的情緒性,,
P21,literature,Crime and Punishment: An Economic Approach,Becker G. S.,Journal of Political Economy 1968,https://doi.org/10.1086/259394,RQ2;理論;懲罰,Crime and Punishment,verified,2026-09-30,犯罪的預期成本（被抓機率×刑度）與獲利比較；第 5 版懲罰評估中「與潛在獲利的比較」（描述性）,,
P22,literature,Deterrence in the Twenty-First Century,Nagin D. S.,Crime and Justice 2013,https://doi.org/10.1086/670398,RQ2;理論;懲罰,Deterrence in the Twenty-First Century,verified,2026-09-30,被抓到的機率比刑度更有嚇阻效果；第 5 版懲罰評估納入確定性（查獲、起訴、判決比例）的依據,,
P23,literature,The Basic Psychology of Rumor,Allport G. W.; Postman L.,Transactions of the New York Academy of Sciences 1945,https://doi.org/10.1111/j.2164-0947.1945.tb00216.x,RQ1;理論,Basic Psychology of Rumor,verified,2026-09-30,謠言強度＝重要性 × 曖昧性；「原因不明」即曖昧性，第 6 版主軸的機制,,
P24,literature,Improvised News: A Sociological Study of Rumor,Shibutani T.,Bobbs-Merrill 1966,https://openlibrary.org/works/OL19363853W.json,RQ1;理論,Improvised News,verified,2026-09-30,謠言是正式消息管道失靈時的集體解釋；起火原因沒有官方結論時說法填補空缺,,
P25,literature,Threatened Children: Rhetoric and Concern about Child-Victims,Best J.,University of Chicago Press 1990,https://press.uchicago.edu/ucp/books/book/chicago/T/bo3774502.html,RQ1;理論;方法,Threatened Children,verified,2026-09-30,宣稱分析的範本：宣稱者的修辭工具、媒體如何轉述,,
P26,literature,Rumor Mills: The Social Impact of Rumor and Legend,Fine G. A.; Campion-Vincent V.; Heath C.（編）,Routledge 2017 重印（原 Aldine Transaction 2005）,https://doi.org/10.4324/9781315128795,RQ1;理論,Rumor Mills,verified,2026-09-30,謠言與社會問題（貪腐、企業不法）並存；說法作為社會不信任的指標,,
P27,literature,Demolition by Neglect,"Muratore R.（National Trust of Australia, Victoria）",報告 2013,https://www.nationaltrust.org.au/wp-content/uploads/2015/09/DemolitionbyNeglect_ReneeMuratore_for_NTAV_Sept_2013.pdf,RQ2;理論;對立解釋,Demolition by Neglect,verified,2026-09-30,放任荒廢：個案、訪談與實地；第 6 版對立解釋,,
P28,literature,GIS-based framework for assessing neglect in the historic built environment,Newman G.; Kim B.,WIT Transactions on Ecology and the Environment 2014,https://doi.org/10.2495/sc140952,RQ2;方法;對立解釋,assessing neglect,verified,2026-09-30,以屋齡、狀況、價值、改建程度、土地使用變化評估荒廢；閒置分層的操作化參考,,
P29,literature,Four Imperatives for Preventing Demolition by Neglect,Newman G.; Saginor J.,Journal of Urban Design 2014,https://doi.org/10.1080/13574809.2014.943705,理論;對立解釋,Demolition by Neglect,verified,2026-09-30,放任荒廢的定義與制度成因,,
P30,literature,Tinderbox City,Gillan A.（London Review of Books blog）,2026-03-19,https://www.lrb.co.uk/blog/2026/march/tinderbox-city,文獻;範圍比較,Tinderbox,verified,2026-09-30,格拉斯哥 2000 年來 42 棟重要建物燒毀（引 Glasgow Bell）；保險詐欺、為開發清地、新建免加值稅等說法，無逐案查證；同型說法的國外例子,,
P31,literature,Tinderbox: a map of Glasgow's many fires,Glasgow Bell,線上新聞,https://www.glasgowbell.co.uk/tinderbox-fire-glasgow-burning-building/,文獻;範圍比較,Tinderbox,verified,2026-09-30,格拉斯哥 2000 年來 42 棟重要非住宅建物燒毀的地圖（P30 引用的原始統計）,,
P32,literature,Historic buildings prove special target for arson,The Christian Science Monitor,1982-05-21,https://www.csmonitor.com/1982/0521/052135.html,文獻;範圍比較,Historic buildings prove special target,verified,2026-09-30,報導美國 National Trust 對歷史建築縱火的調查：動機含報復、牟利、拆除受限、破壞,,
P33,literature,"Colloquium Talk: Race, Politics, the Media and the Burning of Black Churches in the U.S., 1996-2001","McAdam D.（University of Michigan, Department of Sociology 演講公告）",2013-04,https://prod.lsa.umich.edu/soc/news-events/all-events/archived-events/2013/04/colloquium-talk.html,文獻;範圍比較,Colloquium Talk,verified,2026-09-30,只有演講介紹，未找到正式出版的論文，只作背景，不直接引用結論,,
P34,literature,Buildings at Risk Register,Historic Environment Scotland,1990–2024（2024 年起停止更新）,https://historicenvironment.scot/advice-and-support/planning-and-guidance/buildings-at-risk-register,文獻;範圍比較,Buildings at Risk Register,verified,2026-09-30,閒置、失修、火損建物的全國登錄；閒置狀態作風險基準的參考,,
P35,literature,'Menacing Youth' and 'Broken Families': A Critical Discourse Analysis of the Reporting of the 2011 English Riots in the Daily Express Using Moral Panic Theory,Nijjar J.,Sociological Research Online 2015,https://doi.org/10.5153/sro.3793,文獻;範圍比較;RQ3,Menacing Youth,verified,2026-09-30,單一報紙的道德恐慌論述分析；全國語料規模的參考,,
P36,literature,臺灣私有文化資產保存的衝突與實作：以鹿港的常民老建築保存運動為例,郭韶桓（國立臺灣大學社會學系碩士論文，指導教授陳東升）,2024,https://tdr.lib.ntu.edu.tw/handle/123456789/96277,文獻;範圍比較,鹿港,verified,2026-09-30,單一地方的保存運動研究；臺灣單人社會學研究的範圍參考,,
P37,literature,臺北市溫州街、青田街社區文化資產保存工作之探討,郭麗雪（國立臺灣師範大學社會教育學系碩士論文，指導教授柯正峯）,2007,https://etds.lib.ntnu.edu.tw/thesis/detail/2216150e9fd2ddd2d7a5c045bb8ed333,文獻;範圍比較,溫州街,verified,2026-09-30,紮根理論、深度訪談的社區文資保存研究,,
P38,literature,社區營造與文化遺產的保留：以淡水老街社區營造運動為例,芮婉涓（國立政治大學亞太研究英語碩士學位學程碩士論文，指導教授湯京平）,2020,https://thesis.lib.nccu.edu.tw/detail/11bc8325d6c5a18c213675b20dfd7065/,文獻;範圍比較,淡水老街,verified,2026-09-30,單一社區的文資保存研究,,
G17,guideline,東海大學社會科學院社會學系張安路博士社會問題研究獎學金辦法,東海大學社會學系,民國115年04月15日系務會議通過,https://thusoc.edusitebase.com/wp-content/uploads/%E5%BC%B5%E5%AE%89%E8%B7%AF%E5%8D%9A%E5%A3%AB%E7%A4%BE%E6%9C%83%E5%95%8F%E9%A1%8C%E7%A0%94%E7%A9%B6%E7%8D%8E%E5%AD%B8%E9%87%91%E8%BE%A6%E6%B3%95.pdf,計畫書撰寫;成果報告,社會問題研究獎學金,verified,2026-09-30,"第三至七條：本系大學部與碩博士生組 3–6 人團隊、本系專任教師指導；每學年第一學期開學一週內報名；三階段：提案海報每組 5,000 元（8 組）、期中書面報告每組 10,000 元、期末深度報導與海報評選（第一名 50,000、第二名 30,000、第三名 20,000、佳作兩組各 10,000 元；媒體發表或公開策展特別獎兩組各 15,000 元）；提案者須全程參加工作坊",,
LR15,local_rule,臺中市簡化評定房屋標準價格及房屋現值作業要點,臺中市政府（地方稅務局）,現行版本,https://www.tax.taichung.gov.tw/media/3cdiog4f/7749241340.pdf,建築分類,加強磚造,verified,2026-09-30,第五點：未領建造執照者的構造別認定，列鋼骨造至竹造等 13 類並附定義；磚造、石造、土造的樑或屋架大部分為木造或竹造,,
G18,guideline,令和6年 山形県消防年報 火災（依総務省消防庁「火災報告取扱要領」）,山形県,令和6年,https://www.pref.yamagata.jp/documents/1777/r6kasai.pdf,建築分類,全焼,verified,2026-09-30,燒損程度：全焼（損害額達火災前評價額 70% 以上，或未達但殘存部分修補後無法再使用）、半焼（20% 以上）、部分焼（未達 20%）、ぼや（未達 10% 且燒損面積未達 1 平方公尺，或只燒收容物）；臺灣消防機關未公開同類定義,,
P41,literature,Buildings at Risk Register: FAQ,Historic Environment Scotland,線上說明,http://www.buildingsatrisk.org.uk/faq,建築分類,Restoration in Progress,verified,2026-09-30,登錄狀態：At Risk、Restoration in Progress、Saved、Demolished；風險等級 Critical、High、Moderate、Low、Minimal；火災受損是列入條件之一,,
M23,method,Using thematic analysis in psychology,Braun V.; Clarke V.,Qualitative Research in Psychology 2006,https://doi.org/10.1191/1478088706qp063oa,RQ1,thematic analysis,verified,2026-10-06,訪談逐字稿的主題分析（第 8 版的關鍵報導人訪談）,,
M24,method,The Key Informant Technique: A Nonethnographic Application,Tremblay M.-A.,American Anthropologist 1957,https://doi.org/10.1525/aa.1957.59.4.02a00100,RQ1,Key Informant,verified,2026-10-06,關鍵報導人的選擇與使用（第 8 版的訪談對象）,,
P42,literature,製造「防疫破口」者是社會的害群之馬？污名過程的社會生成機制之論述,中山醫學大學醫學社會暨社會工作學系（國科會大專學生研究計畫 112-2813-C-040-002-H，指導教授黃敏原）,2023,https://wsts.nstc.gov.tw/STSWeb/Award/AwardMultiQuery.aspx,研究動機;先例,防疫破口,manual,2026-10-06,同學門（H17 社會學）已核定先例：說法與污名的社會建構、以訪談為主。查詢系統沒有逐筆網址：在查詢頁選學門 H17、年度 112，依計畫編號查詢；成果報告 2026-10-06 已下載細讀,,
P43,literature,都市更新可行與否？以地價視角檢視影響因子,國立政治大學地政學系（國科會大專學生研究計畫 113-2813-C-004-068-H，指導教授陳奉瑤）,2024,https://wsts.nstc.gov.tw/STSWeb/Award/AwardMultiQuery.aspx,P3;先例,都市更新可行與否,manual,2026-10-06,H22 已核定先例：以申請前 3、5 年公告土地現值變動率檢驗都更是否推動，是本研究地價事實基準（P3）的方法先例。查詢系統沒有逐筆網址：在查詢頁選學門 H22、年度 113，依計畫編號查詢；成果報告 2026-10-06 已下載細讀,,
M25,method,Generating Research Questions through Problematization,Alvesson M.; Sandberg J.,Academy of Management Review 2011,https://doi.org/10.5465/amr.2011.59330882,研究動機;先例,PROBLEMATIZATION,verified,2026-10-06,區分找文獻缺口（gap-spotting）與挑戰既有假設的問題化（problematization）兩種提出研究問題的方式；用來解讀通過計畫的前言怎麼從現象走到問題,,
P44,literature,Ontological Gerrymandering: The Anatomy of Social Problems Explanations,Woolgar S.; Pawluch D.,Social Problems 1985,https://doi.org/10.2307/800680,理論;研究倫理,Ontological Gerrymandering,verified,2026-10-06,批評社會問題建構論只對部分說法認定客觀事實、對其他說法存而不論（本體論挑揀）；本研究同時做宣稱分析與說法—事實對照，須說明立場,,
P45,literature,But Seriously Folks: The Limitations of the Strict Constructionist Interpretation of Social Problems,Best J.,Reconsidering Social Constructionism（Holstein J. A.; Miller G. 編，原 1993；Routledge 2017 重印）,https://doi.org/10.4324/9781315128153-7,理論,But Seriously Folks,verified,2026-10-06,情境建構論（contextual constructionism）：研究宣稱的同時，可以用可查證的官方或其他紀錄評估宣稱；本研究的立場依據,,
P46,literature,The Forms of Capital,Bourdieu P.,Readings in Economic Sociology（Biggart N. W. 編，Blackwell 2002；原 1986）,https://doi.org/10.1002/9780470755679.ch15,反身性;RQ1,The Forms of Capital,verified,2026-10-06,經濟、文化、社會資本；用於研究者位置揭露（研究訓練、對文資論述的熟悉與接觸管道）與提出說法者的發言位置,,
P47,literature,Vernacular Constituents of Moral Discourse: An Interactionist Proposal for the Study of Social Problems,Ibarra P. R.; Kitsuse J. I.,Constructionist Controversies（Miller G.; Holstein J. A. 編，原 1993；Routledge 2017 重印）,https://doi.org/10.4324/9781315080505-2,RQ1;編碼表,Vernacular Constituents of Moral Discourse,verified,2026-10-06,宣稱的修辭慣用語（失去、權利、危害、不理性、災難等）與動機語彙；可作為編碼表「修辭」類別的依據,,
P48,literature,The Rise and Fall of Social Problems: A Public Arenas Model,Hilgartner S.; Bosk C. L.,American Journal of Sociology 1988,https://doi.org/10.1086/228951,RQ1,Public Arenas Model,verified,2026-10-06,社會問題在新聞、議會、行政等公共場域之間競爭有限的注意力；用來比較說法在哪些場域出現、在哪些場域沉默,,
G19,guideline,"Recommendations for the Conduct, Reporting, Editing, and Publication of Scholarly Work in Medical Journals（AI 部分）",International Committee of Medical Journal Editors（ICMJE）,現行版本,https://www.icmje.org/icmje-recommendations.pdf,生成式AI,Assisted Technology,verified,2026-10-07,AI 與聊天機器人不得列為作者；作者揭露使用並對內容負責；審查與編輯不得把稿件上傳 AI 以免違反保密,,
G20,guideline,Generative AI policies for journals,Elsevier,現行版本,https://www.elsevier.com/about/policies-and-standards/generative-ai-policies-for-journals,生成式AI,AI-assisted technologies,verified,2026-10-07,作者在參考文獻前另立「生成式 AI 使用聲明」；AI 不得列為作者；作者負全責,,
G21,guideline,The use of generative AI and AI-assisted technologies in the review process,Elsevier,現行版本,https://www.elsevier.com/about/policies-and-standards/the-use-of-generative-ai-and-ai-assisted-technologies-in-the-review-process,生成式AI,Reviewers should not upload,verified,2026-10-07,審查者與編輯不得把稿件任何部分上傳生成式 AI；保密及於審查意見,,
G22,guideline,Artificial Intelligence Policy（journals）,Sage Publishing,現行版本,https://www.sagepub.com/journals/publication-ethics-policies/artificial-intelligence-policy,生成式AI,AI assistance,verified,2026-10-07,語言輔助不需揭露；影響方法、分析、結果或結論的 AI 產出要在投稿時揭露；不得以提示詞產生資料或整篇稿件,,
G23,guideline,Artificial Intelligence (AI) editorial policies,Nature Portfolio,現行版本（風險分級框架）,https://www.nature.com/nature-portfolio/editorial-policies/ai,生成式AI,Delegating peer review,verified,2026-10-07,依風險分級：潤飾語言可，需揭露；未揭露即以 AI 產生核心研究推論、把 AI 列為作者或負責人、把審查交給 AI，均禁止,,
G24,guideline,Authorship and AI tools（COPE position statement）,Committee on Publication Ethics（COPE）,2023,https://publicationethics.org/guidance/cope-position/authorship-and-ai-tools,生成式AI,AI tools,manual,2026-10-08,AI 不能負責，不得列為作者；在方法一節揭露用了什麼工具、怎麼用；作者對 AI 產生的部分負全責。網站擋程式讀取，2026-10-08 以瀏覽器確認標題、Last reviewed 2023-02-13、DOI 10.24318/cCVRZBms 與上述三點原文,,
G25,guideline,中央研究院使用生成式AI之參考指引,中央研究院,現行版本,https://sub.daais.sinica.edu.tw/download/中研院使用生成式AI之參考指引.pdf,生成式AI,人工檢核,verified,2026-10-07,AI 生成內容須人工檢核資訊、數據與引用；不得輸入個人資料、未公開研究成果、機密或未經同意公開的資料；使用要依學術慣例揭露；研究人員負完全責任,,
G26,guideline,《資訊社會研究》期刊人工智慧（AI）使用規範,《資訊社會研究》編輯委員會（陽明交通大學）,2026年1月12日編輯委員會討論通過,https://ccis.dcat.nycu.edu.tw/uploads/download/tw/資社AI使用規則.docx,生成式AI,使用規範,manual,2026-10-08,AI 不得列為作者；構思、分析、寫作與圖像使用 AI 要在方法或附錄揭露工具、版本、目的與範圍；只改文法拼字可不揭露；嚴禁直接引用 AI 生成的參考文獻；審查人不得用 AI 撰寫審查。網站憑證鏈不完整、程式讀不到，2026-10-08 以瀏覽器確認期刊官網檔案下載頁的名稱（2026/06/16 上架）並讀 docx 本文核對上述各點,,
